player_id,name,pro_team,pos,eligible,status,on_team_id,injury_status,pct_owned,pct_change,pct_started,adp,espn_rank,auction_value,keeper_value,lineup_locked,prev_gp,prev_fpts_avg,prev_PTS,prev_REB,prev_AST,prev_STL,prev_BLK,prev_3PM,prev_3PA,prev_TO,prev_FGM,prev_FGA,prev_FTM,prev_FTA,prev_OREB,prev_DREB,prev_DD,prev_TD,prev_MIN,prev_FG%,prev_FT%,l30_gp,l30_fpts_avg,l30_PTS,l30_REB,l30_AST,l30_STL,l30_BLK,l30_3PM,l30_3PA,l30_TO,l30_FGM,l30_FGA,l30_FTM,l30_FTA,l30_OREB,l30_DREB,l30_DD,l30_TD,l30_MIN,l30_FG%,l30_FT%,l15_gp,l15_fpts_avg,l15_PTS,l15_REB,l15_AST,l15_STL,l15_BLK,l15_3PM,l15_3PA,l15_TO,l15_FGM,l15_FGA,l15_FTM,l15_FTA,l15_OREB,l15_DREB,l15_DD,l15_TD,l15_MIN,l15_FG%,l15_FT%,l7_gp,l7_fpts_avg,l7_PTS,l7_REB,l7_AST,l7_STL,l7_BLK,l7_3PM,l7_3PA,l7_TO,l7_FGM,l7_FGA,l7_FTM,l7_FTA,l7_OREB,l7_DREB,l7_DD,l7_TD,l7_MIN,l7_FG%,l7_FT%,season_gp,season_fpts_avg,season_PTS,season_REB,season_AST,season_STL,season_BLK,season_3PM,season_3PA,season_TO,season_FGM,season_FGA,season_FTM,season_FTA,season_OREB,season_DREB,season_DD,season_TD,season_MIN,season_FG%,season_FT%,proj_gp,proj_fpts_avg,proj_PTS,proj_REB,proj_AST,proj_STL,proj_BLK,proj_3PM,proj_3PA,proj_TO,proj_FGM,proj_FGA,proj_FTM,proj_FTA,proj_OREB,proj_DREB,proj_DD,proj_TD,proj_MIN,proj_FG%,proj_FT%
5104157,Victor Wembanyama,SAS,C,C,ONTEAM,4,ACTIVE,99.93,0,99.53,3.1,4,60,1,False,64.0,,25.0,11.5,3.109,1.031,3.078,1.906,5.469,2.422,8.641,16.875,5.812,7.031,2.031,9.469,0.656,0.016,29.188,0.512,0.8267,0,,,,,,,,,,,,,,,,,,,,,0,,,,,,,,,,,,,,,,,,,,,0,,,,,,,,,,,,,,,,,,,,,0,,,,,,,,,,,,,,,,,,,,,67.0,,26.328,12.194,3.507,1.104,3.507,2.179,6.299,2.896,9.194,18.299,5.761,7.0,,,,,31.9,0.5024,0.823
3112335,Nikola Jokic,DEN,C,C,ONTEAM,8,ACTIVE,99.91,0,99.22,1.5,1,65,1,False,65.0,,27.677,12.862,10.723,1.415,0.815,1.723,4.538,3.738,9.908,17.415,6.138,7.385,2.954,9.908,0.846,0.523,34.846,0.5689,0.8313,0,,,,,,,,,,,,,,,,,,,,,0,,,,,,,,,,,,,,,,,,,,,0,,,,,,,,,,,,,,,,,,,,,0,,,,,,,,,,,,,,,,,,,,,72.0,,28.25,12.694,10.097,1.597,0.806,1.694,4.306,3.403,10.583,18.403,5.389,6.597,,,,,35.6,0.5751,0.8168
4278073,Shai Gilgeous-Alexander,OKC,PG,PG,ONTEAM,6,ACTIVE,99.91,0,99.44,2.9,2,62,2,False,68.0,,31.132,4.294,6.588,1.397,0.765,1.691,4.382,2.221,10.75,19.426,7.941,9.029,0.559,3.735,0.118,0.0,33.265,0.5534,0.8795,0,,,,,,,,,,,,,,,,,,,,,0,,,,,,,,,,,,,,,,,,,,,0,,,,,,,,,,,,,,,,,,,,,0,,,,,,,,,,,,,,,,,,,,,76.0,,31.25,4.895,6.395,1.697,0.895,1.711,4.605,2.303,10.882,20.303,7.776,8.803,,,,,33.8,0.536,0.8834
4594268,Anthony Edwards,MIN,SG,SG/SF,ONTEAM,7,ACTIVE,99.91,0,99.13,7.2,8,56,3,False,61.0,,28.803,4.951,3.705,1.361,0.803,3.361,8.426,2.852,9.869,20.18,5.705,7.164,0.59,4.361,0.033,0.0,34.984,0.489,0.7963,0,,,,,,,,,,,,,,,,,,,,,0,,,,,,,,,,,,,,,,,,,,,0,,,,,,,,,,,,,,,,,,,,,0,,,,,,,,,,,,,,,,,,,,,72.0,,30.306,5.194,4.0,1.306,0.806,3.639,9.194,3.0,10.278,21.403,6.111,7.597,,,,,35.8,0.4802,0.8044
3945274,Luka Doncic,LAL,PG,PG,ONTEAM,1,ACTIVE,99.89,0,99.13,3.6,3,61,2,False,64.0,,33.484,7.734,8.281,1.641,0.531,3.969,10.844,3.984,10.828,22.766,7.859,10.078,0.641,7.094,0.531,0.125,35.828,0.4756,0.7798,0,,,,,,,,,,,,,,,,,,,,,0,,,,,,,,,,,,,,,,,,,,,0,,,,,,,,,,,,,,,,,,,,,0,,,,,,,,,,,,,,,,,,,,,68.0,,33.015,8.5,8.897,1.603,0.5,3.956,10.603,4.0,10.926,22.897,7.206,9.206,,,,,36.7,0.4772,0.7827
3032977,Giannis Antetokounmpo,MIA,PF,PF/C,ONTEAM,3,ACTIVE,99.86,0,98.59,5.8,5,59,4,False,36.0,,27.583,9.778,5.444,0.944,0.667,0.417,1.25,3.194,10.361,16.611,6.444,9.917,2.722,7.056,0.528,0.0,28.861,0.6237,0.6499,0,,,,,,,,,,,,,,,,,,,,,0,,,,,,,,,,,,,,,,,,,,,0,,,,,,,,,,,,,,,,,,,,,0,,,,,,,,,,,,,,,,,,,,,67.0,,32.06,11.403,6.299,1.104,0.806,0.493,1.507,3.701,12.045,19.299,7.478,11.507,,,,,33.6,0.6241,0.6498
4432166,Cade Cunningham,DET,PG,PG,ONTEAM,1,ACTIVE,99.85,-0.01,99.34,8.1,7,57,1,False,64.0,,23.922,5.547,9.906,1.438,0.844,1.953,5.719,3.688,8.562,18.578,4.844,5.969,0.875,4.672,0.594,0.047,33.938,0.4609,0.8115,0,,,,,,,,,,,,,,,,,,,,,0,,,,,,,,,,,,,,,,,,,,,0,,,,,,,,,,,,,,,,,,,,,0,,,,,,,,,,,,,,,,,,,,,69.0,,24.623,5.594,9.797,1.406,0.797,2.0,5.797,3.797,8.899,19.304,4.826,5.899,,,,,34.8,0.461,0.8182
3136195,Karl-Anthony Towns,NYK,C,C,ONTEAM,1,ACTIVE,99.85,0,99.02,21.0,22,37,3,False,75.0,,20.053,11.853,3.013,0.867,0.533,1.507,4.093,2.493,6.893,13.76,4.76,5.547,3.107,8.747,0.747,0.013,30.947,0.501,0.8582,0,,,,,,,,,,,,,,,,,,,,,0,,,,,,,,,,,,,,,,,,,,,0,,,,,,,,,,,,,,,,,,,,,0,,,,,,,,,,,,,,,,,,,,,70.0,,21.943,11.2,4.4,0.9,0.6,1.829,4.6,2.6,7.757,15.2,4.6,5.4,,,,,32.7,0.5103,0.8519
3908809,Donovan Mitchell,CLE,SG,PG/SG,ONTEAM,4,ACTIVE,99.84,0,98.8,11.3,10,54,2,False,70.0,,27.886,4.514,5.686,1.486,0.286,3.2,8.8,2.829,9.686,20.043,5.314,6.143,0.714,3.8,0.071,0.0,33.443,0.4833,0.8651,0,,,,,,,,,,,,,,,,,,,,,0,,,,,,,,,,,,,,,,,,,,,0,,,,,,,,,,,,,,,,,,,,,0,,,,,,,,,,,,,,,,,,,,,71.0,,26.789,4.803,5.704,1.606,0.296,3.324,9.099,2.606,9.254,19.901,4.958,5.803,,,,,33.9,0.465,0.8544
4431678,Tyrese Maxey,PHL,PG,PG/SG,ONTEAM,7,ACTIVE,99.83,0,99.17,12.6,12,52,4,False,70.0,,28.286,4.129,6.586,1.857,0.786,3.143,8.557,2.443,9.914,21.443,5.314,5.957,0.343,3.786,0.1,0.0,38.043,0.4624,0.8921,0,,,,,,,,,,,,,,,,,,,,,0,,,,,,,,,,,,,,,,,,,,,0,,,,,,,,,,,,,,,,,,,,,0,,,,,,,,,,,,,,,,,,,,,71.0,,24.831,3.507,5.803,1.606,0.606,2.817,7.803,2.099,8.704,19.099,4.606,5.197,,,,,34.2,0.4558,0.8862
4065648,Jayson Tatum,BOS,PF,SF/PF,ONTEAM,5,ACTIVE,99.81,0.01,98.91,9.1,9,55,11,False,16.0,,21.75,10.0,5.312,1.375,0.188,2.938,8.938,2.438,7.375,17.938,4.062,4.938,0.5,9.5,0.625,0.062,32.625,0.4111,0.8228,0,,,,,,,,,,,,,,,,,,,,,0,,,,,,,,,,,,,,,,,,,,,0,,,,,,,,,,,,,,,,,,,,,0,,,,,,,,,,,,,,,,,,,,,70.0,,26.7,8.6,5.8,1.1,0.5,3.371,9.7,2.8,9.129,20.1,5.071,6.2,,,,,36.2,0.4542,0.818
3202,Kevin Durant,HOU,PF,SF/PF,ONTEAM,2,ACTIVE,99.81,0.02,98.15,19.5,21,40,6,False,78.0,,25.974,5.462,4.769,0.795,0.91,2.385,5.769,3.154,9.179,17.641,5.231,5.987,0.526,4.936,0.09,0.0,36.423,0.5203,0.8737,0,,,,,,,,,,,,,,,,,,,,,0,,,,,,,,,,,,,,,,,,,,,0,,,,,,,,,,,,,,,,,,,,,0,,,,,,,,,,,,,,,,,,,,,72.0,,24.986,5.597,4.403,0.806,1.0,2.264,5.403,3.0,9.0,17.194,4.722,5.5,,,,,34.6,0.5234,0.8586
3934672,Jalen Brunson,NYK,PG,PG,ONTEAM,4,ACTIVE,99.8,0,98.58,13.1,13,50,4,False,74.0,,26.041,3.338,6.797,0.77,0.108,2.635,7.135,2.365,9.311,19.932,4.784,5.689,0.419,2.919,0.162,0.0,35.081,0.4671,0.8409,0,,,,,,,,,,,,,,,,,,,,,0,,,,,,,,,,,,,,,,,,,,,0,,,,,,,,,,,,,,,,,,,,,0,,,,,,,,,,,,,,,,,,,,,72.0,,26.917,3.306,6.903,0.903,0.097,2.611,6.806,2.403,9.514,20.0,5.278,6.306,,,,,35.3,0.4757,0.837
5041939,Cooper Flagg,DAL,SF,SF/PF,ONTEAM,2,ACTIVE,99.79,0,97.27,17.3,24,34,5,False,70.0,,21.043,6.657,4.514,1.2,0.914,1.029,3.486,2.3,7.986,17.057,4.043,4.886,1.229,5.429,0.186,0.0,33.557,0.4682,0.8275,0,,,,,,,,,,,,,,,,,,,,,0,,,,,,,,,,,,,,,,,,,,,0,,,,,,,,,,,,,,,,,,,,,0,,,,,,,,,,,,,,,,,,,,,72.0,,22.264,7.0,4.806,1.306,1.0,1.097,3.694,2.403,8.431,18.0,4.306,5.194,,,,,35.5,0.4684,0.8289
3136193,Devin Booker,PHO,PG,PG/SG,ONTEAM,6,ACTIVE,99.74,0,98.31,21.2,18,43,4,False,64.0,,26.062,3.875,6.031,0.797,0.281,1.906,5.781,3.156,8.531,18.719,7.094,8.125,0.75,3.125,0.094,0.0,33.562,0.4558,0.8731,0,,,,,,,,,,,,,,,,,,,,,0,,,,,,,,,,,,,,,,,,,,,0,,,,,,,,,,,,,,,,,,,,,0,,,,,,,,,,,,,,,,,,,,,72.0,,26.458,4.194,6.694,0.903,0.306,2.208,6.5,2.903,8.944,19.097,6.361,7.194,,,,,35.8,0.4684,0.8842
3917376,Jaylen Brown,PHL,SF,SG/SF,ONTEAM,3,ACTIVE,99.64,0,97.49,33.3,41,16,3,False,71.0,,28.704,6.93,5.127,1.014,0.38,1.972,5.69,3.648,10.366,21.732,6.0,7.549,1.141,5.789,0.197,0.042,34.408,0.477,0.7948,0,,,,,,,,,,,,,,,,,,,,,0,,,,,,,,,,,,,,,,,,,,,0,,,,,,,,,,,,,,,,,,,,,0,,,,,,,,,,,,,,,,,,,,,71.0,,23.93,5.901,4.296,1.099,0.394,1.887,5.507,2.803,8.873,18.507,4.296,5.606,,,,,32.4,0.4795,0.7663
4684740,Amen Thompson,HOU,SF,SG/SF,ONTEAM,8,ACTIVE,99.57,0.02,98.1,20.1,17,44,5,False,79.0,,18.266,7.772,5.316,1.506,0.608,0.316,1.468,2.405,7.051,13.215,3.848,4.937,2.975,4.797,0.253,0.0,37.392,0.5335,0.7795,0,,,,,,,,,,,,,,,,,,,,,0,,,,,,,,,,,,,,,,,,,,,0,,,,,,,,,,,,,,,,,,,,,0,,,,,,,,,,,,,,,,,,,,,78.0,,17.705,7.705,5.103,1.5,0.705,0.308,1.397,2.295,6.846,12.795,3.705,4.795,,,,,36.5,0.5351,0.7727
3975,Stephen Curry,GSW,PG,PG,ONTEAM,2,ACTIVE,99.53,0.01,97.51,28.2,36,20,2,False,43.0,,26.558,3.581,4.721,1.14,0.395,4.419,11.256,2.814,8.698,18.581,4.744,5.14,0.395,3.186,0.07,0.0,30.953,0.4681,0.9231,0,,,,,,,,,,,,,,,,,,,,,0,,,,,,,,,,,,,,,,,,,,,0,,,,,,,,,,,,,,,,,,,,,0,,,,,,,,,,,,,,,,,,,,,66.0,,25.788,4.197,5.303,1.0,0.394,4.561,11.394,2.803,8.485,18.697,4.258,4.606,,,,,32.0,0.4538,0.9243
4433134,Scottie Barnes,TOR,SF,SG/SF,ONTEAM,1,ACTIVE,99.48,0.01,97.3,15.9,15,46,6,False,80.0,,18.1,7.5,5.925,1.425,1.45,0.85,2.8,2.625,7.112,14.037,3.025,3.712,1.863,5.638,0.375,0.037,33.513,0.5067,0.8148,0,,,,,,,,,,,,,,,,,,,,,0,,,,,,,,,,,,,,,,,,,,,0,,,,,,,,,,,,,,,,,,,,,0,,,,,,,,,,,,,,,,,,,,,72.0,,18.819,7.694,6.0,1.403,1.306,1.042,3.5,2.694,7.264,15.0,3.25,4.097,,,,,33.8,0.4843,0.7932
3992,James Harden,CLE,PG,PG/SG,ONTEAM,2,ACTIVE,99.46,-0.03,97.37,28.2,23,36,3,False,70.0,,23.6,4.8,7.957,1.129,0.4,3.071,8.186,3.5,6.957,16.043,6.614,7.486,0.571,4.229,0.286,0.029,34.9,0.4337,0.8836,0,,,,,,,,,,,,,,,,,,,,,0,,,,,,,,,,,,,,,,,,,,,0,,,,,,,,,,,,,,,,,,,,,0,,,,,,,,,,,,,,,,,,,,,73.0,,20.575,5.0,8.096,1.205,0.603,2.808,7.603,3.397,6.068,14.301,5.63,6.397,,,,,33.6,0.4243,0.8801
1966,LeBron James,PHL,SF,SF/PF,ONTEAM,8,ACTIVE,99.43,0.01,96.34,35.8,42,15,3,False,60.0,,20.933,6.067,7.2,1.2,0.583,1.283,4.05,2.983,7.883,15.317,3.883,5.267,0.717,5.35,0.283,0.05,33.133,0.5147,0.7373,0,,,,,,,,,,,,,,,,,,,,,0,,,,,,,,,,,,,,,,,,,,,0,,,,,,,,,,,,,,,,,,,,,0,,,,,,,,,,,,,,,,,,,,,64.0,,21.047,6.297,7.0,1.0,0.5,1.625,4.406,3.0,7.938,15.203,3.547,4.703,,,,,30.7,0.5221,0.7542
4432816,LaMelo Ball,MIN,PG,PG,ONTEAM,3,ACTIVE,99.4,0.02,96.91,25.8,27,28,5,False,72.0,,20.069,4.819,7.139,1.208,0.25,3.778,10.278,2.806,7.028,17.278,2.236,2.486,0.903,3.917,0.139,0.014,27.986,0.4068,0.8994,0,,,,,,,,,,,,,,,,,,,,,0,,,,,,,,,,,,,,,,,,,,,0,,,,,,,,,,,,,,,,,,,,,0,,,,,,,,,,,,,,,,,,,,,68.0,,23.088,5.397,8.0,1.294,0.294,4.221,11.603,3.206,8.059,19.794,2.75,3.103,,,,,31.8,0.4071,0.8863
4066261,Bam Adebayo,MIA,C,PF/C,ONTEAM,5,ACTIVE,99.09,0.04,95.78,29.2,31,25,2,False,73.0,,20.11,10.027,3.178,1.178,0.671,1.74,5.479,1.644,6.932,15.685,4.507,5.795,2.041,7.986,0.479,0.0,32.37,0.4419,0.7778,0,,,,,,,,,,,,,,,,,,,,,0,,,,,,,,,,,,,,,,,,,,,0,,,,,,,,,,,,,,,,,,,,,0,,,,,,,,,,,,,,,,,,,,,73.0,,20.151,10.0,3.205,1.205,0.699,1.753,5.507,1.603,6.945,15.699,4.507,5.795,,,,,32.4,0.4424,0.7778
3149673,Pascal Siakam,IND,PF,PF,ONTEAM,1,ACTIVE,98.85,0.02,96.23,30.4,25,32,5,False,62.0,,23.952,6.629,3.806,1.113,0.403,1.694,4.726,2.226,9.016,18.629,4.226,6.097,1.435,5.194,0.161,0.0,33.194,0.484,0.6931,0,,,,,,,,,,,,,,,,,,,,,0,,,,,,,,,,,,,,,,,,,,,0,,,,,,,,,,,,,,,,,,,,,0,,,,,,,,,,,,,,,,,,,,,74.0,,22.797,7.297,4.0,1.0,0.5,1.554,4.203,1.797,8.784,17.095,3.676,5.095,,,,,34.8,0.5138,0.7215
3936299,Jamal Murray,DEN,PG,PG,ONTEAM,8,DAY_TO_DAY,98.82,-0.07,94.27,32.2,28,27,6,False,75.0,,25.4,4.4,7.133,0.88,0.387,3.267,7.507,2.28,8.76,18.133,4.613,5.2,0.427,3.973,0.24,0.0,35.373,0.4831,0.8872,0,,,,,,,,,,,,,,,,,,,,,0,,,,,,,,,,,,,,,,,,,,,0,,,,,,,,,,,,,,,,,,,,,0,,,,,,,,,,,,,,,,,,,,,69.0,,23.058,4.101,6.594,1.101,0.507,2.768,6.594,2.203,8.29,17.304,3.71,4.203,,,,,35.0,0.4791,0.8828
4701230,Jalen Johnson,ATL,PF,PF,ONTEAM,7,ACTIVE,98.75,0.07,94.84,8.6,6,58,2,False,72.0,,22.514,10.278,7.861,1.236,0.431,1.667,4.736,3.389,8.333,17.056,4.181,5.306,1.403,8.875,0.681,0.181,35.208,0.4886,0.788,0,,,,,,,,,,,,,,,,,,,,,0,,,,,,,,,,,,,,,,,,,,,0,,,,,,,,,,,,,,,,,,,,,0,,,,,,,,,,,,,,,,,,,,,72.0,,22.986,10.597,7.903,1.306,0.5,1.681,4.806,3.403,8.569,17.5,4.167,5.306,,,,,36.7,0.4897,0.7853
4432158,Evan Mobley,CLE,PF,PF/C,ONTEAM,1,ACTIVE,98.67,-0.01,94.66,36.4,34,22,4,False,65.0,,18.154,9.015,3.6,0.738,1.738,0.954,3.215,1.877,7.215,13.215,2.769,4.569,2.4,6.615,0.415,0.0,31.985,0.546,0.6061,0,,,,,,,,,,,,,,,,,,,,,0,,,,,,,,,,,,,,,,,,,,,0,,,,,,,,,,,,,,,,,,,,,0,,,,,,,,,,,,,,,,,,,,,66.0,,18.924,9.803,3.606,0.894,1.697,0.97,2.894,2.0,7.47,13.394,3.015,4.5,,,,,33.3,0.5577,0.67
4871144,Alperen Sengun,HOU,C,C,ONTEAM,5,ACTIVE,98.44,0.02,95.2,24.2,20,41,6,False,72.0,,20.361,8.903,6.181,1.181,1.069,0.556,1.819,3.153,8.097,15.597,3.611,5.222,2.986,5.917,0.472,0.056,33.347,0.5191,0.6915,0,,,,,,,,,,,,,,,,,,,,,0,,,,,,,,,,,,,,,,,,,,,0,,,,,,,,,,,,,,,,,,,,,0,,,,,,,,,,,,,,,,,,,,,72.0,,20.028,9.403,5.694,1.194,1.0,0.458,1.597,2.903,7.917,15.403,3.736,5.403,,,,,32.7,0.514,0.6915
6583,Anthony Davis,WAS,C,PF/C,ONTEAM,3,ACTIVE,98.44,0.06,94.65,32.3,29,26,0,False,20.0,,20.35,11.05,2.8,1.1,1.65,0.5,1.85,2.05,8.45,16.7,2.95,4.05,3.1,7.95,0.65,0.0,31.25,0.506,0.7284,0,,,,,,,,,,,,,,,,,,,,,0,,,,,,,,,,,,,,,,,,,,,0,,,,,,,,,,,,,,,,,,,,,0,,,,,,,,,,,,,,,,,,,,,61.0,,22.59,11.393,3.197,1.098,2.098,0.443,1.607,2.0,8.607,16.0,4.934,6.197,,,,,32.2,0.5379,0.7963
4432573,Paolo Banchero,ORL,PF,SF/PF,ONTEAM,8,ACTIVE,98.33,-0.05,91.81,42.2,45,14,4,False,72.0,,22.208,8.389,5.181,0.708,0.556,1.167,3.819,3.083,7.347,16.0,6.347,8.194,1.181,7.208,0.361,0.042,34.708,0.4592,0.7746,0,,,,,,,,,,,,,,,,,,,,,0,,,,,,,,,,,,,,,,,,,,,0,,,,,,,,,,,,,,,,,,,,,0,,,,,,,,,,,,,,,,,,,,,69.0,,23.42,7.899,5.203,0.797,0.594,1.435,4.507,3.101,7.986,17.507,6.014,8.0,,,,,35.2,0.4561,0.7518
4593803,Jalen Williams,OKC,PF,SF/PF,ONTEAM,8,ACTIVE,98.15,0.06,93.95,36.9,33,23,2,False,33.0,,17.061,4.636,5.485,1.182,0.273,0.697,2.333,1.909,6.545,13.515,3.273,3.909,0.818,3.818,0.03,0.0,28.394,0.4843,0.8372,0,,,,,,,,,,,,,,,,,,,,,0,,,,,,,,,,,,,,,,,,,,,0,,,,,,,,,,,,,,,,,,,,,0,,,,,,,,,,,,,,,,,,,,,70.0,,20.629,4.9,5.3,1.4,0.6,1.471,3.9,2.0,7.957,15.8,3.243,4.0,,,,,32.8,0.5036,0.8107
3155942,Domantas Sabonis,SAC,C,PF/C,ONTEAM,3,ACTIVE,97.94,0.09,94.61,16.9,11,53,2,False,19.0,,15.842,11.368,4.105,0.947,0.211,0.263,1.421,2.684,6.316,11.632,2.947,4.053,3.368,8.0,0.632,0.0,29.737,0.543,0.7273,0,,,,,,,,,,,,,,,,,,,,,0,,,,,,,,,,,,,,,,,,,,,0,,,,,,,,,,,,,,,,,,,,,0,,,,,,,,,,,,,,,,,,,,,69.0,,18.942,13.594,6.797,0.797,0.507,0.594,1.594,3.101,7.507,12.797,3.333,4.594,,,,,34.8,0.5866,0.7256
4277905,Trae Young,WAS,PG,PG,ONTEAM,5,ACTIVE,97.59,0.07,93.27,23.1,14,48,1,False,15.0,,17.933,2.0,8.0,0.867,0.133,1.8,5.333,2.6,5.4,11.8,5.333,6.467,0.267,1.733,0.2,0.0,25.467,0.4576,0.8247,0,,,,,,,,,,,,,,,,,,,,,0,,,,,,,,,,,,,,,,,,,,,0,,,,,,,,,,,,,,,,,,,,,0,,,,,,,,,,,,,,,,,,,,,71.0,,23.831,2.803,10.803,1.197,0.197,2.901,8.197,4.296,7.352,17.507,6.225,7.197,,,,,34.5,0.42,0.865
6450,Kawhi Leonard,TOR,SF,SF/PF,ONTEAM,4,DAY_TO_DAY,97.27,0.12,92.43,29.9,32,24,7,False,65.0,,27.892,6.354,3.6,1.877,0.415,2.646,6.846,2.046,9.769,19.354,5.708,6.4,1.092,5.262,0.077,0.0,32.108,0.5048,0.8918,0,,,,,,,,,,,,,,,,,,,,,0,,,,,,,,,,,,,,,,,,,,,0,,,,,,,,,,,,,,,,,,,,,0,,,,,,,,,,,,,,,,,,,,,63.0,,25.063,6.206,3.508,1.698,0.603,2.317,5.794,1.905,9.175,18.0,4.397,5.0,,,,,32.8,0.5097,0.8794
4871145,Josh Giddey,CHI,PG,PG/SG,ONTEAM,3,ACTIVE,97.22,0.11,92.76,23.1,16,45,1,False,54.0,,17.019,8.296,9.148,1.019,0.5,1.907,5.241,3.63,5.944,13.278,3.222,4.222,1.241,7.056,0.519,0.241,32.093,0.4477,0.7632,0,,,,,,,,,,,,,,,,,,,,,0,,,,,,,,,,,,,,,,,,,,,0,,,,,,,,,,,,,,,,,,,,,0,,,,,,,,,,,,,,,,,,,,,68.0,,18.5,9.206,9.603,1.206,0.603,2.015,5.5,3.794,6.559,14.5,3.368,4.397,,,,,35.5,0.4523,0.7659
4066457,Austin Reaves,LAL,SG,PG/SG,ONTEAM,2,ACTIVE,95.84,0.2,89.35,38.9,39,19,7,False,51.0,,23.275,4.706,5.49,1.098,0.392,2.314,6.431,2.961,7.314,14.941,6.333,7.275,0.647,4.059,0.118,0.0,34.569,0.4895,0.8706,0,,,,,,,,,,,,,,,,,,,,,0,,,,,,,,,,,,,,,,,,,,,0,,,,,,,,,,,,,,,,,,,,,0,,,,,,,,,,,,,,,,,,,,,67.0,,23.418,4.896,5.896,1.104,0.403,2.507,6.896,3.0,7.448,15.403,6.015,6.896,,,,,36.6,0.4835,0.8723
4066259,De'Aaron Fox,SAS,PG,PG/SG,ONTEAM,5,ACTIVE,95.31,-0.08,87.72,52.9,43,15,4,False,72.0,,18.556,3.75,6.181,1.236,0.264,1.819,5.486,2.278,7.069,14.542,2.597,3.417,0.583,3.167,0.111,0.0,31.0,0.4862,0.7602,0,,,,,,,,,,,,,,,,,,,,,0,,,,,,,,,,,,,,,,,,,,,0,,,,,,,,,,,,,,,,,,,,,0,,,,,,,,,,,,,,,,,,,,,71.0,,20.634,4.0,5.606,1.394,0.296,2.014,5.901,2.296,7.69,16.296,3.239,4.197,,,,,31.3,0.4719,0.7718
3078576,Derrick White,BOS,SG,PG/SG,ONTEAM,4,ACTIVE,94.8,0.24,87.38,40.2,35,21,5,False,77.0,,16.455,4.403,5.377,1.143,1.273,2.714,8.312,1.74,5.675,14.39,2.39,2.649,1.117,3.286,0.013,0.0,34.065,0.3944,0.902,0,,,,,,,,,,,,,,,,,,,,,0,,,,,,,,,,,,,,,,,,,,,0,,,,,,,,,,,,,,,,,,,,,0,,,,,,,,,,,,,,,,,,,,,77.0,,16.558,4.506,5.299,1.104,1.195,2.857,8.506,1.805,5.688,14.195,2.325,2.597,,,,,34.3,0.4007,0.895
4066320,Desmond Bane,ORL,SG,SG/SF,ONTEAM,7,ACTIVE,94.34,0.04,86.42,49.5,40,17,6,False,82.0,,20.085,4.122,4.122,1.049,0.451,2.037,5.207,2.0,7.11,14.695,3.829,4.22,1.195,2.927,0.012,0.0,33.622,0.4838,0.9075,0,,,,,,,,,,,,,,,,,,,,,0,,,,,,,,,,,,,,,,,,,,,0,,,,,,,,,,,,,,,,,,,,,0,,,,,,,,,,,,,,,,,,,,,72.0,,20.681,4.806,4.806,1.097,0.5,2.375,6.097,2.306,7.444,15.5,3.417,3.806,,,,,33.7,0.4803,0.8978
4396993,Tyrese Haliburton,IND,PG,PG/SG,ONTEAM,7,ACTIVE,93.53,0.53,85.45,19.6,19,42,0,False,0,,,,,,,,,,,,,,,,,,,,,0,,,,,,,,,,,,,,,,,,,,,0,,,,,,,,,,,,,,,,,,,,,0,,,,,,,,,,,,,,,,,,,,,0,,,,,,,,,,,,,,,,,,,,,64.0,,19.156,3.703,9.906,1.297,0.703,2.922,7.703,1.906,6.797,14.297,2.641,3.094,,,,,33.1,0.4754,0.8535
4683021,Deni Avdija,POR,SF,SF/PF,ONTEAM,7,ACTIVE,93.43,0.34,88.5,35.1,30,26,7,False,66.0,,24.212,6.879,6.697,0.773,0.621,1.894,5.955,3.833,7.455,16.121,7.409,9.242,1.121,5.758,0.288,0.045,33.364,0.4624,0.8016,0,,,,,,,,,,,,,,,,,,,,,0,,,,,,,,,,,,,,,,,,,,,0,,,,,,,,,,,,,,,,,,,,,0,,,,,,,,,,,,,,,,,,,,,72.0,,23.028,7.194,6.306,0.806,0.597,1.861,5.694,3.597,7.236,15.5,6.694,8.403,,,,,33.7,0.4668,0.7967
4433255,Chet Holmgren,OKC,C,PF/C,ONTEAM,2,ACTIVE,93.38,-0.22,86.08,63.8,71,5,1,False,69.0,,17.116,8.899,1.667,0.623,1.899,1.275,3.522,1.551,6.29,11.29,3.261,4.116,1.884,7.014,0.348,0.0,28.957,0.5571,0.7923,0,,,,,,,,,,,,,,,,,,,,,0,,,,,,,,,,,,,,,,,,,,,0,,,,,,,,,,,,,,,,,,,,,0,,,,,,,,,,,,,,,,,,,,,65.0,,16.508,8.4,2.0,0.6,2.108,1.4,3.8,1.6,6.062,11.308,2.985,3.8,,,,,28.9,0.5361,0.7854
4433621,Jalen Duren,DET,C,C,ONTEAM,1,DAY_TO_DAY,92.99,0.29,87.26,33.5,26,29,10,False,70.0,,19.5,10.529,1.971,0.814,0.843,0.0,0.0,1.857,7.457,11.471,4.586,6.143,3.786,6.743,0.586,0.0,28.257,0.6501,0.7465,0,,,,,,,,,,,,,,,,,,,,,0,,,,,,,,,,,,,,,,,,,,,0,,,,,,,,,,,,,,,,,,,,,0,,,,,,,,,,,,,,,,,,,,,72.0,,20.25,11.694,2.306,0.903,1.0,,,2.0,7.792,11.903,4.667,6.306,,,,,31.0,0.6546,0.7401
3059318,Joel Embiid,PHL,C,C,ONTEAM,6,ACTIVE,92.75,-0.02,86.18,64.0,73,5,1,False,38.0,,26.868,7.711,3.947,0.553,1.211,1.395,4.184,2.868,8.974,18.342,7.526,8.816,1.974,5.737,0.263,0.026,31.5,0.4892,0.8537,0,,,,,,,,,,,,,,,,,,,,,0,,,,,,,,,,,,,,,,,,,,,0,,,,,,,,,,,,,,,,,,,,,0,,,,,,,,,,,,,,,,,,,,,54.0,,27.407,8.204,4.204,0.704,1.204,1.37,4.093,3.0,9.056,18.5,7.926,9.204,,,,,31.6,0.4895,0.8612
4845367,Stephon Castle,SAS,PG,PG/SG,ONTEAM,4,ACTIVE,92.55,0.23,83.6,49.8,52,10,14,False,68.0,,16.632,5.309,7.382,1.147,0.279,1.191,3.588,3.191,5.647,12.0,4.147,5.647,1.426,3.882,0.265,0.074,29.956,0.4706,0.7344,0,,,,,,,,,,,,,,,,,,,,,0,,,,,,,,,,,,,,,,,,,,,0,,,,,,,,,,,,,,,,,,,,,0,,,,,,,,,,,,,,,,,,,,,72.0,,18.139,5.597,7.597,1.194,0.306,1.319,4.097,3.403,6.208,13.403,4.403,6.0,,,,,32.7,0.4632,0.7338
4395628,Zion Williamson,NOP,PF,PF/C,ONTEAM,2,ACTIVE,92.17,-0.22,84.92,66.7,58,8,4,False,62.0,,21.0,5.694,3.21,0.968,0.548,0.016,0.065,2.032,7.806,13.016,5.371,7.5,2.016,3.677,0.097,0.0,29.677,0.5998,0.7161,0,,,,,,,,,,,,,,,,,,,,,0,,,,,,,,,,,,,,,,,,,,,0,,,,,,,,,,,,,,,,,,,,,0,,,,,,,,,,,,,,,,,,,,,64.0,,22.844,6.094,4.297,1.094,0.703,0.062,0.203,2.5,8.734,15.0,5.312,7.594,,,,,30.9,0.5823,0.6996
4278104,Michael Porter Jr.,BKN,SF,SF/PF,FREEAGENT,0,ACTIVE,92.11,0.2,82.62,52.7,47,13,0,False,52.0,,24.212,7.058,3.038,1.058,0.25,3.385,9.327,2.346,8.538,18.423,3.75,4.365,1.327,5.731,0.231,0.0,32.5,0.4635,0.859,0,,,,,,,,,,,,,,,,,,,,,0,,,,,,,,,,,,,,,,,,,,,0,,,,,,,,,,,,,,,,,,,,,0,,,,,,,,,,,,,,,,,,,,,69.0,,23.507,7.203,2.899,1.0,0.304,3.319,9.0,2.203,8.391,17.899,3.406,4.0,,,,,33.5,0.4688,0.8514
3147657,Mikal Bridges,NYK,SF,SG/SF,ONTEAM,7,ACTIVE,91.01,0.25,83.55,51.7,44,14,0,False,82.0,,14.402,3.805,3.707,1.305,0.756,1.902,5.122,1.012,5.756,11.744,0.988,1.195,0.963,2.841,0.012,0.0,32.866,0.4901,0.8265,0,,,,,,,,,,,,,,,,,,,,,0,,,,,,,,,,,,,,,,,,,,,0,,,,,,,,,,,,,,,,,,,,,0,,,,,,,,,,,,,,,,,,,,,82.0,,15.195,3.695,3.695,1.195,0.695,1.951,5.305,1.195,6.049,12.402,1.146,1.402,,,,,33.6,0.4877,0.8174
5061575,Kon Knueppel,CHA,SF,SG/SF,ONTEAM,5,DAY_TO_DAY,90.68,0.42,77.62,43.3,38,20,0,False,81.0,,18.494,5.333,3.383,0.704,0.235,3.37,7.926,1.988,6.358,13.383,2.407,2.79,1.198,4.136,0.086,0.0,31.469,0.4751,0.8628,0,,,,,,,,,,,,,,,,,,,,,0,,,,,,,,,,,,,,,,,,,,,0,,,,,,,,,,,,,,,,,,,,,0,,,,,,,,,,,,,,,,,,,,,78.0,,20.013,5.795,3.705,0.795,0.295,3.654,8.603,2.205,6.885,14.5,2.59,3.0,,,,,34.2,0.4748,0.8632
4869342,Dyson Daniels,ATL,SG,PG/SG,ONTEAM,4,ACTIVE,89.97,0.02,78.85,60.1,48,12,0,False,76.0,,11.855,6.842,5.908,1.961,0.408,0.289,1.539,1.776,5.289,10.224,0.987,1.605,2.421,4.421,0.197,0.026,33.197,0.5174,0.6148,0,,,,,,,,,,,,,,,,,,,,,0,,,,,,,,,,,,,,,,,,,,,0,,,,,,,,,,,,,,,,,,,,,0,,,,,,,,,,,,,,,,,,,,,75.0,,11.733,6.507,5.6,2.0,0.4,0.373,1.707,1.707,5.187,10.107,0.987,1.6,,,,,32.4,0.5132,0.6167
4279888,Ja Morant,POR,PG,PG,ONTEAM,6,ACTIVE,89.64,-0.39,77.44,84.5,83,3,5,False,20.0,,19.45,3.25,8.05,1.0,0.3,1.0,4.25,3.55,6.6,16.1,5.25,5.85,0.4,2.85,0.4,0.0,28.4,0.4099,0.8974,0,,,,,,,,,,,,,,,,,,,,,0,,,,,,,,,,,,,,,,,,,,,0,,,,,,,,,,,,,,,,,,,,,0,,,,,,,,,,,,,,,,,,,,,65.0,,21.015,3.8,7.2,1.0,0.308,1.431,5.0,3.4,7.262,16.4,5.062,6.0,,,,,28.6,0.4428,0.8436
4566434,Franz Wagner,ORL,SF,SF/PF,ONTEAM,5,ACTIVE,88.98,-0.19,80.6,71.0,59,8,0,False,34.0,,20.559,5.206,3.324,0.941,0.324,1.412,4.088,1.706,7.176,14.912,4.794,5.824,1.265,3.941,0.0,0.0,29.971,0.4813,0.8232,0,,,,,,,,,,,,,,,,,,,,,0,,,,,,,,,,,,,,,,,,,,,0,,,,,,,,,,,,,,,,,,,,,0,,,,,,,,,,,,,,,,,,,,,66.0,,22.545,5.697,4.197,1.197,0.394,1.561,5.197,2.106,8.242,17.394,4.5,5.303,,,,,34.0,0.4739,0.8486
4066328,Jarrett Allen,CLE,C,C,ONTEAM,4,ACTIVE,88.03,-0.01,77.97,66.1,53,10,8,False,56.0,,15.357,8.5,1.786,0.982,0.839,0.018,0.179,1.339,6.018,9.429,3.304,4.661,2.571,5.929,0.357,0.0,27.196,0.6383,0.7088,0,,,,,,,,,,,,,,,,,,,,,0,,,,,,,,,,,,,,,,,,,,,0,,,,,,,,,,,,,,,,,,,,,0,,,,,,,,,,,,,,,,,,,,,71.0,,15.775,10.0,2.197,0.901,1.0,,0.099,1.394,6.366,9.704,3.042,4.197,,,,,30.3,0.656,0.7248
4396907,Darius Garland,LAC,PG,PG,ONTEAM,5,ACTIVE,87.79,0.5,78.3,49.8,37,20,0,False,45.0,,18.778,2.378,6.689,0.956,0.178,2.711,6.844,2.889,6.867,14.933,2.333,2.711,0.4,1.978,0.156,0.0,29.822,0.4598,0.8607,0,,,,,,,,,,,,,,,,,,,,,0,,,,,,,,,,,,,,,,,,,,,0,,,,,,,,,,,,,,,,,,,,,0,,,,,,,,,,,,,,,,,,,,,69.0,,21.623,3.0,7.406,1.304,0.203,2.928,7.507,3.101,7.841,17.0,3.014,3.507,,,,,35.2,0.4612,0.8595
4066336,Lauri Markkanen,UTA,PF,SF/PF,ONTEAM,1,ACTIVE,87.15,0.38,78.65,55.2,50,11,9,False,42.0,,26.738,6.881,2.119,1.0,0.5,2.738,7.714,1.5,9.143,19.167,5.714,6.381,2.0,4.881,0.119,0.0,34.381,0.477,0.8955,0,,,,,,,,,,,,,,,,,,,,,0,,,,,,,,,,,,,,,,,,,,,0,,,,,,,,,,,,,,,,,,,,,0,,,,,,,,,,,,,,,,,,,,,69.0,,23.826,7.203,1.899,0.899,0.507,3.043,8.304,1.507,8.029,17.304,4.725,5.304,,,,,34.0,0.464,0.8907
3064514,Julius Randle,BKN,PF,PF,ONTEAM,2,ACTIVE,87.06,0.34,78.07,60.3,49,12,10,False,79.0,,21.101,6.734,5.038,1.089,0.228,1.38,4.38,2.747,7.342,15.278,5.038,6.278,1.671,5.063,0.19,0.038,33.063,0.4805,0.8024,0,,,,,,,,,,,,,,,,,,,,,0,,,,,,,,,,,,,,,,,,,,,0,,,,,,,,,,,,,,,,,,,,,0,,,,,,,,,,,,,,,,,,,,,72.0,,22.042,8.097,5.0,0.694,0.194,1.569,4.903,3.097,7.819,16.403,4.833,6.097,,,,,34.3,0.4767,0.7927
3934719,OG Anunoby,NYK,SF,SF/PF,ONTEAM,7,ACTIVE,86.04,-0.19,77.34,85.3,92,2,0,False,67.0,,16.687,5.239,2.164,1.552,0.716,2.343,6.075,1.836,5.806,12.0,2.731,3.299,1.269,3.97,0.075,0.0,33.224,0.4838,0.8281,0,,,,,,,,,,,,,,,,,,,,,0,,,,,,,,,,,,,,,,,,,,,0,,,,,,,,,,,,,,,,,,,,,0,,,,,,,,,,,,,,,,,,,,,68.0,,16.912,5.206,2.206,1.5,0.706,2.338,6.103,1.794,5.926,12.294,2.721,3.294,,,,,33.8,0.4821,0.8259
6442,Kyrie Irving,DAL,PG,PG,ONTEAM,3,DAY_TO_DAY,85.98,0.44,69.92,61.2,54,10,0,False,0,,,,,,,,,,,,,,,,,,,,,0,,,,,,,,,,,,,,,,,,,,,0,,,,,,,,,,,,,,,,,,,,,0,,,,,,,,,,,,,,,,,,,,,0,,,,,,,,,,,,,,,,,,,,,59.0,,24.576,4.797,4.797,1.305,0.508,2.847,7.0,2.0,9.136,18.797,3.458,3.797,,,,,34.6,0.486,0.9107
6606,Damian Lillard,POR,PG,PG,FREEAGENT,0,ACTIVE,85.4,0.22,73.42,70.5,61,7,0,False,1.0,,0.0,0.0,0.0,0.0,0.0,0.0,0.0,0.0,0.0,0.0,0.0,0.0,0.0,0.0,0.0,0.0,0.0,0.0,0.0,0,,,,,,,,,,,,,,,,,,,,,0,,,,,,,,,,,,,,,,,,,,,0,,,,,,,,,,,,,,,,,,,,,0,,,,,,,,,,,,,,,,,,,,,65.0,,21.662,4.0,6.2,1.0,0.2,2.877,7.8,2.4,6.631,15.108,5.523,6.0,,,,,31.4,0.4389,0.9205
4395725,Tyler Herro,MIL,SG,PG/SG,ONTEAM,3,ACTIVE,84.9,0.26,75.58,67.9,55,9,10,False,33.0,,20.515,4.788,4.121,0.697,0.364,2.545,6.727,1.939,7.485,15.606,3.0,3.273,0.424,4.364,0.0,0.0,31.182,0.4796,0.9167,0,,,,,,,,,,,,,,,,,,,,,0,,,,,,,,,,,,,,,,,,,,,0,,,,,,,,,,,,,,,,,,,,,0,,,,,,,,,,,,,,,,,,,,,67.0,,22.537,5.104,4.701,0.806,0.299,2.896,7.701,2.194,8.149,17.104,3.343,3.701,,,,,34.0,0.4764,0.9032
4397688,Trey Murphy III,NOP,SF,SG/SF,ONTEAM,5,ACTIVE,84.73,-0.03,76.33,74.7,64,7,3,False,66.0,,21.515,5.712,3.788,1.5,0.364,3.242,8.561,1.818,7.485,15.909,3.303,3.727,0.955,4.758,0.061,0.0,35.47,0.4705,0.8862,0,,,,,,,,,,,,,,,,,,,,,0,,,,,,,,,,,,,,,,,,,,,0,,,,,,,,,,,,,,,,,,,,,0,,,,,,,,,,,,,,,,,,,,,68.0,,19.544,5.206,3.397,1.294,0.397,2.985,7.897,1.603,6.779,14.5,3.0,3.397,,,,,32.5,0.4675,0.8831
3062679,Josh Hart,NYK,SF,SG/SF,ONTEAM,5,ACTIVE,84.73,-0.54,71.15,99.1,93,2,8,False,66.0,,12.0,7.364,4.803,1.136,0.258,1.515,3.667,1.939,4.561,8.97,1.364,1.894,1.409,5.955,0.197,0.03,30.242,0.5084,0.72,0,,,,,,,,,,,,,,,,,,,,,0,,,,,,,,,,,,,,,,,,,,,0,,,,,,,,,,,,,,,,,,,,,0,,,,,,,,,,,,,,,,,,,,,68.0,,12.206,7.706,5.0,1.206,0.294,1.441,3.603,2.0,4.647,9.103,1.471,2.0,,,,,31.5,0.5105,0.7353
4017837,Ivica Zubac,IND,C,C,ONTEAM,6,ACTIVE,84.67,-0.6,74.05,94.3,78,4,8,False,48.0,,14.104,10.604,2.188,0.375,0.833,0.0,0.0,1.792,6.0,10.042,2.104,2.958,3.375,7.229,0.5,0.0,30.208,0.5975,0.7113,0,,,,,,,,,,,,,,,,,,,,,0,,,,,,,,,,,,,,,,,,,,,0,,,,,,,,,,,,,,,,,,,,,0,,,,,,,,,,,,,,,,,,,,,69.0,,14.29,10.899,2.101,0.507,1.101,,,1.507,6.174,9.899,1.942,2.797,,,,,30.0,0.6237,0.6943
3978,DeMar DeRozan,DEN,SF,SF/PF,ONTEAM,5,ACTIVE,83.98,-0.58,70.74,97.8,86,3,7,False,77.0,,18.429,2.935,4.104,1.039,0.299,0.61,1.909,1.247,6.481,13.052,4.857,5.597,0.455,2.481,0.026,0.0,31.312,0.4965,0.8677,0,,,,,,,,,,,,,,,,,,,,,0,,,,,,,,,,,,,,,,,,,,,0,,,,,,,,,,,,,,,,,,,,,0,,,,,,,,,,,,,,,,,,,,,77.0,,17.597,3.0,3.805,0.805,0.299,0.714,2.195,1.195,6.247,12.896,4.39,5.104,,,,,28.9,0.4844,0.8601
5142718,AJ Dybantsa,WAS,SF,SF,FREEAGENT,0,ACTIVE,83.05,0.31,64.3,76.4,79,4,0,False,,,,,,,,,,,,,,,,,,,,,,0,,,,,,,,,,,,,,,,,,,,,0,,,,,,,,,,,,,,,,,,,,,0,,,,,,,,,,,,,,,,,,,,,0,,,,,,,,,,,,,,,,,,,,,72.0,,20.097,4.903,2.806,1.0,0.806,0.681,1.806,1.903,7.319,15.306,4.778,5.903,,,,,32.2,0.4782,0.8094
3032976,Rudy Gobert,MIN,C,C,ONTEAM,2,ACTIVE,82.68,0.11,71.52,80.2,70,5,11,False,76.0,,10.908,11.474,1.684,0.763,1.632,0.0,0.066,1.395,4.408,6.461,2.092,3.974,3.934,7.539,0.434,0.0,31.289,0.6823,0.5265,0,,,,,,,,,,,,,,,,,,,,,0,,,,,,,,,,,,,,,,,,,,,0,,,,,,,,,,,,,,,,,,,,,0,,,,,,,,,,,,,,,,,,,,,72.0,,11.931,11.694,1.597,0.694,1.694,,,1.403,4.708,7.0,2.514,4.194,,,,,32.5,0.6726,0.5993
4433136,Walker Kessler,LAL,C,C,FREEAGENT,0,ACTIVE,82.25,0.04,71.73,78.0,69,6,0,False,5.0,,14.4,10.8,3.0,1.4,1.8,1.2,1.6,3.2,5.2,7.4,2.8,4.0,4.6,6.2,0.4,0.0,31.0,0.7027,0.7,0,,,,,,,,,,,,,,,,,,,,,0,,,,,,,,,,,,,,,,,,,,,0,,,,,,,,,,,,,,,,,,,,,0,,,,,,,,,,,,,,,,,,,,,64.0,,11.5,12.406,1.703,0.703,2.594,0.125,0.594,1.594,4.969,7.5,1.438,2.703,,,,,31.4,0.6625,0.5318
4396971,Naz Reid,CHA,C,PF/C,FREEAGENT,0,ACTIVE,82.21,0.45,67.75,66.2,56,9,0,False,77.0,,13.584,6.195,2.208,0.987,1.013,2.104,5.818,1.636,5.156,11.312,1.169,1.597,1.169,5.026,0.078,0.0,26.091,0.4558,0.7317,0,,,,,,,,,,,,,,,,,,,,,0,,,,,,,,,,,,,,,,,,,,,0,,,,,,,,,,,,,,,,,,,,,0,,,,,,,,,,,,,,,,,,,,,76.0,,15.868,7.105,2.5,1.105,1.105,2.461,6.697,1.803,6.0,13.105,1.408,1.895,,,,,30.3,0.4578,0.7431
4277961,Jaren Jackson Jr.,UTA,C,PF/C,ONTEAM,4,ACTIVE,82.21,-0.1,72.18,88.4,82,4,6,False,48.0,,19.396,5.667,1.958,1.104,1.438,1.75,4.896,2.229,7.125,14.979,3.396,4.229,0.875,4.792,0.062,0.0,30.333,0.4757,0.803,0,,,,,,,,,,,,,,,,,,,,,0,,,,,,,,,,,,,,,,,,,,,0,,,,,,,,,,,,,,,,,,,,,0,,,,,,,,,,,,,,,,,,,,,62.0,,21.887,5.694,2.097,1.194,1.597,1.903,5.403,2.306,7.839,16.694,4.306,5.403,,,,,31.4,0.4696,0.797
5037871,Dylan Harper,SAS,PG,PG/SG,ONTEAM,3,ACTIVE,82.1,0.27,63.85,80.9,85,3,0,False,69.0,,11.783,3.391,3.855,0.783,0.348,0.884,2.58,1.435,4.797,9.507,1.304,1.725,0.783,2.609,0.0,0.0,22.594,0.5046,0.7563,0,,,,,,,,,,,,,,,,,,,,,0,,,,,,,,,,,,,,,,,,,,,0,,,,,,,,,,,,,,,,,,,,,0,,,,,,,,,,,,,,,,,,,,,72.0,,15.208,4.403,5.0,1.0,0.5,1.125,3.306,1.903,6.208,12.306,1.667,2.194,,,,,29.3,0.5045,0.7595
3913176,Brandon Ingram,LAC,SF,SF/PF,ONTEAM,2,OUT,81.72,-0.05,56.48,80.0,57,8,12,False,77.0,,21.494,5.584,3.688,0.753,0.714,1.753,4.584,2.429,7.974,16.727,3.792,4.623,0.818,4.766,0.026,0.0,33.792,0.4767,0.8202,0,,,,,,,,,,,,,,,,,,,,,0,,,,,,,,,,,,,,,,,,,,,0,,,,,,,,,,,,,,,,,,,,,0,,,,,,,,,,,,,,,,,,,,,67.0,,22.552,5.701,4.806,0.806,0.701,1.746,4.701,2.806,8.448,17.597,3.91,4.806,,,,,35.3,0.4801,0.8137
4066383,Miles Bridges,PHO,SF,SF/PF,ONTEAM,4,ACTIVE,81.72,-0.21,70.59,92.4,77,4,9,False,77.0,,17.065,5.844,3.195,0.597,0.442,1.922,5.779,1.39,6.221,13.532,2.701,3.286,0.974,4.87,0.104,0.0,30.987,0.4597,0.8221,0,,,,,,,,,,,,,,,,,,,,,0,,,,,,,,,,,,,,,,,,,,,0,,,,,,,,,,,,,,,,,,,,,0,,,,,,,,,,,,,,,,,,,,,71.0,,19.141,6.704,3.394,0.704,0.507,2.099,6.296,1.803,7.099,15.704,2.845,3.394,,,,,33.1,0.452,0.8382
4433287,Brandon Miller,CHA,SF,SG/SF,ONTEAM,6,ACTIVE,81.41,0.41,64.65,69.5,60,7,0,False,65.0,,20.169,4.908,3.338,1.015,0.677,3.138,8.2,2.508,6.985,16.062,3.062,3.431,1.077,3.831,0.046,0.0,30.292,0.4349,0.8924,0,,,,,,,,,,,,,,,,,,,,,0,,,,,,,,,,,,,,,,,,,,,0,,,,,,,,,,,,,,,,,,,,,0,,,,,,,,,,,,,,,,,,,,,68.0,,22.279,5.397,3.706,1.103,0.706,3.5,9.206,2.794,7.75,17.897,3.279,3.706,,,,,34.0,0.433,0.8849
4278039,Nickeil Alexander-Walker,ATL,SG,PG/SG,ONTEAM,3,ACTIVE,81.22,0.86,63.41,55.6,46,13,0,False,78.0,,20.821,3.436,3.667,1.308,0.538,3.218,8.064,2.077,7.026,15.321,3.551,3.936,0.667,2.769,0.026,0.0,33.372,0.4586,0.9023,0,,,,,,,,,,,,,,,,,,,,,0,,,,,,,,,,,,,,,,,,,,,0,,,,,,,,,,,,,,,,,,,,,0,,,,,,,,,,,,,,,,,,,,,79.0,,19.152,3.405,3.506,1.203,0.506,3.025,7.595,1.899,6.494,14.203,3.139,3.506,,,,,32.3,0.4572,0.8953
4395651,Coby White,CHA,PG,PG/SG,FREEAGENT,0,ACTIVE,80.87,-0.43,65.35,98.5,81,4,0,False,50.0,,17.36,3.4,4.0,0.5,0.1,2.3,6.36,2.56,5.56,12.46,3.94,4.82,0.34,3.06,0.02,0.0,24.98,0.4462,0.8174,0,,,,,,,,,,,,,,,,,,,,,0,,,,,,,,,,,,,,,,,,,,,0,,,,,,,,,,,,,,,,,,,,,0,,,,,,,,,,,,,,,,,,,,,72.0,,20.0,4.097,4.806,0.694,0.194,2.778,7.5,2.5,6.778,15.097,3.667,4.306,,,,,33.5,0.4489,0.8516
5124612,VJ Edgecombe,PHL,SG,SG,ONTEAM,5,ACTIVE,80.07,0.25,62.02,84.7,84,3,0,False,75.0,,15.987,5.64,4.2,1.427,0.52,1.987,5.613,1.827,6.013,13.733,1.973,2.413,1.627,4.013,0.093,0.0,35.013,0.4379,0.8177,0,,,,,,,,,,,,,,,,,,,,,0,,,,,,,,,,,,,,,,,,,,,0,,,,,,,,,,,,,,,,,,,,,0,,,,,,,,,,,,,,,,,,,,,72.0,,15.222,5.403,4.0,1.403,0.5,1.875,5.306,1.694,5.736,13.097,1.875,2.306,,,,,33.3,0.438,0.8133
4431680,Onyeka Okongwu,ATL,C,C,ONTEAM,3,ACTIVE,80.01,0.15,67.99,79.1,62,7,11,False,74.0,,15.176,7.595,3.122,1.108,1.068,1.946,5.176,1.716,5.581,11.622,2.068,2.73,1.892,5.703,0.216,0.0,31.081,0.4802,0.7574,0,,,,,,,,,,,,,,,,,,,,,0,,,,,,,,,,,,,,,,,,,,,0,,,,,,,,,,,,,,,,,,,,,0,,,,,,,,,,,,,,,,,,,,,72.0,,14.958,7.806,3.0,1.097,1.0,1.75,4.694,1.597,5.542,11.306,2.125,2.806,,,,,30.6,0.4902,0.7574
2595516,Norman Powell,CHI,SG,SG/SF,ONTEAM,4,ACTIVE,79.24,0.22,67.34,82.6,65,7,13,False,58.0,,21.741,3.483,2.466,1.103,0.241,2.69,7.069,1.914,7.259,15.431,4.534,5.483,0.379,3.103,0.017,0.0,29.638,0.4704,0.827,0,,,,,,,,,,,,,,,,,,,,,0,,,,,,,,,,,,,,,,,,,,,0,,,,,,,,,,,,,,,,,,,,,0,,,,,,,,,,,,,,,,,,,,,69.0,,24.029,3.797,2.594,1.203,0.304,3.072,7.899,2.101,8.087,17.101,4.783,5.797,,,,,33.8,0.4729,0.825
4433627,Keyonte George,UTA,PG,PG/SG,FREEAGENT,0,ACTIVE,79.18,0.4,59.77,75.5,63,7,0,False,54.0,,23.611,3.685,6.148,1.074,0.259,2.481,6.685,3.074,7.444,16.315,6.241,7.0,0.426,3.259,0.074,0.0,33.074,0.4563,0.8915,0,,,,,,,,,,,,,,,,,,,,,0,,,,,,,,,,,,,,,,,,,,,0,,,,,,,,,,,,,,,,,,,,,0,,,,,,,,,,,,,,,,,,,,,68.0,,22.265,3.706,6.103,1.0,0.206,2.544,7.0,3.103,7.044,15.897,5.632,6.397,,,,,33.2,0.4431,0.8805
4437244,Jalen Green,PHO,SG,SG/SF,ONTEAM,8,ACTIVE,78.46,-0.82,51.42,114.6,115,1,8,False,32.0,,17.75,3.625,2.844,1.062,0.25,2.219,7.094,2.25,6.75,16.0,2.031,2.719,0.5,3.125,0.0,0.0,25.906,0.4219,0.7471,0,,,,,,,,,,,,,,,,,,,,,0,,,,,,,,,,,,,,,,,,,,,0,,,,,,,,,,,,,,,,,,,,,0,,,,,,,,,,,,,,,,,,,,,64.0,,21.406,4.594,3.5,1.094,0.297,2.75,8.406,2.594,7.891,18.703,2.875,3.703,,,,,32.4,0.4219,0.7764
5160992,Alex Sarr,WAS,C,PF/C,FREEAGENT,0,DAY_TO_DAY,78.0,-0.1,65.28,92.2,75,4,0,False,48.0,,16.312,7.396,2.708,0.812,1.979,1.042,3.125,1.708,6.583,13.667,2.104,3.042,2.188,5.208,0.25,0.0,27.208,0.4817,0.6918,0,,,,,,,,,,,,,,,,,,,,,0,,,,,,,,,,,,,,,,,,,,,0,,,,,,,,,,,,,,,,,,,,,0,,,,,,,,,,,,,,,,,,,,,66.0,,16.5,7.606,2.803,0.803,2.0,1.212,3.697,1.803,6.576,14.106,2.136,3.106,,,,,28.6,0.4662,0.6878
4431671,Jaden McDaniels,MIN,SF,SF/PF,ONTEAM,2,ACTIVE,77.82,-0.14,59.0,100.0,96,2,0,False,73.0,,14.849,4.247,2.726,1.11,1.0,1.411,3.425,1.795,5.712,11.082,2.014,2.411,1.041,3.205,0.0,0.0,31.74,0.5155,0.8352,0,,,,,,,,,,,,,,,,,,,,,0,,,,,,,,,,,,,,,,,,,,,0,,,,,,,,,,,,,,,,,,,,,0,,,,,,,,,,,,,,,,,,,,,74.0,,14.176,4.405,2.5,1.095,1.0,1.378,3.5,1.703,5.486,10.797,1.824,2.203,,,,,31.7,0.5081,0.8282
4251,Paul George,BOS,SF,SF/PF,ONTEAM,6,ACTIVE,77.76,-0.31,54.97,104.7,108,2,3,False,37.0,,17.324,5.324,3.595,1.676,0.432,2.703,6.892,1.73,6.081,13.865,2.459,3.0,0.541,4.784,0.054,0.0,30.595,0.4386,0.8198,0,,,,,,,,,,,,,,,,,,,,,0,,,,,,,,,,,,,,,,,,,,,0,,,,,,,,,,,,,,,,,,,,,0,,,,,,,,,,,,,,,,,,,,,55.0,,19.818,5.4,3.8,1.709,0.509,2.927,7.4,2.109,7.018,15.509,2.855,3.309,,,,,33.2,0.4525,0.8626
5105565,Donovan Clingan,POR,C,C,ONTEAM,2,ACTIVE,77.24,0.28,58.73,81.6,68,6,13,False,77.0,,12.13,11.584,2.104,0.571,1.688,1.091,3.195,1.234,4.623,8.883,1.792,2.636,4.506,7.078,0.481,0.0,27.182,0.5205,0.6798,0,,,,,,,,,,,,,,,,,,,,,0,,,,,,,,,,,,,,,,,,,,,0,,,,,,,,,,,,,,,,,,,,,0,,,,,,,,,,,,,,,,,,,,,73.0,,11.438,11.096,2.0,0.603,1.699,0.986,2.904,1.205,4.384,8.397,1.685,2.507,,,,,26.2,0.522,0.6721
6478,Nikola Vucevic,ORL,C,C,FREEAGENT,0,ACTIVE,76.92,-1.07,49.24,117.1,101,2,0,False,64.0,,15.078,8.391,3.328,0.609,0.641,1.562,4.234,1.328,6.156,12.484,1.203,1.453,1.953,6.438,0.359,0.0,28.422,0.4931,0.828,0,,,,,,,,,,,,,,,,,,,,,0,,,,,,,,,,,,,,,,,,,,,0,,,,,,,,,,,,,,,,,,,,,0,,,,,,,,,,,,,,,,,,,,,72.0,,13.764,7.694,2.694,0.597,0.597,1.208,3.403,1.194,5.708,11.403,1.139,1.403,,,,,25.1,0.5006,0.8119
2490149,CJ McCollum,ATL,SG,PG/SG,ONTEAM,4,ACTIVE,76.54,-0.1,61.95,97.3,80,4,10,False,76.0,,18.737,3.316,3.855,0.842,0.461,2.513,6.711,1.776,6.908,15.184,2.408,3.118,0.816,2.5,0.0,0.0,29.75,0.4549,0.7722,0,,,,,,,,,,,,,,,,,,,,,0,,,,,,,,,,,,,,,,,,,,,0,,,,,,,,,,,,,,,,,,,,,0,,,,,,,,,,,,,,,,,,,,,73.0,,19.11,3.397,3.904,0.795,0.507,2.644,7.0,1.795,7.041,15.507,2.384,3.096,,,,,30.2,0.4541,0.7699
4066354,Payton Pritchard,BOS,PG,PG/SG,ONTEAM,7,ACTIVE,76.38,-0.12,59.09,100.5,90,3,0,False,79.0,,17.025,3.949,5.165,0.734,0.127,2.684,7.114,1.38,6.405,13.81,1.532,1.722,0.873,3.076,0.063,0.0,32.418,0.4638,0.8897,0,,,,,,,,,,,,,,,,,,,,,0,,,,,,,,,,,,,,,,,,,,,0,,,,,,,,,,,,,,,,,,,,,0,,,,,,,,,,,,,,,,,,,,,72.0,,16.042,3.806,4.806,0.694,0.097,2.625,6.903,1.306,6.0,12.903,1.417,1.597,,,,,30.8,0.465,0.887
5041935,Cameron Boozer,MEM,PF,PF,FREEAGENT,0,ACTIVE,75.8,0.79,53.11,77.1,67,6,0,False,,,,,,,,,,,,,,,,,,,,,,0,,,,,,,,,,,,,,,,,,,,,0,,,,,,,,,,,,,,,,,,,,,0,,,,,,,,,,,,,,,,,,,,,0,,,,,,,,,,,,,,,,,,,,,72.0,,18.514,7.903,3.097,1.097,0.806,0.333,0.903,2.5,7.194,14.597,3.792,4.806,,,,,31.7,0.4929,0.789
4684742,Ausar Thompson,DET,SF,SF/PF,ONTEAM,6,ACTIVE,74.78,-0.05,41.91,103.6,103,2,0,False,73.0,,9.877,5.726,3.123,2.0,0.945,0.082,0.329,1.507,4.151,7.904,1.493,2.616,2.055,3.671,0.041,0.0,26.027,0.5251,0.5707,0,,,,,,,,,,,,,,,,,,,,,0,,,,,,,,,,,,,,,,,,,,,0,,,,,,,,,,,,,,,,,,,,,0,,,,,,,,,,,,,,,,,,,,,70.0,,10.4,6.0,3.1,2.0,1.0,0.114,0.5,1.6,4.357,8.3,1.571,2.7,,,,,26.8,0.525,0.582
5095151,Caleb Wilson,CHI,SF,SF,FREEAGENT,0,ACTIVE,73.64,0.99,51.53,76.7,66,6,0,False,,,,,,,,,,,,,,,,,,,,,,0,,,,,,,,,,,,,,,,,,,,,0,,,,,,,,,,,,,,,,,,,,,0,,,,,,,,,,,,,,,,,,,,,0,,,,,,,,,,,,,,,,,,,,,71.0,,17.915,8.099,1.901,1.099,1.394,0.732,2.296,2.099,6.704,13.704,3.775,4.901,,,,,32.1,0.4892,0.7701
4395625,RJ Barrett,TOR,SF,SG/SF,ONTEAM,5,ACTIVE,72.94,-0.31,47.46,112.4,104,2,0,False,57.0,,19.263,5.263,3.316,0.737,0.333,1.684,4.965,1.737,7.035,14.316,3.509,4.895,0.965,4.298,0.0,0.0,30.246,0.4914,0.7168,0,,,,,,,,,,,,,,,,,,,,,0,,,,,,,,,,,,,,,,,,,,,0,,,,,,,,,,,,,,,,,,,,,0,,,,,,,,,,,,,,,,,,,,,66.0,,19.742,5.606,3.894,0.697,0.303,1.697,4.894,2.106,7.303,15.106,3.439,5.0,,,,,30.8,0.4835,0.6879
3059319,Andrew Wiggins,MIA,SF,SF/PF,FREEAGENT,0,ACTIVE,72.76,-0.48,44.49,116.1,105,2,0,False,68.0,,15.368,4.838,2.676,1.118,1.015,2.029,4.897,1.515,5.735,12.074,1.868,2.382,1.691,3.147,0.029,0.0,30.353,0.475,0.784,0,,,,,,,,,,,,,,,,,,,,,0,,,,,,,,,,,,,,,,,,,,,0,,,,,,,,,,,,,,,,,,,,,0,,,,,,,,,,,,,,,,,,,,,67.0,,15.657,4.806,2.701,1.104,1.0,2.045,5.0,1.507,5.791,12.299,2.03,2.597,,,,,30.4,0.4709,0.7816
4711272,Reed Sheppard,HOU,SG,PG/SG,FREEAGENT,0,ACTIVE,72.36,-0.16,52.19,104.8,88,3,0,False,82.0,,13.537,2.902,3.378,1.488,0.659,2.768,7.024,1.5,4.963,11.537,0.841,1.049,0.341,2.561,0.024,0.0,26.22,0.4302,0.8023,0,,,,,,,,,,,,,,,,,,,,,0,,,,,,,,,,,,,,,,,,,,,0,,,,,,,,,,,,,,,,,,,,,0,,,,,,,,,,,,,,,,,,,,,76.0,,13.474,3.0,3.395,1.5,0.697,2.776,7.105,1.5,4.947,11.605,0.803,1.0,,,,,26.7,0.4263,0.8026
4395724,Immanuel Quickley,TOR,PG,PG/SG,ONTEAM,6,ACTIVE,70.46,0.08,32.63,107.0,91,2,0,False,70.0,,16.429,4.029,5.929,1.314,0.071,2.543,6.8,1.457,5.729,12.929,2.429,2.957,0.543,3.486,0.114,0.0,31.957,0.4431,0.8213,0,,,,,,,,,,,,,,,,,,,,,0,,,,,,,,,,,,,,,,,,,,,0,,,,,,,,,,,,,,,,,,,,,0,,,,,,,,,,,,,,,,,,,,,65.0,,17.046,4.0,5.8,1.108,0.108,2.615,6.908,1.508,5.831,13.308,2.769,3.308,,,,,31.4,0.4382,0.8372
3907497,Dejounte Murray,NOP,SG,PG/SG,ONTEAM,5,ACTIVE,70.36,1.37,51.88,68.1,51,11,0,False,14.0,,16.714,5.357,6.357,1.643,0.214,1.357,4.429,3.357,6.286,13.0,2.786,3.214,0.286,5.071,0.071,0.0,27.857,0.4835,0.8667,0,,,,,,,,,,,,,,,,,,,,,0,,,,,,,,,,,,,,,,,,,,,0,,,,,,,,,,,,,,,,,,,,,0,,,,,,,,,,,,,,,,,,,,,68.0,,19.529,5.397,6.397,1.5,0.294,2.088,6.103,2.794,7.382,16.5,2.676,3.294,,,,,32.4,0.4474,0.8125
3102531,Kristaps Porzingis,GSW,C,PF/C,ONTEAM,6,DAY_TO_DAY,69.94,-0.59,44.95,113.6,99,2,0,False,32.0,,16.656,5.219,2.531,0.562,1.188,1.688,5.0,1.281,5.406,12.125,4.156,4.938,1.25,3.969,0.031,0.0,24.062,0.4459,0.8418,0,,,,,,,,,,,,,,,,,,,,,0,,,,,,,,,,,,,,,,,,,,,0,,,,,,,,,,,,,,,,,,,,,0,,,,,,,,,,,,,,,,,,,,,59.0,,18.847,6.508,2.203,0.695,1.593,2.0,5.305,1.407,6.322,13.0,4.203,5.0,,,,,27.7,0.4863,0.8407
4397140,Kevin Porter Jr.,MIL,SG,PG/SG,FREEAGENT,0,ACTIVE,69.81,-0.31,37.8,115.1,100,2,0,False,38.0,,17.395,5.211,7.368,2.184,0.5,1.211,3.763,2.895,6.289,13.526,3.605,4.105,0.895,4.316,0.263,0.053,33.184,0.465,0.8782,0,,,,,,,,,,,,,,,,,,,,,0,,,,,,,,,,,,,,,,,,,,,0,,,,,,,,,,,,,,,,,,,,,0,,,,,,,,,,,,,,,,,,,,,66.0,,14.076,4.303,5.697,1.697,0.394,0.985,3.106,2.394,5.121,11.106,2.848,3.303,,,,,26.8,0.4611,0.8624
4711294,Matas Buzelis,CHI,SF,SF/PF,ONTEAM,1,ACTIVE,69.32,0.67,48.63,90.0,76,4,0,False,77.0,,16.26,5.818,2.052,0.701,1.506,2.247,6.429,2.065,5.792,12.506,2.429,3.091,1.0,4.818,0.052,0.0,29.195,0.4631,0.7857,0,,,,,,,,,,,,,,,,,,,,,0,,,,,,,,,,,,,,,,,,,,,0,,,,,,,,,,,,,,,,,,,,,0,,,,,,,,,,,,,,,,,,,,,74.0,,16.676,6.0,2.095,0.703,1.595,2.311,6.595,2.095,5.959,12.905,2.446,3.095,,,,,30.5,0.4618,0.7904
3133628,Myles Turner,MIL,C,C,FREEAGENT,0,ACTIVE,66.97,-1.25,38.16,127.5,121,1,0,False,71.0,,11.915,5.324,1.451,0.704,1.62,2.07,5.408,1.169,4.0,9.099,1.845,2.493,1.056,4.268,0.056,0.0,26.901,0.4396,0.7401,0,,,,,,,,,,,,,,,,,,,,,0,,,,,,,,,,,,,,,,,,,,,0,,,,,,,,,,,,,,,,,,,,,0,,,,,,,,,,,,,,,,,,,,,71.0,,12.423,5.507,1.507,0.704,1.704,2.085,5.394,1.296,4.197,9.394,1.944,2.606,,,,,27.4,0.4468,0.7459
3908845,John Collins,DET,PF,PF/C,ONTEAM,6,ACTIVE,66.54,-0.12,29.53,115.9,102,2,0,False,69.0,,13.551,5.319,1.014,0.87,0.739,1.29,3.174,1.377,5.275,9.551,1.71,2.232,1.594,3.725,0.043,0.0,27.087,0.5524,0.7662,0,,,,,,,,,,,,,,,,,,,,,0,,,,,,,,,,,,,,,,,,,,,0,,,,,,,,,,,,,,,,,,,,,0,,,,,,,,,,,,,,,,,,,,,68.0,,16.368,7.706,1.294,0.794,0.897,1.441,3.706,1.706,6.309,11.706,2.309,2.897,,,,,30.6,0.5389,0.797
5041955,Darryn Peterson,UTA,SG,PG/SG,FREEAGENT,0,ACTIVE,65.23,0.32,30.57,109.0,107,2,0,False,,,,,,,,,,,,,,,,,,,,,,0,,,,,,,,,,,,,,,,,,,,,0,,,,,,,,,,,,,,,,,,,,,0,,,,,,,,,,,,,,,,,,,,,0,,,,,,,,,,,,,,,,,,,,,73.0,,19.438,3.795,2.795,1.301,0.301,0.918,2.507,2.301,7.041,15.603,4.438,5.397,,,,,29.7,0.4513,0.8223
4591725,Ryan Rollins,MIL,SG,PG/SG,FREEAGENT,0,ACTIVE,64.52,0.28,28.42,109.9,97,2,0,False,74.0,,17.311,4.568,5.595,1.486,0.419,2.486,6.122,2.716,6.568,13.919,1.689,2.122,0.73,3.838,0.081,0.0,32.095,0.4718,0.7962,0,,,,,,,,,,,,,,,,,,,,,0,,,,,,,,,,,,,,,,,,,,,0,,,,,,,,,,,,,,,,,,,,,0,,,,,,,,,,,,,,,,,,,,,69.0,,14.913,4.0,4.797,1.304,0.406,2.145,5.304,2.304,5.667,12.0,1.435,1.797,,,,,28.0,0.4722,0.7984
3064440,Zach LaVine,SAC,SG,SG/SF,ONTEAM,4,ACTIVE,64.23,-0.68,38.31,126.0,131,1,3,False,39.0,,19.179,2.769,2.282,0.718,0.256,2.538,6.513,1.897,6.718,14.026,3.205,3.641,0.205,2.564,0.0,0.0,31.436,0.479,0.8803,0,,,,,,,,,,,,,,,,,,,,,0,,,,,,,,,,,,,,,,,,,,,0,,,,,,,,,,,,,,,,,,,,,0,,,,,,,,,,,,,,,,,,,,,61.0,,20.508,3.803,3.393,0.705,0.197,2.754,6.705,2.295,7.311,14.902,3.131,3.705,,,,,32.8,0.4906,0.8451
4065733,Ty Jerome,MEM,SG,PG/SG,FREEAGENT,0,ACTIVE,60.93,1.3,35.27,93.4,72,5,0,False,15.0,,19.667,2.8,5.667,1.067,0.267,2.8,6.667,1.8,6.8,14.333,3.267,3.733,0.733,2.067,0.0,0.0,22.733,0.4744,0.875,0,,,,,,,,,,,,,,,,,,,,,0,,,,,,,,,,,,,,,,,,,,,0,,,,,,,,,,,,,,,,,,,,,0,,,,,,,,,,,,,,,,,,,,,64.0,,19.828,3.203,5.594,1.297,0.203,2.719,6.406,1.906,6.984,14.297,3.141,3.594,,,,,25.8,0.4885,0.8739
6440,Tobias Harris,SAS,PF,SF/PF,FREEAGENT,0,DAY_TO_DAY,60.45,-0.26,18.56,121.0,106,2,0,False,63.0,,13.27,5.127,2.492,0.921,0.413,1.302,3.54,1.0,4.905,10.46,2.159,2.492,0.873,4.254,0.048,0.0,27.762,0.4689,0.8662,0,,,,,,,,,,,,,,,,,,,,,0,,,,,,,,,,,,,,,,,,,,,0,,,,,,,,,,,,,,,,,,,,,0,,,,,,,,,,,,,,,,,,,,,71.0,,14.521,5.704,2.606,1.0,0.606,1.282,3.606,1.099,5.493,11.507,2.254,2.606,,,,,30.5,0.4774,0.8649
3134908,Jakob Poeltl,TOR,C,C,ONTEAM,7,ACTIVE,60.35,-0.6,31.29,126.9,110,2,0,False,46.0,,10.717,7.022,2.022,0.87,0.696,0.0,0.0,1.239,4.717,6.739,1.283,2.13,2.478,4.543,0.152,0.0,25.0,0.7,0.602,0,,,,,,,,,,,,,,,,,,,,,0,,,,,,,,,,,,,,,,,,,,,0,,,,,,,,,,,,,,,,,,,,,0,,,,,,,,,,,,,,,,,,,,,66.0,,12.045,8.394,2.394,0.894,1.106,,,1.606,5.318,8.106,1.409,2.303,,,,,27.0,0.6561,0.6118
4395712,Andrew Nembhard,IND,PG,PG/SG,ONTEAM,6,ACTIVE,60.03,-0.95,22.87,130.4,123,1,0,False,57.0,,16.947,2.807,7.667,0.895,0.14,1.877,5.193,2.404,5.842,13.211,3.386,4.105,0.439,2.368,0.228,0.0,31.333,0.4422,0.8248,0,,,,,,,,,,,,,,,,,,,,,0,,,,,,,,,,,,,,,,,,,,,0,,,,,,,,,,,,,,,,,,,,,0,,,,,,,,,,,,,,,,,,,,,71.0,,12.592,3.0,5.901,1.099,0.099,1.211,3.606,2.0,4.718,10.197,1.944,2.394,,,,,30.7,0.4627,0.8118
4278067,Nic Claxton,CHI,C,C,FREEAGENT,0,ACTIVE,60.01,-0.23,13.97,123.0,109,2,0,False,69.0,,11.739,6.928,3.667,0.652,1.116,0.043,0.275,1.391,4.826,8.449,2.043,3.319,2.435,4.493,0.159,0.029,27.826,0.5712,0.6157,0,,,,,,,,,,,,,,,,,,,,,0,,,,,,,,,,,,,,,,,,,,,0,,,,,,,,,,,,,,,,,,,,,0,,,,,,,,,,,,,,,,,,,,,69.0,,11.551,7.101,3.406,0.696,1.203,0.058,0.304,1.406,4.812,8.406,1.87,3.101,,,,,27.8,0.5724,0.6028
5105623,Kel'el Ware,MIL,C,C,ONTEAM,6,ACTIVE,59.51,0.77,26.62,107.2,95,2,0,False,77.0,,11.052,9.013,0.727,0.766,1.091,1.195,3.026,0.805,4.468,8.429,0.922,1.247,2.818,6.195,0.312,0.0,22.182,0.53,0.7396,0,,,,,,,,,,,,,,,,,,,,,0,,,,,,,,,,,,,,,,,,,,,0,,,,,,,,,,,,,,,,,,,,,0,,,,,,,,,,,,,,,,,,,,,72.0,,11.861,9.597,0.806,0.806,1.194,1.208,3.097,0.903,4.847,9.097,0.958,1.306,,,,,24.3,0.5328,0.734
4600663,Zach Edey,MEM,C,C,FREEAGENT,0,DAY_TO_DAY,55.84,0,14.45,124.3,116,1,0,False,11.0,,13.636,11.091,1.091,0.636,1.909,0.091,0.455,2.364,5.636,8.909,2.273,2.909,3.909,7.182,0.455,0.0,25.818,0.6327,0.7812,0,,,,,,,,,,,,,,,,,,,,,0,,,,,,,,,,,,,,,,,,,,,0,,,,,,,,,,,,,,,,,,,,,0,,,,,,,,,,,,,,,,,,,,,62.0,,12.726,10.806,1.194,0.694,1.806,0.21,0.694,2.097,5.242,8.597,2.032,2.694,,,,,26.4,0.6098,0.7545
6430,Jimmy Butler III,GSW,SF,SG/SF,FREEAGENT,0,OUT,54.83,-1.91,24.22,136.6,207,0,0,False,38.0,,20.0,5.553,4.868,1.447,0.211,0.842,2.237,1.579,6.316,12.158,6.526,7.553,2.316,3.237,0.079,0.0,31.184,0.5195,0.8641,0,,,,,,,,,,,,,,,,,,,,,0,,,,,,,,,,,,,,,,,,,,,0,,,,,,,,,,,,,,,,,,,,,0,,,,,,,,,,,,,,,,,,,,,39.0,,19.41,5.41,5.103,1.41,0.308,0.821,2.205,1.513,6.128,12.103,6.333,7.41,,,,,32.4,0.5064,0.8547
4432639,Jabari Smith Jr.,HOU,PF,PF/C,ONTEAM,1,ACTIVE,54.26,0.43,17.52,122.1,120,1,0,False,77.0,,15.779,6.87,1.857,0.727,0.922,2.299,6.338,1.364,5.688,12.662,2.104,2.714,1.403,5.468,0.182,0.0,35.143,0.4492,0.7751,0,,,,,,,,,,,,,,,,,,,,,0,,,,,,,,,,,,,,,,,,,,,0,,,,,,,,,,,,,,,,,,,,,0,,,,,,,,,,,,,,,,,,,,,73.0,,14.137,6.795,1.603,0.603,0.795,2.027,5.603,1.205,5.068,11.301,1.973,2.507,,,,,32.1,0.4485,0.7869
4869780,Derik Queen,NOP,C,PF/C,ONTEAM,2,ACTIVE,53.25,1.52,34.45,102.5,87,3,0,False,81.0,,11.704,7.062,3.679,1.037,0.914,0.284,1.086,2.346,4.37,9.235,2.679,3.37,1.679,5.383,0.173,0.025,25.037,0.4733,0.7949,0,,,,,,,,,,,,,,,,,,,,,0,,,,,,,,,,,,,,,,,,,,,0,,,,,,,,,,,,,,,,,,,,,0,,,,,,,,,,,,,,,,,,,,,76.0,,12.342,7.395,3.895,1.105,1.0,0.289,1.105,2.5,4.592,9.697,2.868,3.605,,,,,26.4,0.4735,0.7956
4594327,Keegan Murray,SAC,PF,SF/PF,FREEAGENT,0,ACTIVE,52.64,0.42,9.84,123.8,113,1,0,False,23.0,,13.957,5.739,1.652,1.043,1.565,1.348,4.87,1.174,5.478,13.043,1.652,2.13,1.435,4.304,0.087,0.0,34.565,0.42,0.7755,0,,,,,,,,,,,,,,,,,,,,,0,,,,,,,,,,,,,,,,,,,,,0,,,,,,,,,,,,,,,,,,,,,0,,,,,,,,,,,,,,,,,,,,,71.0,,13.831,6.0,1.606,0.901,1.0,2.042,6.0,0.901,5.324,12.0,1.141,1.394,,,,,34.1,0.4437,0.8182
5142620,Darius Acuff Jr.,SAC,PG,PG,FREEAGENT,0,ACTIVE,49.63,1.56,24.47,108.5,94,2,0,False,,,,,,,,,,,,,,,,,,,,,,0,,,,,,,,,,,,,,,,,,,,,0,,,,,,,,,,,,,,,,,,,,,0,,,,,,,,,,,,,,,,,,,,,0,,,,,,,,,,,,,,,,,,,,,73.0,,16.904,3.301,5.904,1.096,0.301,0.863,2.301,2.904,6.041,13.603,3.959,4.699,,,,,30.6,0.4441,0.8426
4709138,Brandin Podziemski,GSW,SG,PG/SG,ONTEAM,1,ACTIVE,48.04,2.33,33.3,93.9,74,4,0,False,82.0,,13.817,5.11,3.707,1.073,0.183,1.866,5.024,1.598,4.805,10.561,2.341,2.939,0.878,4.232,0.061,0.0,28.463,0.455,0.7967,0,,,,,,,,,,,,,,,,,,,,,0,,,,,,,,,,,,,,,,,,,,,0,,,,,,,,,,,,,,,,,,,,,0,,,,,,,,,,,,,,,,,,,,,79.0,,14.658,5.595,4.0,1.203,0.203,2.013,5.405,1.696,5.177,11.405,2.291,2.899,,,,,30.9,0.4539,0.7904
3064290,Aaron Gordon,DEN,PF,PF,FREEAGENT,0,ACTIVE,47.6,-0.81,12.02,132.1,134,0,0,False,36.0,,16.167,5.806,2.667,0.583,0.278,1.694,4.361,1.056,5.5,11.056,3.472,4.528,1.417,4.389,0.111,0.0,27.861,0.4975,0.7669,0,,,,,,,,,,,,,,,,,,,,,0,,,,,,,,,,,,,,,,,,,,,0,,,,,,,,,,,,,,,,,,,,,0,,,,,,,,,,,,,,,,,,,,,66.0,,15.545,5.5,3.106,0.5,0.303,1.515,3.697,1.303,5.455,10.5,3.121,4.0,,,,,29.3,0.5195,0.7803
2991230,Fred VanVleet,HOU,PG,PG/SG,FREEAGENT,0,DAY_TO_DAY,45.57,1.61,25.54,108.3,89,3,0,False,0,,,,,,,,,,,,,,,,,,,,,0,,,,,,,,,,,,,,,,,,,,,0,,,,,,,,,,,,,,,,,,,,,0,,,,,,,,,,,,,,,,,,,,,0,,,,,,,,,,,,,,,,,,,,,68.0,,13.971,3.397,6.0,1.294,0.5,2.544,7.0,1.397,4.706,11.897,2.015,2.397,,,,,32.2,0.3956,0.8405
4397002,Ayo Dosunmu,MIN,SG,PG/SG,FREEAGENT,0,ACTIVE,43.51,1.59,15.28,114.7,98,2,0,False,69.0,,14.812,3.435,3.609,0.841,0.261,1.783,4.058,1.391,5.594,10.826,1.841,2.101,0.681,2.754,0.029,0.014,27.29,0.5167,0.8759,0,,,,,,,,,,,,,,,,,,,,,0,,,,,,,,,,,,,,,,,,,,,0,,,,,,,,,,,,,,,,,,,,,0,,,,,,,,,,,,,,,,,,,,,72.0,,15.264,3.597,3.903,0.903,0.306,1.833,4.306,1.5,5.806,11.306,1.819,2.097,,,,,29.4,0.5135,0.8675
4222252,Isaiah Hartenstein,OKC,C,C,ONTEAM,1,ACTIVE,43.45,-0.51,13.74,133.2,130,1,12,False,47.0,,9.191,9.426,3.532,1.021,0.766,0.0,0.149,1.745,3.915,6.298,1.362,2.234,3.17,6.255,0.234,0.021,24.298,0.6216,0.6095,0,,,,,,,,,,,,,,,,,,,,,0,,,,,,,,,,,,,,,,,,,,,0,,,,,,,,,,,,,,,,,,,,,0,,,,,,,,,,,,,,,,,,,,,64.0,,9.469,9.594,3.5,1.0,0.797,,0.203,1.703,4.047,6.594,1.375,2.203,,,,,25.0,0.6137,0.6241
6589,Draymond Green,GSW,PF,PF/C,FREEAGENT,0,ACTIVE,39.67,-1.16,13.75,134.8,148,0,0,False,68.0,,8.382,5.515,5.529,0.897,0.618,1.485,4.559,2.662,3.015,7.221,0.868,1.235,0.809,4.706,0.029,0.0,27.5,0.4175,0.7024,0,,,,,,,,,,,,,,,,,,,,,0,,,,,,,,,,,,,,,,,,,,,0,,,,,,,,,,,,,,,,,,,,,0,,,,,,,,,,,,,,,,,,,,,64.0,,8.688,6.094,5.703,1.094,0.797,1.25,3.703,2.594,3.156,7.203,1.125,1.594,,,,,27.9,0.4382,0.7059
4395630,Devin Vassell,SAS,SG,SG/SF,ONTEAM,6,ACTIVE,38.25,-0.69,14.88,134.8,140,0,0,False,67.0,,13.91,4.015,2.493,0.851,0.373,2.478,6.448,0.896,4.925,11.269,1.582,1.94,0.582,3.433,0.015,0.0,30.522,0.4371,0.8154,0,,,,,,,,,,,,,,,,,,,,,0,,,,,,,,,,,,,,,,,,,,,0,,,,,,,,,,,,,,,,,,,,,0,,,,,,,,,,,,,,,,,,,,,69.0,,14.304,3.507,2.696,0.899,0.406,2.145,5.696,1.101,5.275,11.696,1.609,2.0,,,,,27.5,0.4511,0.8043
4432848,Jaime Jaquez Jr.,MIL,SF,SG/SF,ONTEAM,1,ACTIVE,37.07,1.49,8.91,122.8,111,1,0,False,75.0,,15.36,5.0,4.693,0.68,0.28,0.773,2.44,2.027,6.187,12.2,2.213,2.88,1.28,3.72,0.08,0.0,28.307,0.5071,0.7685,0,,,,,,,,,,,,,,,,,,,,,0,,,,,,,,,,,,,,,,,,,,,0,,,,,,,,,,,,,,,,,,,,,0,,,,,,,,,,,,,,,,,,,,,74.0,,14.365,4.905,4.297,0.703,0.297,0.757,2.405,1.905,5.73,11.405,2.149,2.797,,,,,27.3,0.5024,0.7681
4351851,Anfernee Simons,PHL,SG,PG/SG,ONTEAM,8,ACTIVE,36.97,-2.28,21.52,140.2,202,0,10,False,55.0,,14.273,2.455,2.436,0.491,0.145,2.655,6.891,1.236,5.182,11.782,1.255,1.4,0.564,1.891,0.0,0.0,24.927,0.4398,0.8961,0,,,,,,,,,,,,,,,,,,,,,0,,,,,,,,,,,,,,,,,,,,,0,,,,,,,,,,,,,,,,,,,,,0,,,,,,,,,,,,,,,,,,,,,66.0,,14.727,2.303,3.0,0.5,0.106,2.53,6.697,1.394,5.288,12.197,1.621,1.803,,,,,25.1,0.4335,0.8992
4277956,Jordan Poole,NOP,SG,PG/SG,ONTEAM,8,ACTIVE,35.63,-2.1,27.39,139.6,214,0,7,False,39.0,,13.436,1.974,3.051,0.564,0.385,2.462,7.385,1.769,4.231,11.385,2.513,2.923,0.231,1.744,0.0,0.0,23.974,0.3716,0.8596,0,,,,,,,,,,,,,,,,,,,,,0,,,,,,,,,,,,,,,,,,,,,0,,,,,,,,,,,,,,,,,,,,,0,,,,,,,,,,,,,,,,,,,,,66.0,,13.227,2.0,3.197,0.803,0.303,2.045,6.0,1.894,4.545,11.106,2.091,2.394,,,,,22.1,0.4093,0.8734
5175643,Egor Demin,BKN,PG,PG/SG,FREEAGENT,0,ACTIVE,34.48,-0.14,5.2,134.8,127,1,0,False,52.0,,10.308,3.173,3.327,0.808,0.327,2.385,6.192,1.654,3.442,8.635,1.038,1.25,0.404,2.769,0.019,0.0,25.096,0.3987,0.8308,0,,,,,,,,,,,,,,,,,,,,,0,,,,,,,,,,,,,,,,,,,,,0,,,,,,,,,,,,,,,,,,,,,0,,,,,,,,,,,,,,,,,,,,,71.0,,13.254,4.099,4.296,1.0,0.394,3.085,8.0,2.099,4.423,11.099,1.324,1.606,,,,,32.3,0.3985,0.8246
4576087,Peyton Watson,CLE,SF,SF/PF,FREEAGENT,0,DAY_TO_DAY,34.09,1.49,6.83,125.9,114,1,0,False,54.0,,14.611,4.889,2.056,0.926,1.13,1.5,3.648,1.722,5.278,10.759,2.556,3.5,0.907,3.981,0.037,0.0,29.556,0.4905,0.7302,0,,,,,,,,,,,,,,,,,,,,,0,,,,,,,,,,,,,,,,,,,,,0,,,,,,,,,,,,,,,,,,,,,0,,,,,,,,,,,,,,,,,,,,,71.0,,14.239,5.0,2.099,0.901,1.296,1.437,3.606,1.606,5.169,10.606,2.465,3.394,,,,,30.7,0.4874,0.7261
4431767,Christian Braun,DEN,SG,SG/SF,FREEAGENT,0,ACTIVE,33.58,-2.1,26.09,140.6,208,0,0,False,44.0,,11.955,4.795,2.727,0.682,0.273,0.977,3.25,0.977,4.591,8.841,1.795,2.295,1.386,3.409,0.0,0.0,31.795,0.5193,0.7822,0,,,,,,,,,,,,,,,,,,,,,0,,,,,,,,,,,,,,,,,,,,,0,,,,,,,,,,,,,,,,,,,,,0,,,,,,,,,,,,,,,,,,,,,65.0,,10.938,4.2,2.308,0.708,0.308,0.877,2.708,0.8,4.2,7.908,1.662,2.108,,,,,27.5,0.5311,0.7883
5144091,Jeremiah Fears,NOP,SG,PG/SG,FREEAGENT,0,ACTIVE,33.4,1.22,7.2,128.3,119,1,0,False,82.0,,14.256,3.659,3.402,1.183,0.366,1.232,3.732,2.171,5.329,12.268,2.366,3.0,0.732,2.927,0.037,0.0,25.732,0.4344,0.7886,0,,,,,,,,,,,,,,,,,,,,,0,,,,,,,,,,,,,,,,,,,,,0,,,,,,,,,,,,,,,,,,,,,0,,,,,,,,,,,,,,,,,,,,,77.0,,14.636,3.805,3.506,1.195,0.403,1.26,3.805,2.195,5.468,12.597,2.442,3.104,,,,,26.4,0.434,0.7866
4278129,Deandre Ayton,WAS,C,C,ONTEAM,1,ACTIVE,33.29,-2.0,12.51,140.3,182,0,0,False,72.0,,12.458,7.986,0.819,0.569,0.972,0.0,0.0,1.153,5.597,8.347,1.264,1.958,2.569,5.417,0.306,0.0,27.264,0.6705,0.6454,0,,,,,,,,,,,,,,,,,,,,,0,,,,,,,,,,,,,,,,,,,,,0,,,,,,,,,,,,,,,,,,,,,0,,,,,,,,,,,,,,,,,,,,,64.0,,11.469,7.594,1.0,0.594,0.703,0.031,0.203,1.203,5.234,8.594,0.969,1.406,,,,,23.8,0.6091,0.6889
4873138,Ace Bailey,UTA,SF,SF/PF,FREEAGENT,0,ACTIVE,32.58,0.17,9.33,132.8,138,0,0,False,72.0,,13.792,4.194,1.819,0.833,0.681,1.903,5.528,1.486,5.486,12.389,0.917,1.222,1.444,2.75,0.014,0.0,27.556,0.4428,0.75,0,,,,,,,,,,,,,,,,,,,,,0,,,,,,,,,,,,,,,,,,,,,0,,,,,,,,,,,,,,,,,,,,,0,,,,,,,,,,,,,,,,,,,,,72.0,,14.181,4.306,1.903,0.903,0.694,1.958,5.694,1.5,5.625,12.694,0.972,1.306,,,,,28.2,0.4431,0.7447
5175737,Yaxel Lendeborg,GSW,SF,SF/PF,FREEAGENT,0,ACTIVE,32.23,0.19,10.56,132.6,171,0,0,False,,,,,,,,,,,,,,,,,,,,,,0,,,,,,,,,,,,,,,,,,,,,0,,,,,,,,,,,,,,,,,,,,,0,,,,,,,,,,,,,,,,,,,,,0,,,,,,,,,,,,,,,,,,,,,71.0,,10.606,5.099,2.197,1.0,0.803,0.268,0.803,1.507,4.141,8.803,2.056,2.606,,,,,24.6,0.4704,0.7892
4066262,Malik Monk,SAC,SG,PG/SG,FREEAGENT,0,ACTIVE,31.29,-1.35,7.76,139.5,136,0,0,False,62.0,,12.452,1.887,2.984,0.597,0.387,2.0,5.065,1.468,4.468,10.194,1.516,1.726,0.242,1.645,0.0,0.0,21.984,0.4383,0.8785,0,,,,,,,,,,,,,,,,,,,,,0,,,,,,,,,,,,,,,,,,,,,0,,,,,,,,,,,,,,,,,,,,,0,,,,,,,,,,,,,,,,,,,,,68.0,,14.853,2.794,4.5,0.706,0.5,2.059,5.794,2.0,5.368,12.206,2.059,2.397,,,,,26.2,0.4398,0.8589
4914336,Shaedon Sharpe,POR,SG,SG/SF,FREEAGENT,0,OUT,31.29,-2.19,9.72,140.1,323,0,0,False,50.0,,20.84,4.34,2.64,1.4,0.12,2.06,6.12,2.94,7.84,17.36,3.1,3.94,1.02,3.32,0.0,0.0,29.42,0.4516,0.7868,0,,,,,,,,,,,,,,,,,,,,,0,,,,,,,,,,,,,,,,,,,,,0,,,,,,,,,,,,,,,,,,,,,0,,,,,,,,,,,,,,,,,,,,,27.0,,16.815,3.704,2.296,1.0,0.111,1.704,5.185,2.185,6.296,14.0,2.519,3.185,,,,,25.4,0.4497,0.7907
4397014,Quentin Grimes,LAL,SG,SG/SF,ONTEAM,6,ACTIVE,30.39,1.43,5.67,129.1,117,1,0,False,75.0,,13.413,3.64,3.253,0.853,0.373,1.693,5.067,1.773,4.533,10.067,2.653,3.16,0.613,3.027,0.027,0.0,29.493,0.4503,0.8397,0,,,,,,,,,,,,,,,,,,,,,0,,,,,,,,,,,,,,,,,,,,,0,,,,,,,,,,,,,,,,,,,,,0,,,,,,,,,,,,,,,,,,,,,73.0,,14.918,4.205,3.397,1.0,0.397,2.068,5.795,1.904,5.137,11.301,2.575,3.205,,,,,30.8,0.4545,0.8034
4903027,Cedric Coward,MEM,SF,SG/SF,FREEAGENT,0,ACTIVE,30.24,1.76,6.31,127.7,118,1,0,False,62.0,,13.597,5.871,2.758,0.645,0.435,1.5,4.435,1.694,4.919,10.452,2.258,2.677,1.339,4.532,0.113,0.0,25.839,0.4707,0.8434,0,,,,,,,,,,,,,,,,,,,,,0,,,,,,,,,,,,,,,,,,,,,0,,,,,,,,,,,,,,,,,,,,,0,,,,,,,,,,,,,,,,,,,,,69.0,,15.362,6.507,3.0,0.696,0.507,1.696,4.899,1.899,5.536,11.507,2.594,3.0,,,,,28.5,0.4811,0.8647
4278049,Daniel Gafford,DAL,C,C,FREEAGENT,0,ACTIVE,30.04,-0.13,4.39,136.3,125,1,0,False,55.0,,9.527,6.873,1.055,0.764,1.255,0.0,0.0,1.145,3.764,5.745,2.0,2.927,2.509,4.364,0.182,0.0,21.673,0.6551,0.6832,0,,,,,,,,,,,,,,,,,,,,,0,,,,,,,,,,,,,,,,,,,,,0,,,,,,,,,,,,,,,,,,,,,0,,,,,,,,,,,,,,,,,,,,,68.0,,10.691,7.103,1.294,0.706,1.706,,,1.103,4.353,6.294,1.985,2.897,,,,,22.5,0.6916,0.6853
3995,Jrue Holiday,POR,PG,PG/SG,ONTEAM,7,ACTIVE,30.01,0.68,9.07,132.1,128,1,0,False,53.0,,16.321,4.623,6.075,1.019,0.113,2.585,6.83,2.755,6.038,13.377,1.66,1.981,1.34,3.283,0.17,0.0,29.396,0.4513,0.8381,0,,,,,,,,,,,,,,,,,,,,,0,,,,,,,,,,,,,,,,,,,,,0,,,,,,,,,,,,,,,,,,,,,0,,,,,,,,,,,,,,,,,,,,,68.0,,12.559,4.5,4.706,0.897,0.397,2.0,5.206,1.794,4.721,10.294,1.118,1.294,,,,,29.1,0.4586,0.8636
4278585,Collin Gillespie,PHO,PG,PG,ONTEAM,6,ACTIVE,29.06,1.59,4.39,127.2,112,1,0,False,80.0,,12.65,4.088,4.638,1.238,0.2,2.9,7.225,1.55,4.4,10.525,0.95,1.087,1.113,2.975,0.037,0.0,28.475,0.4181,0.8736,0,,,,,,,,,,,,,,,,,,,,,0,,,,,,,,,,,,,,,,,,,,,0,,,,,,,,,,,,,,,,,,,,,0,,,,,,,,,,,,,,,,,,,,,73.0,,11.918,3.904,4.397,1.205,0.205,2.74,6.795,1.397,4.151,9.904,0.877,1.0,,,,,26.8,0.4191,0.8767
4432165,Jalen Suggs,ORL,PG,PG/SG,ONTEAM,8,ACTIVE,29.03,-0.46,7.11,137.0,151,0,12,False,57.0,,13.789,3.86,5.474,1.842,0.702,2.14,6.316,2.667,4.947,11.386,1.754,2.053,0.632,3.228,0.07,0.018,27.544,0.4345,0.8547,0,,,,,,,,,,,,,,,,,,,,,0,,,,,,,,,,,,,,,,,,,,,0,,,,,,,,,,,,,,,,,,,,,0,,,,,,,,,,,,,,,,,,,,,62.0,,13.21,3.403,4.0,1.5,0.694,2.0,5.694,2.306,4.694,10.694,1.823,2.194,,,,,26.3,0.4389,0.8309
2530530,T.J. McConnell,IND,PG,PG,FREEAGENT,0,DAY_TO_DAY,28.52,-1.82,9.46,140.6,162,0,0,False,56.0,,9.375,2.214,5.125,1.0,0.179,0.286,0.893,1.143,4.321,8.036,0.446,0.518,0.393,1.821,0.018,0.0,17.179,0.5378,0.8621,0,,,,,,,,,,,,,,,,,,,,,0,,,,,,,,,,,,,,,,,,,,,0,,,,,,,,,,,,,,,,,,,,,0,,,,,,,,,,,,,,,,,,,,,70.0,,9.429,2.5,4.9,1.0,0.2,0.243,0.7,1.4,4.286,8.0,0.614,0.8,,,,,17.8,0.5357,0.7679
4701232,Mark Williams,PHO,C,C,ONTEAM,1,OUT,27.82,-1.93,11.11,140.1,314,0,0,False,60.0,,11.667,7.95,0.967,0.917,0.917,0.017,0.017,1.083,4.7,7.3,2.25,2.917,3.083,4.867,0.233,0.0,23.583,0.6438,0.7714,0,,,,,,,,,,,,,,,,,,,,,0,,,,,,,,,,,,,,,,,,,,,0,,,,,,,,,,,,,,,,,,,,,0,,,,,,,,,,,,,,,,,,,,,24.0,,12.917,8.917,1.5,0.792,1.0,,,1.208,5.208,8.292,2.5,3.208,,,,,24.9,0.6281,0.7792
3155526,Dillon Brooks,PHO,SF,SG/SF,ONTEAM,6,ACTIVE,26.99,0.46,9.65,132.4,139,0,0,False,56.0,,20.196,3.625,1.768,1.018,0.161,2.268,6.589,1.75,7.446,17.125,3.036,3.607,0.768,2.857,0.0,0.0,30.393,0.4348,0.8416,0,,,,,,,,,,,,,,,,,,,,,0,,,,,,,,,,,,,,,,,,,,,0,,,,,,,,,,,,,,,,,,,,,0,,,,,,,,,,,,,,,,,,,,,69.0,,18.58,3.594,1.696,1.0,0.203,2.275,6.406,1.594,6.855,15.797,2.594,3.101,,,,,30.7,0.4339,0.8364
4683634,Bennedict Mathurin,NOP,SF,SG/SF,ONTEAM,2,ACTIVE,26.8,-1.07,5.1,139.8,164,0,0,False,54.0,,17.574,5.426,2.389,0.796,0.241,1.389,4.407,2.185,5.389,12.537,5.407,6.222,1.019,4.407,0.056,0.0,29.963,0.4298,0.869,0,,,,,,,,,,,,,,,,,,,,,0,,,,,,,,,,,,,,,,,,,,,0,,,,,,,,,,,,,,,,,,,,,0,,,,,,,,,,,,,,,,,,,,,68.0,,16.529,5.103,2.103,0.706,0.294,1.368,4.103,2.0,5.368,12.103,4.426,5.206,,,,,29.2,0.4435,0.8503
4431736,Toumani Camara,POR,PF,SF/PF,ONTEAM,8,ACTIVE,26.04,-0.81,7.26,139.2,152,0,0,False,82.0,,13.415,5.134,2.451,1.146,0.427,2.671,7.22,1.756,4.78,10.866,1.183,1.671,1.573,3.561,0.037,0.0,33.293,0.44,0.708,0,,,,,,,,,,,,,,,,,,,,,0,,,,,,,,,,,,,,,,,,,,,0,,,,,,,,,,,,,,,,,,,,,0,,,,,,,,,,,,,,,,,,,,,75.0,,10.667,5.0,2.0,1.107,0.507,1.8,4.907,1.4,3.893,8.707,1.08,1.507,,,,,29.4,0.4472,0.7168
4277811,Collin Sexton,LAL,SG,PG/SG,FREEAGENT,0,ACTIVE,25.66,1.24,4.45,131.9,122,1,0,False,68.0,,15.441,2.279,3.279,1.118,0.147,1.647,4.103,2.074,5.294,10.912,3.206,3.75,0.603,1.676,0.015,0.0,23.721,0.4852,0.8549,0,,,,,,,,,,,,,,,,,,,,,0,,,,,,,,,,,,,,,,,,,,,0,,,,,,,,,,,,,,,,,,,,,0,,,,,,,,,,,,,,,,,,,,,70.0,,17.329,2.5,4.1,0.9,0.2,1.686,4.2,2.2,6.057,12.5,3.529,4.1,,,,,25.8,0.4846,0.8606
5174563,Kyshawn George,WAS,SG,SG/SF,FREEAGENT,0,ACTIVE,25.05,0.61,6.94,134.7,126,1,0,False,48.0,,14.792,5.104,4.458,1.0,0.896,2.062,5.417,2.604,5.271,12.021,2.188,2.729,0.896,4.208,0.062,0.0,28.938,0.4385,0.8015,0,,,,,,,,,,,,,,,,,,,,,0,,,,,,,,,,,,,,,,,,,,,0,,,,,,,,,,,,,,,,,,,,,0,,,,,,,,,,,,,,,,,,,,,66.0,,13.985,5.106,4.197,1.0,0.894,2.061,5.606,2.394,4.97,11.606,1.985,2.5,,,,,29.4,0.4282,0.7939
3136776,D'Angelo Russell,FA,PG,PG/SG,FREEAGENT,0,ACTIVE,22.23,-1.64,3.48,140.0,307,0,0,False,26.0,,10.154,2.346,4.0,0.462,0.077,1.269,4.308,1.885,3.615,8.923,1.654,2.308,0.308,2.038,0.038,0.0,19.038,0.4052,0.7167,0,,,,,,,,,,,,,,,,,,,,,0,,,,,,,,,,,,,,,,,,,,,0,,,,,,,,,,,,,,,,,,,,,0,,,,,,,,,,,,,,,,,,,,,48.0,,9.021,2.0,3.5,0.5,0.208,1.271,4.0,1.5,3.188,7.792,1.375,1.792,,,,,17.2,0.4091,0.7674
4432174,Cam Thomas,FA,SG,SG/SF,FREEAGENT,0,ACTIVE,22.07,-1.6,3.15,140.0,354,0,0,False,42.0,,13.5,1.69,2.571,0.214,0.095,1.238,4.0,1.762,4.5,10.976,3.262,4.024,0.262,1.429,0.0,0.0,21.024,0.41,0.8107,0,,,,,,,,,,,,,,,,,,,,,0,,,,,,,,,,,,,,,,,,,,,0,,,,,,,,,,,,,,,,,,,,,0,,,,,,,,,,,,,,,,,,,,,,,,,,,,,,,,,,,,,,,,,
4397424,Neemias Queta,BOS,C,C,FREEAGENT,0,ACTIVE,21.57,0.28,6.96,136.1,129,1,0,False,76.0,,10.211,8.368,1.658,0.789,1.316,0.013,0.105,0.987,4.289,6.566,1.618,2.303,3.026,5.342,0.224,0.0,25.355,0.6533,0.7029,0,,,,,,,,,,,,,,,,,,,,,0,,,,,,,,,,,,,,,,,,,,,0,,,,,,,,,,,,,,,,,,,,,0,,,,,,,,,,,,,,,,,,,,,72.0,,9.472,7.694,1.5,0.694,1.194,0.014,0.097,0.903,3.986,6.097,1.486,2.097,,,,,23.6,0.6538,0.7086
3064482,Bobby Portis,MIA,PF,PF/C,ONTEAM,8,ACTIVE,21.08,-0.87,4.09,140.2,165,0,0,False,67.0,,13.657,6.388,1.567,0.612,0.179,2.015,4.418,0.985,5.463,11.194,0.716,1.015,1.328,5.06,0.164,0.0,24.134,0.488,0.7059,0,,,,,,,,,,,,,,,,,,,,,0,,,,,,,,,,,,,,,,,,,,,0,,,,,,,,,,,,,,,,,,,,,0,,,,,,,,,,,,,,,,,,,,,65.0,,13.646,6.708,1.6,0.6,0.2,1.862,4.2,1.0,5.492,11.308,0.8,1.108,,,,,24.3,0.4857,0.7222
4712849,Anthony Black,ORL,PG,PG/SG,FREEAGENT,0,DAY_TO_DAY,19.62,0.09,7.99,137.0,132,1,0,False,64.0,,14.984,3.812,3.688,1.422,0.703,1.562,4.703,2.062,5.391,12.078,2.641,3.609,0.734,3.078,0.031,0.0,29.891,0.4463,0.7316,0,,,,,,,,,,,,,,,,,,,,,0,,,,,,,,,,,,,,,,,,,,,0,,,,,,,,,,,,,,,,,,,,,0,,,,,,,,,,,,,,,,,,,,,69.0,,13.826,3.696,3.507,1.406,0.696,1.391,4.203,2.0,4.971,11.203,2.493,3.406,,,,,28.9,0.4437,0.7319
4593125,Santi Aldama,DAL,PF,SF/PF,FREEAGENT,0,DAY_TO_DAY,19.37,-1.18,2.03,140.7,178,0,0,False,43.0,,14.0,6.674,2.907,0.86,0.721,1.628,4.651,1.279,5.302,11.07,1.767,2.651,1.558,5.116,0.116,0.0,27.837,0.479,0.6667,0,,,,,,,,,,,,,,,,,,,,,0,,,,,,,,,,,,,,,,,,,,,0,,,,,,,,,,,,,,,,,,,,,0,,,,,,,,,,,,,,,,,,,,,66.0,,11.015,5.606,2.394,0.697,0.606,1.561,4.394,1.0,4.197,9.0,1.061,1.606,,,,,23.7,0.4663,0.6604
4592479,Julian Champagnie,SAS,SF,SF/PF,FREEAGENT,0,ACTIVE,18.18,0.9,6.91,134.2,133,0,0,False,82.0,,11.11,5.768,1.549,0.756,0.463,2.378,6.244,0.841,3.671,8.402,1.39,1.646,0.902,4.866,0.085,0.0,27.646,0.4369,0.8444,0,,,,,,,,,,,,,,,,,,,,,0,,,,,,,,,,,,,,,,,,,,,0,,,,,,,,,,,,,,,,,,,,,0,,,,,,,,,,,,,,,,,,,,,82.0,,10.78,5.402,1.5,0.695,0.5,2.317,6.098,0.805,3.549,8.195,1.366,1.598,,,,,26.7,0.433,0.855
6475,Klay Thompson,MIA,SG,SG/SF,FREEAGENT,0,ACTIVE,17.51,-0.51,7.68,137.9,233,0,0,False,69.0,,11.739,2.072,1.391,0.478,0.319,2.928,7.638,0.913,4.145,10.551,0.522,0.681,0.261,1.812,0.0,0.0,21.652,0.3929,0.766,0,,,,,,,,,,,,,,,,,,,,,0,,,,,,,,,,,,,,,,,,,,,0,,,,,,,,,,,,,,,,,,,,,0,,,,,,,,,,,,,,,,,,,,,70.0,,12.4,2.3,1.5,0.5,0.3,2.971,7.7,1.0,4.386,11.0,0.657,0.8,,,,,23.0,0.3987,0.8214
4433247,Jonathan Kuminga,MIN,PF,SF/PF,FREEAGENT,0,ACTIVE,17.38,0.44,5.42,136.4,156,0,0,False,36.0,,12.167,5.611,2.306,0.611,0.306,0.972,2.917,1.861,4.361,9.417,2.472,3.417,1.361,4.25,0.028,0.0,23.083,0.4631,0.7236,0,,,,,,,,,,,,,,,,,,,,,0,,,,,,,,,,,,,,,,,,,,,0,,,,,,,,,,,,,,,,,,,,,0,,,,,,,,,,,,,,,,,,,,,67.0,,15.119,6.194,2.597,0.806,0.403,1.104,3.403,2.104,5.478,11.701,3.06,4.299,,,,,27.3,0.4681,0.7118
4397136,Saddiq Bey,NOP,SF,SF/PF,ONTEAM,1,ACTIVE,15.87,0.16,5.98,138.4,144,0,0,False,72.0,,17.653,5.556,2.528,0.944,0.097,2.097,5.722,0.944,6.056,13.431,3.444,4.097,1.681,3.875,0.097,0.0,31.194,0.4509,0.8407,0,,,,,,,,,,,,,,,,,,,,,0,,,,,,,,,,,,,,,,,,,,,0,,,,,,,,,,,,,,,,,,,,,0,,,,,,,,,,,,,,,,,,,,,71.0,,14.732,4.901,2.099,0.803,0.099,1.761,4.901,0.803,5.056,11.296,2.859,3.394,,,,,27.1,0.4476,0.8423
4601023,Oso Ighodaro,PHO,PF,PF,FREEAGENT,0,ACTIVE,15.02,1.04,2.04,136.6,124,1,0,False,82.0,,6.476,5.098,2.256,0.89,0.695,0.0,0.012,1.232,2.915,4.463,0.646,1.427,1.683,3.415,0.049,0.0,22.073,0.653,0.453,0,,,,,,,,,,,,,,,,,,,,,0,,,,,,,,,,,,,,,,,,,,,0,,,,,,,,,,,,,,,,,,,,,0,,,,,,,,,,,,,,,,,,,,,79.0,,7.924,6.304,2.696,1.101,0.899,,,1.506,3.57,5.506,0.785,1.696,,,,,27.6,0.6483,0.4627
4683692,Cason Wallace,OKC,SG,PG/SG,FREEAGENT,0,ACTIVE,14.38,0.47,5.57,137.3,146,0,0,False,77.0,,8.571,3.091,2.597,1.948,0.364,1.312,3.74,0.948,3.273,7.584,0.714,0.883,0.818,2.273,0.013,0.0,26.597,0.4315,0.8088,0,,,,,,,,,,,,,,,,,,,,,0,,,,,,,,,,,,,,,,,,,,,0,,,,,,,,,,,,,,,,,,,,,0,,,,,,,,,,,,,,,,,,,,,76.0,,8.421,3.105,2.5,1.895,0.395,1.276,3.605,0.895,3.25,7.395,0.645,0.803,,,,,26.4,0.4395,0.8033
4683778,Jared McCain,OKC,SG,PG/SG,FREEAGENT,0,ACTIVE,14.24,-0.2,5.87,138.1,222,0,0,False,67.0,,8.328,2.045,1.343,0.522,0.075,1.478,3.836,0.836,3.045,7.164,0.761,0.881,0.343,1.701,0.0,0.0,17.358,0.425,0.8644,0,,,,,,,,,,,,,,,,,,,,,0,,,,,,,,,,,,,,,,,,,,,0,,,,,,,,,,,,,,,,,,,,,0,,,,,,,,,,,,,,,,,,,,,69.0,,12.058,2.899,2.0,0.696,0.101,2.116,5.507,1.203,4.406,10.304,1.13,1.304,,,,,24.7,0.4276,0.8667
4351852,Mitchell Robinson,BOS,C,C,FREEAGENT,0,ACTIVE,14.04,0.65,5.48,136.8,141,0,0,False,60.0,,5.667,8.75,0.867,0.933,1.167,0.0,0.0,0.683,2.483,3.433,0.7,1.717,4.2,4.55,0.1,0.0,19.6,0.7233,0.4078,0,,,,,,,,,,,,,,,,,,,,,0,,,,,,,,,,,,,,,,,,,,,0,,,,,,,,,,,,,,,,,,,,,0,,,,,,,,,,,,,,,,,,,,,61.0,,7.344,11.098,1.098,1.197,1.508,,,0.902,3.213,4.508,0.918,2.197,,,,,25.4,0.7127,0.4179
4683678,Scoot Henderson,POR,PG,PG/SG,FREEAGENT,0,ACTIVE,13.07,-0.35,4.53,140.3,170,0,0,False,30.0,,14.233,2.667,3.733,0.9,0.3,1.9,5.4,2.433,4.767,11.4,2.8,3.333,0.6,2.067,0.0,0.0,24.9,0.4181,0.84,0,,,,,,,,,,,,,,,,,,,,,0,,,,,,,,,,,,,,,,,,,,,0,,,,,,,,,,,,,,,,,,,,,0,,,,,,,,,,,,,,,,,,,,,66.0,,14.424,2.894,4.5,1.0,0.303,1.848,5.303,2.697,4.894,11.803,2.788,3.394,,,,,27.0,0.4146,0.8214
4433192,Tari Eason,HOU,SF,SF/PF,FREEAGENT,0,ACTIVE,12.51,-0.65,1.88,140.5,203,0,0,False,60.0,,10.45,6.25,1.5,1.2,0.467,1.55,4.333,1.35,4.017,9.667,0.867,1.117,2.067,4.183,0.1,0.0,25.9,0.4155,0.7761,0,,,,,,,,,,,,,,,,,,,,,0,,,,,,,,,,,,,,,,,,,,,0,,,,,,,,,,,,,,,,,,,,,0,,,,,,,,,,,,,,,,,,,,,66.0,,10.379,6.106,1.394,1.197,0.5,1.424,4.0,1.303,4.015,9.394,0.924,1.197,,,,,24.9,0.4274,0.7722
2991070,Jerami Grant,MEM,PF,PF,ONTEAM,6,ACTIVE,11.25,0.32,2.77,139.3,145,0,0,False,57.0,,18.596,3.491,2.14,0.737,0.632,2.386,6.14,2.088,5.807,12.807,4.596,5.649,0.965,2.526,0.0,0.0,29.772,0.4534,0.8137,0,,,,,,,,,,,,,,,,,,,,,0,,,,,,,,,,,,,,,,,,,,,0,,,,,,,,,,,,,,,,,,,,,0,,,,,,,,,,,,,,,,,,,,,68.0,,17.618,3.397,2.103,0.706,0.706,2.279,5.897,1.897,5.544,12.5,4.25,5.206,,,,,29.4,0.4435,0.8164
4431785,Scotty Pippen Jr.,MEM,PG,PG/SG,FREEAGENT,0,ACTIVE,9.77,0.4,2.29,138.9,143,0,0,False,10.0,,11.4,2.2,4.7,1.9,0.4,1.0,3.2,2.7,4.3,9.6,1.8,2.3,0.8,1.4,0.0,0.0,21.2,0.4479,0.7826,0,,,,,,,,,,,,,,,,,,,,,0,,,,,,,,,,,,,,,,,,,,,0,,,,,,,,,,,,,,,,,,,,,0,,,,,,,,,,,,,,,,,,,,,63.0,,11.952,3.206,5.095,1.794,0.397,1.238,3.397,2.397,4.429,9.508,1.857,2.508,,,,,24.3,0.4658,0.7405
4278078,P.J. Washington,DAL,PF,SF/PF,FREEAGENT,0,ACTIVE,9.23,0.21,2.53,139.8,159,0,0,False,56.0,,14.161,7.036,1.75,0.982,1.071,1.357,4.179,1.679,5.286,11.75,2.232,3.25,1.5,5.536,0.143,0.0,30.929,0.4498,0.6868,0,,,,,,,,,,,,,,,,,,,,,0,,,,,,,,,,,,,,,,,,,,,0,,,,,,,,,,,,,,,,,,,,,0,,,,,,,,,,,,,,,,,,,,,64.0,,13.188,6.594,1.703,0.906,1.0,1.328,4.0,1.594,4.891,10.906,2.078,3.0,,,,,29.0,0.4484,0.6927
4278053,Davion Mitchell,MIA,PG,PG,FREEAGENT,0,ACTIVE,8.87,0.46,2.49,138.9,150,0,0,False,70.0,,9.343,2.671,6.471,0.971,0.157,1.286,3.257,1.543,3.729,7.614,0.6,0.929,0.457,2.214,0.071,0.0,28.571,0.4897,0.6462,0,,,,,,,,,,,,,,,,,,,,,0,,,,,,,,,,,,,,,,,,,,,0,,,,,,,,,,,,,,,,,,,,,0,,,,,,,,,,,,,,,,,,,,,71.0,,8.915,2.507,6.0,0.901,0.197,1.225,3.099,1.507,3.549,7.296,0.592,0.901,,,,,27.7,0.4865,0.6562
3102530,Jusuf Nurkic,UTA,C,C,FREEAGENT,0,ACTIVE,8.86,0.17,2.63,140.2,155,0,0,False,41.0,,10.902,10.366,4.78,1.268,0.537,0.61,1.732,2.463,4.39,8.732,1.512,2.756,2.585,7.78,0.39,0.073,26.439,0.5028,0.5487,0,,,,,,,,,,,,,,,,,,,,,0,,,,,,,,,,,,,,,,,,,,,0,,,,,,,,,,,,,,,,,,,,,0,,,,,,,,,,,,,,,,,,,,,64.0,,9.438,9.094,3.406,1.0,0.703,0.453,1.5,2.0,3.656,7.297,1.672,2.703,,,,,23.1,0.5011,0.6185
3133603,Kelly Oubre Jr.,IND,SF,SG/SF,FREEAGENT,0,ACTIVE,8.64,-0.3,2.24,140.2,199,0,0,False,50.0,,14.1,5.04,1.6,1.36,0.48,1.72,4.78,1.38,5.08,10.88,2.22,2.9,1.0,4.04,0.1,0.0,31.5,0.4669,0.7655,0,,,,,,,,,,,,,,,,,,,,,0,,,,,,,,,,,,,,,,,,,,,0,,,,,,,,,,,,,,,,,,,,,0,,,,,,,,,,,,,,,,,,,,,67.0,,12.239,4.403,1.299,1.104,0.507,1.194,3.701,1.104,4.537,9.896,1.97,2.597,,,,,26.3,0.4585,0.7586
5254165,Keaton Wagler,LAC,PG,PG/SG,FREEAGENT,0,ACTIVE,8.26,0.17,2.27,139.9,163,0,0,False,,,,,,,,,,,,,,,,,,,,,,0,,,,,,,,,,,,,,,,,,,,,0,,,,,,,,,,,,,,,,,,,,,0,,,,,,,,,,,,,,,,,,,,,0,,,,,,,,,,,,,,,,,,,,,70.0,,13.329,3.1,4.3,1.0,0.2,0.571,1.5,2.3,5.071,11.1,2.614,3.1,,,,,28.1,0.4569,0.8433
4066648,Rui Hachimura,LAC,PF,SF/PF,FREEAGENT,0,ACTIVE,7.44,1.51,2.43,139.4,206,0,0,False,68.0,,11.471,3.324,0.824,0.574,0.309,1.706,3.853,0.618,4.515,8.779,0.735,1.059,0.603,2.721,0.015,0.0,28.338,0.5142,0.6944,0,,,,,,,,,,,,,,,,,,,,,0,,,,,,,,,,,,,,,,,,,,,0,,,,,,,,,,,,,,,,,,,,,0,,,,,,,,,,,,,,,,,,,,,71.0,,11.831,3.704,1.0,0.606,0.296,1.606,3.704,0.606,4.606,8.901,1.014,1.394,,,,,27.7,0.5174,0.7273
4432194,Day'Ron Sharpe,BKN,C,C,FREEAGENT,0,ACTIVE,7.29,0.62,1.81,139.1,137,0,0,False,62.0,,8.71,6.661,2.339,1.081,0.419,0.145,0.629,1.71,3.452,5.742,1.661,2.452,2.758,3.903,0.081,0.0,18.694,0.6011,0.6776,0,,,,,,,,,,,,,,,,,,,,,0,,,,,,,,,,,,,,,,,,,,,0,,,,,,,,,,,,,,,,,,,,,0,,,,,,,,,,,,,,,,,,,,,69.0,,9.71,8.406,2.203,0.899,1.0,0.217,0.899,1.594,4.014,7.507,1.464,2.101,,,,,22.0,0.5347,0.6966
3448,Brook Lopez,LAC,C,C,FREEAGENT,0,ACTIVE,7.25,0.46,1.8,139.3,135,0,0,False,75.0,,8.453,3.64,1.293,0.6,1.16,1.52,4.227,0.813,3.093,7.227,0.747,0.987,0.627,3.013,0.013,0.0,21.8,0.428,0.7568,0,,,,,,,,,,,,,,,,,,,,,0,,,,,,,,,,,,,,,,,,,,,0,,,,,,,,,,,,,,,,,,,,,0,,,,,,,,,,,,,,,,,,,,,72.0,,10.625,4.306,1.5,0.597,1.694,1.611,4.403,0.903,3.944,8.306,1.125,1.403,,,,,26.2,0.4749,0.802
4684793,Kyle Filipowski,UTA,C,PF/C,FREEAGENT,0,DAY_TO_DAY,7.23,0.06,1.84,140.2,149,0,0,False,77.0,,11.416,7.169,2.571,0.948,0.506,0.961,2.961,1.623,4.195,8.532,2.065,2.753,1.87,5.299,0.169,0.0,23.403,0.4916,0.75,0,,,,,,,,,,,,,,,,,,,,,0,,,,,,,,,,,,,,,,,,,,,0,,,,,,,,,,,,,,,,,,,,,0,,,,,,,,,,,,,,,,,,,,,73.0,,10.658,6.699,2.397,0.904,0.507,0.918,2.795,1.507,3.945,8.0,1.849,2.507,,,,,22.0,0.4932,0.7377
2991350,Alex Caruso,OKC,SG,PG/SG,FREEAGENT,0,ACTIVE,7.08,0.26,2.83,138.7,173,0,0,False,56.0,,6.214,2.768,1.964,1.286,0.304,0.946,3.232,0.857,2.268,5.357,0.732,0.911,0.5,2.268,0.0,0.0,18.25,0.4233,0.8039,0,,,,,,,,,,,,,,,,,,,,,0,,,,,,,,,,,,,,,,,,,,,0,,,,,,,,,,,,,,,,,,,,,0,,,,,,,,,,,,,,,,,,,,,69.0,,8.377,3.594,2.696,1.696,0.507,1.304,4.203,1.101,3.058,7.101,0.957,1.203,,,,,24.3,0.4306,0.7952
5093267,Collin Murray-Boyles,TOR,PF,PF,FREEAGENT,0,ACTIVE,6.99,0.26,1.97,139.4,186,0,0,False,57.0,,8.491,5.0,1.86,0.912,0.93,0.298,0.877,1.035,3.474,6.0,1.246,1.895,2.333,2.667,0.07,0.0,21.842,0.5789,0.6574,0,,,,,,,,,,,,,,,,,,,,,0,,,,,,,,,,,,,,,,,,,,,0,,,,,,,,,,,,,,,,,,,,,0,,,,,,,,,,,,,,,,,,,,,66.0,,8.924,5.197,1.894,1.0,1.0,0.303,0.894,1.106,3.652,6.303,1.318,2.0,,,,,22.9,0.5793,0.6591
3138196,Cameron Johnson,DEN,SF,SF/PF,FREEAGENT,0,ACTIVE,6.84,0.29,1.97,140.2,154,0,0,False,54.0,,12.222,3.815,2.444,0.741,0.389,2.037,4.741,0.87,4.222,8.796,1.741,2.074,0.796,3.019,0.019,0.0,30.519,0.48,0.8393,0,,,,,,,,,,,,,,,,,,,,,0,,,,,,,,,,,,,,,,,,,,,0,,,,,,,,,,,,,,,,,,,,,0,,,,,,,,,,,,,,,,,,,,,68.0,,13.162,3.897,2.5,0.794,0.397,2.176,5.294,1.0,4.515,9.603,1.956,2.294,,,,,28.8,0.4701,0.8526
4395723,Keldon Johnson,SAS,SF,SF/PF,FREEAGENT,0,ACTIVE,6.79,0.41,2.44,139.9,142,0,0,False,82.0,,13.183,5.366,1.354,0.561,0.134,1.207,3.329,0.854,5.049,9.72,1.878,2.366,1.671,3.695,0.061,0.0,23.293,0.5194,0.7938,0,,,,,,,,,,,,,,,,,,,,,0,,,,,,,,,,,,,,,,,,,,,0,,,,,,,,,,,,,,,,,,,,,0,,,,,,,,,,,,,,,,,,,,,77.0,,13.649,5.195,1.805,0.597,0.195,1.338,3.896,1.104,5.13,10.506,2.052,2.597,,,,,25.1,0.4883,0.79
3135045,Grayson Allen,CHA,SG,PG/SG,FREEAGENT,0,ACTIVE,6.63,0.01,1.64,140.6,168,0,0,False,51.0,,16.49,3.039,3.824,1.353,0.255,3.118,8.922,1.627,5.275,13.078,2.824,3.294,0.725,2.314,0.0,0.0,28.804,0.4033,0.8571,0,,,,,,,,,,,,,,,,,,,,,0,,,,,,,,,,,,,,,,,,,,,0,,,,,,,,,,,,,,,,,,,,,0,,,,,,,,,,,,,,,,,,,,,63.0,,14.048,2.905,3.206,1.095,0.302,2.73,7.508,1.397,4.508,10.905,2.302,2.698,,,,,26.1,0.4134,0.8529
4683766,Isaiah Collier,UTA,PG,PG,FREEAGENT,0,ACTIVE,6.37,-0.21,1.23,140.7,180,0,0,False,59.0,,11.661,2.542,7.169,1.119,0.339,0.458,1.695,2.508,4.322,8.729,2.559,3.542,0.356,2.186,0.169,0.0,25.729,0.4951,0.7225,0,,,,,,,,,,,,,,,,,,,,,0,,,,,,,,,,,,,,,,,,,,,0,,,,,,,,,,,,,,,,,,,,,0,,,,,,,,,,,,,,,,,,,,,67.0,,9.851,2.403,6.194,1.0,0.299,0.418,1.597,2.299,3.672,7.597,2.09,2.896,,,,,22.7,0.4833,0.7216
3934673,Donte DiVincenzo,MIN,SG,PG/SG,ONTEAM,8,OUT,6.02,-0.35,1.85,139.8,347,0,0,False,82.0,,12.195,4.098,3.817,1.268,0.415,2.976,7.854,1.439,4.134,10.183,0.951,1.28,0.817,3.28,0.012,0.0,30.463,0.406,0.7429,0,,,,,,,,,,,,,,,,,,,,,0,,,,,,,,,,,,,,,,,,,,,0,,,,,,,,,,,,,,,,,,,,,0,,,,,,,,,,,,,,,,,,,,,4.0,,10.25,3.25,3.0,1.0,0.25,2.5,6.25,1.25,3.5,8.25,0.75,1.0,,,,,24.1,0.4242,0.75
3468,Russell Westbrook,FA,PG,PG,ONTEAM,8,ACTIVE,6.01,-0.18,1.66,138.8,409,0,11,False,64.0,,15.172,5.438,6.656,1.297,0.188,2.0,5.922,3.266,5.594,13.109,1.984,2.859,1.25,4.188,0.25,0.094,28.953,0.4267,0.694,0,,,,,,,,,,,,,,,,,,,,,0,,,,,,,,,,,,,,,,,,,,,0,,,,,,,,,,,,,,,,,,,,,0,,,,,,,,,,,,,,,,,,,,,,,,,,,,,,,,,,,,,,,,,
2779,Chris Paul,FA,PG,PG,FREEAGENT,0,ACTIVE,5.91,-0.43,1.4,139.9,374,0,0,False,16.0,,2.938,1.75,3.312,0.688,0.0,0.625,1.875,1.0,1.125,3.5,0.062,0.125,0.375,1.375,0.0,0.0,14.25,0.3214,0.5,0,,,,,,,,,,,,,,,,,,,,,0,,,,,,,,,,,,,,,,,,,,,0,,,,,,,,,,,,,,,,,,,,,0,,,,,,,,,,,,,,,,,,,,,,,,,,,,,,,,,,,,,,,,,
5101761,Mikel Brown Jr.,BKN,PG,PG,FREEAGENT,0,DAY_TO_DAY,5.89,0.1,1.57,140.4,161,0,0,False,,,,,,,,,,,,,,,,,,,,,,0,,,,,,,,,,,,,,,,,,,,,0,,,,,,,,,,,,,,,,,,,,,0,,,,,,,,,,,,,,,,,,,,,0,,,,,,,,,,,,,,,,,,,,,71.0,,15.93,2.507,3.394,1.296,0.197,0.704,1.901,2.394,5.69,13.507,3.845,4.803,,,,,30.2,0.4213,0.8006
4395626,Tre Jones,CHI,PG,PG,FREEAGENT,0,ACTIVE,5.73,0.02,1.29,140.7,157,0,0,False,65.0,,14.062,3.138,5.385,1.169,0.169,0.631,2.0,1.415,5.246,9.492,2.938,3.492,0.585,2.554,0.077,0.0,26.969,0.5527,0.8414,0,,,,,,,,,,,,,,,,,,,,,0,,,,,,,,,,,,,,,,,,,,,0,,,,,,,,,,,,,,,,,,,,,0,,,,,,,,,,,,,,,,,,,,,68.0,,11.132,2.603,4.5,1.0,0.103,0.515,1.603,1.103,4.176,7.603,2.265,2.706,,,,,22.3,0.5493,0.837
4433249,Moussa Diabate,CHA,PF,PF/C,FREEAGENT,0,ACTIVE,5.34,0.28,1.6,140.3,166,0,0,False,73.0,,7.877,8.699,1.932,0.767,0.986,0.014,0.027,1.0,3.137,4.973,1.589,2.411,3.74,4.959,0.274,0.0,26.027,0.6309,0.6591,0,,,,,,,,,,,,,,,,,,,,,0,,,,,,,,,,,,,,,,,,,,,0,,,,,,,,,,,,,,,,,,,,,0,,,,,,,,,,,,,,,,,,,,,70.0,,7.5,8.3,1.7,0.7,0.9,,,1.0,3.0,4.8,1.5,2.3,,,,,24.6,0.625,0.6522
4900671,Ajay Mitchell,OKC,PG,PG/SG,ONTEAM,8,ACTIVE,5.07,0.3,1.95,139.7,227,0,0,False,57.0,,13.579,3.333,3.614,1.246,0.316,1.07,3.088,1.421,5.018,10.351,2.474,2.842,0.702,2.632,0.018,0.0,25.807,0.4847,0.8704,0,,,,,,,,,,,,,,,,,,,,,0,,,,,,,,,,,,,,,,,,,,,0,,,,,,,,,,,,,,,,,,,,,0,,,,,,,,,,,,,,,,,,,,,55.0,,12.164,3.0,3.309,1.109,0.309,0.982,2.8,1.309,4.509,9.309,2.164,2.509,,,,,23.5,0.4844,0.8623
4592691,Jake LaRavia,LAL,PF,SF/PF,ONTEAM,8,ACTIVE,4.97,0.38,1.19,140.2,147,0,0,False,82.0,,8.22,3.976,1.768,1.268,0.463,0.951,2.963,1.061,2.927,6.378,1.415,1.854,1.415,2.561,0.012,0.0,25.171,0.4589,0.7632,0,,,,,,,,,,,,,,,,,,,,,0,,,,,,,,,,,,,,,,,,,,,0,,,,,,,,,,,,,,,,,,,,,0,,,,,,,,,,,,,,,,,,,,,77.0,,9.649,4.701,2.195,1.403,0.506,1.13,3.403,1.299,3.429,7.506,1.662,2.195,,,,,29.2,0.4567,0.7574
4683688,Dereck Lively II,DAL,C,C,FREEAGENT,0,DAY_TO_DAY,4.83,0.18,1.3,140.5,153,0,0,False,7.0,,4.286,5.286,1.857,0.571,1.571,0.0,0.0,1.429,1.571,2.571,1.143,1.429,2.0,3.286,0.0,0.0,16.429,0.6111,0.8,0,,,,,,,,,,,,,,,,,,,,,0,,,,,,,,,,,,,,,,,,,,,0,,,,,,,,,,,,,,,,,,,,,0,,,,,,,,,,,,,,,,,,,,,65.0,,8.846,7.2,1.6,0.6,1.508,,,1.0,3.938,5.4,0.969,1.708,,,,,23.6,0.7293,0.5676
3134907,Kyle Kuzma,MIL,PF,SF/PF,FREEAGENT,0,ACTIVE,4.71,-0.07,1.46,140.4,190,0,0,False,69.0,,12.986,4.536,2.667,0.667,0.406,1.203,3.464,1.725,4.913,9.986,1.957,2.696,0.826,3.71,0.058,0.0,26.232,0.492,0.7258,0,,,,,,,,,,,,,,,,,,,,,0,,,,,,,,,,,,,,,,,,,,,0,,,,,,,,,,,,,,,,,,,,,0,,,,,,,,,,,,,,,,,,,,,68.0,,13.029,4.603,2.603,0.603,0.397,1.221,3.603,1.794,4.941,10.294,1.926,2.706,,,,,25.7,0.48,0.712
4683774,Bronny James,LAL,PG,PG/SG,FREEAGENT,0,ACTIVE,4.61,0.06,1.74,137.9,332,0,0,False,42.0,,2.905,0.548,1.214,0.452,0.095,0.524,1.357,0.595,1.119,2.738,0.143,0.167,0.119,0.429,0.0,0.0,8.976,0.4087,0.8571,0,,,,,,,,,,,,,,,,,,,,,0,,,,,,,,,,,,,,,,,,,,,0,,,,,,,,,,,,,,,,,,,,,0,,,,,,,,,,,,,,,,,,,,,63.0,,3.889,0.794,1.603,0.603,0.095,0.683,1.794,0.794,1.476,3.698,0.254,0.302,,,,,11.9,0.3991,0.8421
4873153,Morez Johnson Jr.,DAL,PF,PF/C,FREEAGENT,0,DAY_TO_DAY,4.48,-0.02,1.27,140.6,172,0,0,False,,,,,,,,,,,,,,,,,,,,,,0,,,,,,,,,,,,,,,,,,,,,0,,,,,,,,,,,,,,,,,,,,,0,,,,,,,,,,,,,,,,,,,,,0,,,,,,,,,,,,,,,,,,,,,71.0,,10.606,5.606,1.606,0.803,0.901,0.268,0.803,1.099,4.0,8.099,2.338,3.099,,,,,24.7,0.4939,0.7545
5203685,Khaman Maluach,PHO,C,C,FREEAGENT,0,ACTIVE,4.39,0.13,0.97,140.1,216,0,0,False,46.0,,3.022,2.891,0.13,0.109,0.717,0.109,0.457,0.543,1.217,2.283,0.478,0.674,1.065,1.826,0.022,0.0,8.913,0.5333,0.7097,0,,,,,,,,,,,,,,,,,,,,,0,,,,,,,,,,,,,,,,,,,,,0,,,,,,,,,,,,,,,,,,,,,0,,,,,,,,,,,,,,,,,,,,,65.0,,7.769,7.508,0.308,0.308,1.908,0.292,1.2,1.4,3.138,5.908,1.2,1.708,,,,,23.0,0.5312,0.7027
3032979,Dennis Schroder,CHA,PG,PG,FREEAGENT,0,ACTIVE,4.04,-0.06,0.98,140.6,175,0,0,False,70.0,,10.8,2.7,4.871,0.786,0.157,1.071,3.257,1.771,3.643,8.986,2.443,2.929,0.471,2.229,0.043,0.0,24.2,0.4054,0.8341,0,,,,,,,,,,,,,,,,,,,,,0,,,,,,,,,,,,,,,,,,,,,0,,,,,,,,,,,,,,,,,,,,,0,,,,,,,,,,,,,,,,,,,,,72.0,,11.167,2.5,4.903,0.694,0.194,1.333,3.806,1.694,3.875,9.306,2.083,2.5,,,,,24.7,0.4164,0.8333
3907387,Ben Simmons,SAC,PG,PG,FREEAGENT,0,ACTIVE,4.02,0.08,0.86,139.5,311,0,0,False,0,,,,,,,,,,,,,,,,,,,,,0,,,,,,,,,,,,,,,,,,,,,0,,,,,,,,,,,,,,,,,,,,,0,,,,,,,,,,,,,,,,,,,,,0,,,,,,,,,,,,,,,,,,,,,37.0,,5.0,5.0,5.297,0.703,0.514,,,1.892,2.27,4.297,0.459,0.703,,,,,21.2,0.5283,0.6538
2528210,Tim Hardaway Jr.,MIA,SG,SG/SF,FREEAGENT,0,ACTIVE,4.01,0.23,1.22,140.2,169,0,0,False,80.0,,13.488,2.575,1.35,0.525,0.125,2.8,6.875,0.537,4.35,9.738,1.988,2.45,0.212,2.362,0.0,0.0,26.65,0.4467,0.8112,0,,,,,,,,,,,,,,,,,,,,,0,,,,,,,,,,,,,,,,,,,,,0,,,,,,,,,,,,,,,,,,,,,0,,,,,,,,,,,,,,,,,,,,,80.0,,13.275,2.6,1.4,0.5,0.1,2.712,6.8,0.6,4.3,9.8,1.962,2.4,,,,,26.9,0.4388,0.8177
4278355,Obi Toppin,IND,PF,PF,FREEAGENT,0,ACTIVE,3.96,-0.19,0.99,140.3,231,0,0,False,24.0,,11.625,4.417,2.292,0.5,0.042,1.542,4.375,1.167,4.167,8.292,1.75,1.917,0.542,3.875,0.0,0.0,17.708,0.5025,0.913,0,,,,,,,,,,,,,,,,,,,,,0,,,,,,,,,,,,,,,,,,,,,0,,,,,,,,,,,,,,,,,,,,,0,,,,,,,,,,,,,,,,,,,,,63.0,,10.587,4.0,1.698,0.603,0.397,1.349,3.603,0.905,4.063,7.508,1.111,1.397,,,,,20.0,0.5412,0.7955
4277847,Wendell Carter Jr.,ORL,C,C,FREEAGENT,0,ACTIVE,3.94,0.06,1.15,140.6,174,0,0,False,78.0,,11.821,7.397,1.974,0.769,0.628,0.923,2.897,1.282,4.179,8.167,2.538,3.205,2.077,5.321,0.154,0.0,29.359,0.5118,0.792,0,,,,,,,,,,,,,,,,,,,,,0,,,,,,,,,,,,,,,,,,,,,0,,,,,,,,,,,,,,,,,,,,,0,,,,,,,,,,,,,,,,,,,,,72.0,,9.972,6.694,1.806,0.694,0.5,0.806,2.597,1.097,3.597,7.194,1.972,2.597,,,,,25.4,0.5,0.7594
4432810,Isaiah Stewart,MEM,C,PF/C,FREEAGENT,0,ACTIVE,3.38,0.22,1.05,140.6,158,0,0,False,58.0,,10.017,5.0,1.138,0.276,1.603,0.69,2.069,1.155,3.81,6.931,1.707,2.259,1.655,3.345,0.034,0.0,22.655,0.5498,0.7557,0,,,,,,,,,,,,,,,,,,,,,0,,,,,,,,,,,,,,,,,,,,,0,,,,,,,,,,,,,,,,,,,,,0,,,,,,,,,,,,,,,,,,,,,69.0,,10.333,5.696,1.406,0.304,1.696,0.71,2.101,1.203,3.942,7.203,1.739,2.304,,,,,24.7,0.5473,0.7547
5105839,Brice Sensabaugh,UTA,SF,SG/SF,FREEAGENT,0,DAY_TO_DAY,3.28,-0.14,0.78,140.4,212,0,0,False,75.0,,14.88,3.08,1.907,0.72,0.16,2.16,5.893,1.653,5.253,11.427,2.213,2.68,0.747,2.333,0.0,0.0,23.507,0.4597,0.8259,0,,,,,,,,,,,,,,,,,,,,,0,,,,,,,,,,,,,,,,,,,,,0,,,,,,,,,,,,,,,,,,,,,0,,,,,,,,,,,,,,,,,,,,,72.0,,13.375,2.903,1.694,0.694,0.097,2.014,5.403,1.5,4.722,10.306,1.917,2.306,,,,,21.6,0.4582,0.8313
4396909,Aaron Nesmith,IND,SF,SG/SF,FREEAGENT,0,ACTIVE,3.13,0.05,0.94,140.7,195,0,0,False,45.0,,13.8,4.156,1.911,0.578,0.511,2.333,6.156,1.4,4.711,11.378,2.044,2.467,1.067,3.089,0.0,0.0,29.644,0.4141,0.8288,0,,,,,,,,,,,,,,,,,,,,,0,,,,,,,,,,,,,,,,,,,,,0,,,,,,,,,,,,,,,,,,,,,0,,,,,,,,,,,,,,,,,,,,,64.0,,13.062,4.094,1.5,0.797,0.5,2.094,5.094,1.0,4.594,9.703,1.781,2.094,,,,,28.2,0.4734,0.8507
5174983,Aday Mara,OKC,C,C,FREEAGENT,0,ACTIVE,3.1,-0.16,1.23,139.8,,,0,False,,,,,,,,,,,,,,,,,,,,,,0,,,,,,,,,,,,,,,,,,,,,0,,,,,,,,,,,,,,,,,,,,,0,,,,,,,,,,,,,,,,,,,,,0,,,,,,,,,,,,,,,,,,,,,,,,,,,,,,,,,,,,,,,,,
5082206,Brayden Burries,MIL,SG,SG,FREEAGENT,0,ACTIVE,3.05,-0.03,0.78,140.4,192,0,0,False,,,,,,,,,,,,,,,,,,,,,,0,,,,,,,,,,,,,,,,,,,,,0,,,,,,,,,,,,,,,,,,,,,0,,,,,,,,,,,,,,,,,,,,,0,,,,,,,,,,,,,,,,,,,,,71.0,,10.972,2.704,4.099,1.099,0.296,0.423,1.197,2.099,3.958,8.803,2.634,3.197,,,,,25.8,0.4496,0.8238
5149077,Kingston Flemings,ATL,SG,SG/PG,FREEAGENT,0,ACTIVE,3.01,-0.01,0.89,140.4,191,0,0,False,,,,,,,,,,,,,,,,,,,,,,0,,,,,,,,,,,,,,,,,,,,,0,,,,,,,,,,,,,,,,,,,,,0,,,,,,,,,,,,,,,,,,,,,0,,,,,,,,,,,,,,,,,,,,,71.0,,10.915,2.803,3.704,1.197,0.507,0.366,1.099,2.099,4.197,9.704,2.155,2.704,,,,,24.8,0.4325,0.7969
6580,Bradley Beal,LAC,SF,SG/SF,FREEAGENT,0,DAY_TO_DAY,2.98,0.03,0.74,140.6,187,0,0,False,6.0,,8.167,0.833,1.667,0.5,0.0,1.167,3.167,1.5,3.0,8.0,1.0,1.333,0.333,0.5,0.0,0.0,20.167,0.375,0.75,0,,,,,,,,,,,,,,,,,,,,,0,,,,,,,,,,,,,,,,,,,,,0,,,,,,,,,,,,,,,,,,,,,0,,,,,,,,,,,,,,,,,,,,,62.0,,13.565,2.903,3.306,0.806,0.403,1.5,3.694,1.694,5.226,10.403,1.613,2.0,,,,,25.3,0.5023,0.8065
4431679,Precious Achiuwa,SAC,PF,PF/C,FREEAGENT,0,ACTIVE,2.97,0.19,0.73,140.8,160,0,0,False,73.0,,10.082,6.726,1.384,0.89,0.685,0.37,1.329,0.89,4.329,8.192,1.055,1.904,2.411,4.315,0.164,0.0,23.959,0.5284,0.554,0,,,,,,,,,,,,,,,,,,,,,0,,,,,,,,,,,,,,,,,,,,,0,,,,,,,,,,,,,,,,,,,,,0,,,,,,,,,,,,,,,,,,,,,71.0,,9.944,6.803,1.394,0.901,0.704,0.366,1.296,0.901,4.254,8.099,1.07,1.901,,,,,24.3,0.5252,0.563
4065732,De'Andre Hunter,SAC,SF,SF/PF,FREEAGENT,0,ACTIVE,2.88,0.03,0.77,140.5,200,0,0,False,45.0,,13.667,4.111,2.0,0.667,0.133,1.667,5.467,1.667,4.622,11.133,2.756,3.178,0.667,3.444,0.0,0.0,26.156,0.4152,0.8671,0,,,,,,,,,,,,,,,,,,,,,0,,,,,,,,,,,,,,,,,,,,,0,,,,,,,,,,,,,,,,,,,,,0,,,,,,,,,,,,,,,,,,,,,65.0,,15.477,4.0,1.708,0.708,0.2,2.062,5.6,1.508,5.215,11.6,2.985,3.508,,,,,27.6,0.4496,0.8509
3157465,Duncan Robinson,DET,SF,SG/SF,FREEAGENT,0,ACTIVE,2.86,0.1,1.12,140.5,181,0,0,False,77.0,,12.195,2.662,2.065,0.571,0.286,2.857,6.961,0.701,4.13,9.065,1.078,1.429,0.377,2.286,0.0,0.0,27.442,0.4556,0.7545,0,,,,,,,,,,,,,,,,,,,,,0,,,,,,,,,,,,,,,,,,,,,0,,,,,,,,,,,,,,,,,,,,,0,,,,,,,,,,,,,,,,,,,,,76.0,,11.697,2.5,2.105,0.605,0.197,2.724,6.697,0.803,3.987,8.803,1.0,1.303,,,,,26.2,0.4529,0.7677
4397020,Luguentz Dort,ATL,SG,SG/SF,FREEAGENT,0,ACTIVE,2.85,-0.03,0.89,140.4,205,0,0,False,69.0,,8.348,3.551,1.232,0.899,0.391,1.855,5.391,0.783,2.928,7.594,0.638,0.841,0.812,2.739,0.0,0.0,26.826,0.3855,0.7586,0,,,,,,,,,,,,,,,,,,,,,0,,,,,,,,,,,,,,,,,,,,,0,,,,,,,,,,,,,,,,,,,,,0,,,,,,,,,,,,,,,,,,,,,72.0,,9.583,3.806,1.403,1.0,0.5,2.111,5.5,0.806,3.347,8.0,0.778,1.0,,,,,28.1,0.4184,0.7778
4278594,Naji Marshall,DAL,SF,SF/PF,FREEAGENT,0,ACTIVE,2.83,0.05,0.8,140.6,196,0,0,False,74.0,,15.243,4.703,3.257,1.108,0.081,0.838,2.878,1.608,5.662,11.095,3.081,4.054,0.878,3.824,0.027,0.0,29.5,0.5104,0.76,0,,,,,,,,,,,,,,,,,,,,,0,,,,,,,,,,,,,,,,,,,,,0,,,,,,,,,,,,,,,,,,,,,0,,,,,,,,,,,,,,,,,,,,,70.0,,11.443,4.1,2.6,0.9,0.1,0.8,2.6,1.3,4.314,8.6,2.014,2.6,,,,,24.2,0.5017,0.7747
5061589,Yves Missi,NOP,C,C,FREEAGENT,0,ACTIVE,2.69,0.08,0.7,140.8,176,0,0,False,66.0,,5.712,5.833,1.273,0.303,1.53,0.0,0.015,0.818,2.424,4.455,0.864,1.545,2.773,3.061,0.076,0.0,19.621,0.5442,0.5588,0,,,,,,,,,,,,,,,,,,,,,0,,,,,,,,,,,,,,,,,,,,,0,,,,,,,,,,,,,,,,,,,,,0,,,,,,,,,,,,,,,,,,,,,67.0,,7.537,7.507,1.597,0.403,1.806,,,1.0,3.164,5.806,1.209,2.104,,,,,25.1,0.545,0.5745
5104155,Bilal Coulibaly,WAS,SF,SG/SF,FREEAGENT,0,ACTIVE,2.69,-0.05,0.8,140.6,197,0,0,False,56.0,,11.732,4.339,2.589,1.339,0.964,1.161,3.643,1.446,4.107,9.661,2.357,3.161,0.857,3.482,0.0,0.0,26.232,0.4251,0.7458,0,,,,,,,,,,,,,,,,,,,,,0,,,,,,,,,,,,,,,,,,,,,0,,,,,,,,,,,,,,,,,,,,,0,,,,,,,,,,,,,,,,,,,,,68.0,,10.25,3.897,2.294,1.206,0.794,1.0,3.206,1.397,3.618,8.5,2.015,2.706,,,,,24.0,0.4256,0.7446
4845374,Bub Carrington,WAS,PG,PG/SG,FREEAGENT,0,ACTIVE,2.6,-0.01,0.74,140.7,179,0,0,False,82.0,,10.707,3.366,4.646,0.634,0.207,2.061,5.049,2.329,3.829,9.037,0.988,1.354,0.402,2.963,0.0,0.0,27.707,0.4238,0.7297,0,,,,,,,,,,,,,,,,,,,,,0,,,,,,,,,,,,,,,,,,,,,0,,,,,,,,,,,,,,,,,,,,,0,,,,,,,,,,,,,,,,,,,,,82.0,,9.488,3.098,4.098,0.598,0.195,1.793,4.5,2.0,3.402,8.098,0.89,1.195,,,,,25.1,0.4202,0.7449
5211175,Zaccharie Risacher,DAL,SF,SF,FREEAGENT,0,ACTIVE,2.59,-0.01,0.67,140.5,230,0,0,False,67.0,,9.567,3.836,1.134,0.881,0.537,1.418,3.851,0.866,3.642,8.0,0.866,1.343,1.06,2.776,0.0,0.0,22.418,0.4552,0.6444,0,,,,,,,,,,,,,,,,,,,,,0,,,,,,,,,,,,,,,,,,,,,0,,,,,,,,,,,,,,,,,,,,,0,,,,,,,,,,,,,,,,,,,,,68.0,,10.103,3.794,1.206,0.897,0.5,1.471,4.0,0.897,3.824,8.397,0.985,1.5,,,,,22.8,0.4553,0.6569
5105592,Cam Whitmore,DEN,SF,SF/PF,FREEAGENT,0,ACTIVE,2.44,-0.16,0.35,140.0,369,0,0,False,21.0,,9.19,2.762,0.714,0.714,0.381,0.762,2.667,0.857,3.667,8.048,1.095,1.476,0.905,1.857,0.0,0.0,16.857,0.4556,0.7419,0,,,,,,,,,,,,,,,,,,,,,0,,,,,,,,,,,,,,,,,,,,,0,,,,,,,,,,,,,,,,,,,,,0,,,,,,,,,,,,,,,,,,,,,,,,,,,,,,,,,,,,,,,,,
4277813,Herbert Jones,NOP,SF,SF/PF,FREEAGENT,0,ACTIVE,2.29,-0.01,0.71,140.4,223,0,0,False,56.0,,8.857,3.393,2.768,1.571,0.482,1.429,4.625,1.304,3.268,8.536,0.893,1.107,0.839,2.554,0.0,0.0,28.375,0.3828,0.8065,0,,,,,,,,,,,,,,,,,,,,,0,,,,,,,,,,,,,,,,,,,,,0,,,,,,,,,,,,,,,,,,,,,0,,,,,,,,,,,,,,,,,,,,,63.0,,8.619,3.206,2.603,1.508,0.508,1.317,4.206,1.206,3.159,8.0,0.984,1.206,,,,,27.1,0.3948,0.8158
4397183,Aaron Wiggins,ATL,SG,SG/SF,FREEAGENT,0,ACTIVE,2.13,-0.06,0.67,140.4,226,0,0,False,65.0,,9.4,3.062,1.677,0.923,0.431,1.477,4.154,1.246,3.554,8.246,0.815,1.108,0.631,2.431,0.0,0.0,21.8,0.431,0.7361,0,,,,,,,,,,,,,,,,,,,,,0,,,,,,,,,,,,,,,,,,,,,0,,,,,,,,,,,,,,,,,,,,,0,,,,,,,,,,,,,,,,,,,,,72.0,,10.139,3.306,1.5,0.694,0.194,1.431,3.694,0.903,3.944,8.097,0.819,1.0,,,,,20.3,0.4871,0.8194
4432823,Jaylin Williams,OKC,C,PF/C,FREEAGENT,0,ACTIVE,2.12,0.01,0.94,139.8,237,0,0,False,65.0,,7.215,5.508,2.431,0.477,0.646,1.508,3.938,1.031,2.292,5.415,1.123,1.415,0.492,5.015,0.092,0.0,19.677,0.4233,0.7935,0,,,,,,,,,,,,,,,,,,,,,0,,,,,,,,,,,,,,,,,,,,,0,,,,,,,,,,,,,,,,,,,,,0,,,,,,,,,,,,,,,,,,,,,67.0,,6.91,5.403,2.403,0.507,0.597,1.463,3.806,1.0,2.209,5.194,1.03,1.299,,,,,19.0,0.4253,0.7931
4277869,Jose Alvarado,NYK,PG,PG,FREEAGENT,0,ACTIVE,2.04,0.01,0.89,139.9,245,0,0,False,69.0,,7.391,2.478,3.391,0.957,0.116,1.464,4.159,1.116,2.71,6.507,0.507,0.667,0.377,2.101,0.014,0.0,19.87,0.4165,0.7609,0,,,,,,,,,,,,,,,,,,,,,0,,,,,,,,,,,,,,,,,,,,,0,,,,,,,,,,,,,,,,,,,,,0,,,,,,,,,,,,,,,,,,,,,66.0,,7.818,2.5,3.5,1.0,0.106,1.515,4.303,1.197,2.848,6.894,0.606,0.803,,,,,20.4,0.4132,0.7547
4432582,Max Christie,DAL,SG,SG,FREEAGENT,0,ACTIVE,1.93,0.05,0.52,140.7,184,0,0,False,77.0,,12.273,3.234,1.961,0.61,0.351,2.338,5.792,1.247,4.156,9.416,1.623,1.805,0.195,3.039,0.0,0.0,29.13,0.4414,0.8993,0,,,,,,,,,,,,,,,,,,,,,0,,,,,,,,,,,,,,,,,,,,,0,,,,,,,,,,,,,,,,,,,,,0,,,,,,,,,,,,,,,,,,,,,77.0,,11.532,3.195,1.896,0.597,0.403,2.117,5.299,1.195,3.909,8.896,1.597,1.805,,,,,28.2,0.4394,0.8849
4065804,Sam Hauser,BOS,SF,SF/PF,FREEAGENT,0,ACTIVE,1.93,0.03,0.77,140.4,201,0,0,False,78.0,,9.218,3.846,1.462,0.487,0.295,2.538,6.462,0.449,3.231,7.705,0.218,0.256,0.718,3.128,0.0,0.0,24.782,0.4193,0.85,0,,,,,,,,,,,,,,,,,,,,,0,,,,,,,,,,,,,,,,,,,,,0,,,,,,,,,,,,,,,,,,,,,0,,,,,,,,,,,,,,,,,,,,,77.0,,9.61,3.896,1.403,0.506,0.299,2.623,6.597,0.403,3.364,7.896,0.26,0.299,,,,,25.3,0.426,0.8696
4683747,Jaylon Tyson,CLE,SG,SG/SF,FREEAGENT,0,ACTIVE,1.86,0.05,0.59,140.5,189,0,0,False,66.0,,13.212,5.121,2.227,0.818,0.424,2.015,4.515,1.5,5.0,10.152,1.197,1.621,1.788,3.333,0.106,0.0,26.955,0.4925,0.7383,0,,,,,,,,,,,,,,,,,,,,,0,,,,,,,,,,,,,,,,,,,,,0,,,,,,,,,,,,,,,,,,,,,0,,,,,,,,,,,,,,,,,,,,,62.0,,12.919,5.097,2.194,0.806,0.403,1.952,4.403,1.5,4.887,10.0,1.194,1.597,,,,,26.7,0.4887,0.7475
4432241,Jamal Shead,TOR,PG,PG,FREEAGENT,0,ACTIVE,1.85,0.12,0.53,140.7,167,0,0,False,82.0,,6.646,1.744,5.415,0.927,0.183,1.024,3.195,1.366,2.256,6.146,1.11,1.415,0.317,1.427,0.024,0.0,22.524,0.3671,0.7845,0,,,,,,,,,,,,,,,,,,,,,0,,,,,,,,,,,,,,,,,,,,,0,,,,,,,,,,,,,,,,,,,,,0,,,,,,,,,,,,,,,,,,,,,81.0,,7.074,1.802,5.506,1.0,0.198,1.062,3.296,1.506,2.457,6.605,1.099,1.395,,,,,23.3,0.372,0.7876
5106258,Gradey Dick,LAC,SG,SG/SF,FREEAGENT,0,ACTIVE,1.85,0.05,0.59,140.0,221,0,0,False,76.0,,5.987,1.934,0.671,0.592,0.092,0.737,2.447,0.553,2.118,5.053,1.013,1.158,0.553,1.382,0.013,0.0,14.039,0.4193,0.875,0,,,,,,,,,,,,,,,,,,,,,0,,,,,,,,,,,,,,,,,,,,,0,,,,,,,,,,,,,,,,,,,,,0,,,,,,,,,,,,,,,,,,,,,72.0,,11.236,3.403,1.306,1.0,0.194,1.486,4.694,1.097,3.958,9.5,1.833,2.097,,,,,25.8,0.4167,0.8742
5041951,Meleek Thomas,CLE,SG,SG,FREEAGENT,0,ACTIVE,1.82,-0.05,0.55,139.8,,,0,False,,,,,,,,,,,,,,,,,,,,,,0,,,,,,,,,,,,,,,,,,,,,0,,,,,,,,,,,,,,,,,,,,,0,,,,,,,,,,,,,,,,,,,,,0,,,,,,,,,,,,,,,,,,,,,,,,,,,,,,,,,,,,,,,,,
5238230,Tre Johnson,WAS,SG,SG,FREEAGENT,0,ACTIVE,1.79,-0.04,0.58,140.3,225,0,0,False,60.0,,12.217,2.833,2.033,0.55,0.3,1.917,5.35,1.55,4.517,10.783,1.267,1.45,0.483,2.35,0.0,0.0,23.967,0.4189,0.8736,0,,,,,,,,,,,,,,,,,,,,,0,,,,,,,,,,,,,,,,,,,,,0,,,,,,,,,,,,,,,,,,,,,0,,,,,,,,,,,,,,,,,,,,,68.0,,12.868,3.0,2.103,0.603,0.294,2.0,5.603,1.603,4.779,11.397,1.309,1.5,,,,,25.3,0.4194,0.8725
4997528,Nikola Jovic,MIA,PF,PF,FREEAGENT,0,ACTIVE,1.79,0.03,0.78,139.7,235,0,0,False,47.0,,7.319,3.255,2.17,0.553,0.362,0.957,3.553,1.383,2.447,6.681,1.468,2.149,0.532,2.723,0.0,0.0,17.234,0.3662,0.6832,0,,,,,,,,,,,,,,,,,,,,,0,,,,,,,,,,,,,,,,,,,,,0,,,,,,,,,,,,,,,,,,,,,0,,,,,,,,,,,,,,,,,,,,,71.0,,9.676,4.197,2.803,0.704,0.394,1.352,4.606,1.704,3.282,8.507,1.761,2.507,,,,,22.9,0.3858,0.7022
2583632,Royce O'Neale,CHA,SF,SF/PF,FREEAGENT,0,ACTIVE,1.78,0.02,0.51,140.7,183,0,0,False,78.0,,9.808,4.769,2.667,1.077,0.41,2.718,6.667,1.321,3.372,8.013,0.346,0.487,0.756,4.013,0.026,0.0,28.372,0.4208,0.7105,0,,,,,,,,,,,,,,,,,,,,,0,,,,,,,,,,,,,,,,,,,,,0,,,,,,,,,,,,,,,,,,,,,0,,,,,,,,,,,,,,,,,,,,,76.0,,8.474,4.197,2.303,0.895,0.395,2.316,5.697,1.105,2.934,7.0,0.289,0.395,,,,,24.5,0.4192,0.7333
4873090,Labaron Philon Jr.,PHL,PG,PG/SG,FREEAGENT,0,ACTIVE,1.76,0.01,0.71,139.6,,,0,False,,,,,,,,,,,,,,,,,,,,,,0,,,,,,,,,,,,,,,,,,,,,0,,,,,,,,,,,,,,,,,,,,,0,,,,,,,,,,,,,,,,,,,,,0,,,,,,,,,,,,,,,,,,,,,,,,,,,,,,,,,,,,,,,,,
5113969,Cameron Carr,LAL,SF,SG/SF,FREEAGENT,0,ACTIVE,1.7,-0.06,0.47,139.9,,,0,False,,,,,,,,,,,,,,,,,,,,,,0,,,,,,,,,,,,,,,,,,,,,0,,,,,,,,,,,,,,,,,,,,,0,,,,,,,,,,,,,,,,,,,,,0,,,,,,,,,,,,,,,,,,,,,,,,,,,,,,,,,,,,,,,,,
4576060,Ryan Kalkbrenner,CHA,C,C,FREEAGENT,0,ACTIVE,1.69,0.08,0.42,140.7,177,0,0,False,69.0,,7.551,5.464,0.783,0.464,1.464,0.0,0.072,0.899,3.174,4.217,1.203,1.681,2.42,3.043,0.043,0.0,21.449,0.7526,0.7155,0,,,,,,,,,,,,,,,,,,,,,0,,,,,,,,,,,,,,,,,,,,,0,,,,,,,,,,,,,,,,,,,,,0,,,,,,,,,,,,,,,,,,,,,69.0,,8.217,5.899,0.797,0.507,1.594,,0.101,1.0,3.464,4.594,1.29,1.797,,,,,23.2,0.7539,0.7177
3213,Al Horford,GSW,C,PF/C,FREEAGENT,0,ACTIVE,1.69,0.01,0.68,140.2,220,0,0,False,45.0,,8.267,4.867,2.578,0.667,1.133,1.644,4.556,0.933,3.067,7.2,0.489,0.578,0.978,3.889,0.0,0.0,21.578,0.4259,0.8462,0,,,,,,,,,,,,,,,,,,,,,0,,,,,,,,,,,,,,,,,,,,,0,,,,,,,,,,,,,,,,,,,,,0,,,,,,,,,,,,,,,,,,,,,56.0,,8.696,5.804,2.393,0.607,1.0,1.75,4.607,0.804,3.214,7.107,0.518,0.607,,,,,25.4,0.4523,0.8529
4898371,Maxime Raynaud,SAC,C,C,FREEAGENT,0,ACTIVE,1.67,0,0.51,140.0,,,0,False,74.0,,12.459,7.514,1.351,0.514,0.527,0.324,1.0,1.27,5.176,9.068,1.784,2.27,1.919,5.595,0.243,0.0,26.595,0.5708,0.7857,0,,,,,,,,,,,,,,,,,,,,,0,,,,,,,,,,,,,,,,,,,,,0,,,,,,,,,,,,,,,,,,,,,0,,,,,,,,,,,,,,,,,,,,,,,,,,,,,,,,,,,,,,,,,
5105550,GG Jackson,MEM,PF,PF,FREEAGENT,0,ACTIVE,1.65,0.05,0.44,140.6,185,0,0,False,55.0,,12.473,4.273,1.473,0.564,0.8,1.164,3.509,1.545,4.636,9.345,2.036,2.745,0.891,3.382,0.018,0.0,21.418,0.4961,0.7417,0,,,,,,,,,,,,,,,,,,,,,0,,,,,,,,,,,,,,,,,,,,,0,,,,,,,,,,,,,,,,,,,,,0,,,,,,,,,,,,,,,,,,,,,69.0,,13.217,4.507,1.507,0.594,0.797,1.304,3.899,1.594,4.884,10.101,2.145,2.899,,,,,23.0,0.4835,0.74
5061568,Carter Bryant,SAS,SF,SF,FREEAGENT,0,ACTIVE,1.59,-0.04,0.71,139.8,,,0,False,71.0,,4.197,2.507,0.662,0.225,0.324,0.732,2.183,0.465,1.521,3.732,0.423,0.592,0.535,1.972,0.0,0.0,11.507,0.4075,0.7143,0,,,,,,,,,,,,,,,,,,,,,0,,,,,,,,,,,,,,,,,,,,,0,,,,,,,,,,,,,,,,,,,,,0,,,,,,,,,,,,,,,,,,,,,,,,,,,,,,,,,,,,,,,,,
4278580,Sandro Mamukelashvili,LAL,C,PF/C,FREEAGENT,0,ACTIVE,1.56,0.02,0.46,140.0,,,0,False,80.0,,11.162,4.938,1.887,0.8,0.512,1.438,3.7,0.838,4.125,7.888,1.475,1.975,1.35,3.587,0.037,0.0,21.9,0.523,0.7468,0,,,,,,,,,,,,,,,,,,,,,0,,,,,,,,,,,,,,,,,,,,,0,,,,,,,,,,,,,,,,,,,,,0,,,,,,,,,,,,,,,,,,,,,,,,,,,,,,,,,,,,,,,,,
4066211,Robert Williams III,POR,C,C,FREEAGENT,0,ACTIVE,1.52,0.05,0.41,140.5,188,0,0,False,59.0,,6.729,7.017,1.017,0.593,1.475,0.153,0.39,0.831,3.0,4.237,0.576,0.966,2.39,4.627,0.085,0.0,17.102,0.708,0.5965,0,,,,,,,,,,,,,,,,,,,,,0,,,,,,,,,,,,,,,,,,,,,0,,,,,,,,,,,,,,,,,,,,,0,,,,,,,,,,,,,,,,,,,,,59.0,,7.525,7.797,1.203,0.695,1.695,0.153,0.407,1.0,3.322,4.797,0.729,1.102,,,,,20.0,0.6926,0.6615
3904625,Tacko Fall,PHL,C,C,FREEAGENT,0,DAY_TO_DAY,1.52,-0.03,0.66,139.6,,,0,False,0,,,,,,,,,,,,,,,,,,,,,0,,,,,,,,,,,,,,,,,,,,,0,,,,,,,,,,,,,,,,,,,,,0,,,,,,,,,,,,,,,,,,,,,0,,,,,,,,,,,,,,,,,,,,,,,,,,,,,,,,,,,,,,,,,
4066436,De'Anthony Melton,GSW,PG,PG/SG,FREEAGENT,0,ACTIVE,1.5,0.02,0.5,140.5,198,0,0,False,49.0,,12.286,3.224,2.551,1.571,0.408,1.469,5.0,1.857,4.388,10.776,2.041,2.469,0.796,2.429,0.0,0.0,23.0,0.4072,0.8264,0,,,,,,,,,,,,,,,,,,,,,0,,,,,,,,,,,,,,,,,,,,,0,,,,,,,,,,,,,,,,,,,,,0,,,,,,,,,,,,,,,,,,,,,65.0,,12.154,3.2,2.6,1.6,0.4,1.492,5.0,1.8,4.338,10.708,1.985,2.4,,,,,23.1,0.4052,0.8269
4433083,Cam Spencer,MEM,SG,PG/SG,FREEAGENT,0,ACTIVE,1.45,0,0.39,140.1,363,0,0,False,72.0,,11.083,2.542,5.556,0.722,0.153,2.028,4.514,1.292,3.653,7.722,1.75,1.861,0.556,1.986,0.083,0.0,23.847,0.473,0.9403,0,,,,,,,,,,,,,,,,,,,,,0,,,,,,,,,,,,,,,,,,,,,0,,,,,,,,,,,,,,,,,,,,,0,,,,,,,,,,,,,,,,,,,,,,,,,,,,,,,,,,,,,,,,,
5281370,Hannes Steinbach,CHA,PF,PF,FREEAGENT,0,ACTIVE,1.44,-0.02,0.34,140.3,254,0,0,False,,,,,,,,,,,,,,,,,,,,,,0,,,,,,,,,,,,,,,,,,,,,0,,,,,,,,,,,,,,,,,,,,,0,,,,,,,,,,,,,,,,,,,,,0,,,,,,,,,,,,,,,,,,,,,71.0,,7.07,4.099,1.099,0.704,0.901,0.197,0.606,0.901,2.789,5.901,1.296,1.704,,,,,17.9,0.4726,0.7603
2990992,Marcus Smart,HOU,SG,PG/SG,FREEAGENT,0,ACTIVE,1.42,0.02,0.51,140.1,250,0,0,False,62.0,,9.339,2.774,3.0,1.403,0.371,1.565,4.726,1.484,3.032,7.677,1.71,2.081,0.581,2.194,0.0,0.0,28.532,0.395,0.8217,0,,,,,,,,,,,,,,,,,,,,,0,,,,,,,,,,,,,,,,,,,,,0,,,,,,,,,,,,,,,,,,,,,0,,,,,,,,,,,,,,,,,,,,,62.0,,9.177,2.403,3.0,1.306,0.306,1.484,4.5,1.597,3.048,7.597,1.597,2.0,,,,,24.4,0.4013,0.7984
6585,Andre Drummond,NYK,C,C,FREEAGENT,0,ACTIVE,1.42,0.02,0.57,140.1,253,0,0,False,63.0,,6.397,8.444,1.27,0.603,0.778,0.508,1.429,0.968,2.524,5.349,0.841,1.333,3.175,5.27,0.27,0.0,19.603,0.4718,0.631,0,,,,,,,,,,,,,,,,,,,,,0,,,,,,,,,,,,,,,,,,,,,0,,,,,,,,,,,,,,,,,,,,,0,,,,,,,,,,,,,,,,,,,,,60.0,,6.65,8.4,1.2,0.7,0.7,0.417,1.2,1.0,2.65,5.5,0.933,1.5,,,,,19.4,0.4818,0.6222
4066372,Kevin Huerter,DET,SG,SG/SF,FREEAGENT,0,ACTIVE,1.39,0.03,0.56,140.5,194,0,0,False,69.0,,10.043,3.478,2.58,0.913,0.478,1.449,4.71,1.043,3.899,8.638,0.797,1.029,0.493,2.986,0.014,0.0,22.493,0.4513,0.7746,0,,,,,,,,,,,,,,,,,,,,,0,,,,,,,,,,,,,,,,,,,,,0,,,,,,,,,,,,,,,,,,,,,0,,,,,,,,,,,,,,,,,,,,,69.0,,10.319,3.507,2.594,0.899,0.507,1.58,5.0,1.101,3.986,8.899,0.768,1.0,,,,,23.6,0.4479,0.7681
4395702,Isaiah Joe,DET,SG,SG,FREEAGENT,0,ACTIVE,1.31,0.03,0.44,140.4,215,0,0,False,71.0,,11.056,2.549,1.324,0.704,0.155,2.549,6.028,0.634,3.479,7.648,1.549,1.732,0.465,2.085,0.0,0.0,21.211,0.4549,0.8943,0,,,,,,,,,,,,,,,,,,,,,0,,,,,,,,,,,,,,,,,,,,,0,,,,,,,,,,,,,,,,,,,,,0,,,,,,,,,,,,,,,,,,,,,72.0,,10.75,2.5,1.403,0.694,0.194,2.528,6.0,0.597,3.444,7.597,1.333,1.5,,,,,21.1,0.4534,0.8889
3064560,Luke Kornet,SAS,C,C,FREEAGENT,0,ACTIVE,1.29,-0.01,0.55,139.9,257,0,0,False,68.0,,6.529,6.088,1.853,0.471,0.956,0.0,0.0,0.412,2.574,4.0,1.382,1.676,2.662,3.426,0.044,0.0,21.0,0.6434,0.8246,0,,,,,,,,,,,,,,,,,,,,,0,,,,,,,,,,,,,,,,,,,,,0,,,,,,,,,,,,,,,,,,,,,0,,,,,,,,,,,,,,,,,,,,,71.0,,4.986,4.394,1.296,0.394,0.803,,,0.296,2.056,3.099,0.873,1.099,,,,,15.6,0.6636,0.7949
5107173,Danny Wolf,BKN,PF,PF/C,FREEAGENT,0,ACTIVE,1.26,0.02,0.39,140.5,193,0,0,False,57.0,,8.912,4.93,2.228,0.526,0.561,1.193,3.702,1.281,3.123,7.719,1.474,1.912,1.0,3.93,0.035,0.0,20.912,0.4045,0.7706,0,,,,,,,,,,,,,,,,,,,,,0,,,,,,,,,,,,,,,,,,,,,0,,,,,,,,,,,,,,,,,,,,,0,,,,,,,,,,,,,,,,,,,,,71.0,,10.282,5.704,2.606,0.606,0.606,1.38,4.296,1.507,3.606,8.901,1.69,2.197,,,,,24.1,0.4051,0.7692
4431823,Miles McBride,NYK,SG,PG/SG,FREEAGENT,0,ACTIVE,1.24,0.02,0.56,140.2,247,0,0,False,41.0,,11.976,2.439,2.585,0.854,0.22,2.732,6.61,0.805,4.171,9.854,0.902,1.146,0.585,1.854,0.0,0.0,26.341,0.4233,0.7872,0,,,,,,,,,,,,,,,,,,,,,0,,,,,,,,,,,,,,,,,,,,,0,,,,,,,,,,,,,,,,,,,,,0,,,,,,,,,,,,,,,,,,,,,65.0,,9.708,2.108,2.2,0.8,0.2,2.154,5.308,0.6,3.415,8.108,0.723,0.908,,,,,22.2,0.4213,0.7966
3913174,Luke Kennard,PHO,SG,SG,ONTEAM,5,ACTIVE,1.18,0.02,0.35,140.3,219,0,0,False,78.0,,8.359,2.333,2.231,0.705,0.103,1.5,3.141,0.769,3.026,5.679,0.808,0.885,0.41,1.923,0.013,0.013,21.564,0.5327,0.913,0,,,,,,,,,,,,,,,,,,,,,0,,,,,,,,,,,,,,,,,,,,,0,,,,,,,,,,,,,,,,,,,,,0,,,,,,,,,,,,,,,,,,,,,74.0,,8.541,2.405,2.405,0.703,0.095,1.554,3.297,0.797,3.081,5.905,0.824,0.905,,,,,21.8,0.5217,0.9104
4997536,Gui Santos,GSW,SF,SF,FREEAGENT,0,ACTIVE,1.16,0.03,0.33,140.4,242,0,0,False,68.0,,9.191,3.912,2.338,0.897,0.324,1.147,3.265,1.5,3.382,6.765,1.279,1.765,1.103,2.809,0.044,0.0,20.559,0.5,0.725,0,,,,,,,,,,,,,,,,,,,,,0,,,,,,,,,,,,,,,,,,,,,0,,,,,,,,,,,,,,,,,,,,,0,,,,,,,,,,,,,,,,,,,,,66.0,,7.394,5.394,2.394,0.803,0.303,1.076,3.197,1.303,2.652,5.697,1.015,1.394,,,,,23.9,0.4654,0.7283
4601025,Pelle Larsson,MIA,SG,SG/SF,FREEAGENT,0,ACTIVE,1.16,0.05,0.3,140.0,,,0,False,70.0,,11.429,3.486,3.371,0.7,0.229,0.886,2.743,1.443,3.957,7.986,2.629,3.3,0.986,2.5,0.014,0.0,26.457,0.4955,0.7965,0,,,,,,,,,,,,,,,,,,,,,0,,,,,,,,,,,,,,,,,,,,,0,,,,,,,,,,,,,,,,,,,,,0,,,,,,,,,,,,,,,,,,,,,,,,,,,,,,,,,,,,,,,,,
4702384,Nique Clifford,SAC,SG,SG/SF,FREEAGENT,0,ACTIVE,1.15,-0.01,0.34,140.4,218,0,0,False,75.0,,8.6,3.76,2.387,0.907,0.32,1.027,3.08,1.547,3.32,7.947,0.933,1.293,0.867,2.893,0.0,0.0,25.093,0.4178,0.7216,0,,,,,,,,,,,,,,,,,,,,,0,,,,,,,,,,,,,,,,,,,,,0,,,,,,,,,,,,,,,,,,,,,0,,,,,,,,,,,,,,,,,,,,,72.0,,9.431,4.097,2.597,1.0,0.306,1.139,3.403,1.694,3.639,8.694,1.014,1.403,,,,,27.4,0.4185,0.7228
5164559,Nate Ament,MIL,SF,SF,FREEAGENT,0,ACTIVE,1.13,-0.03,0.29,140.0,295,0,0,False,,,,,,,,,,,,,,,,,,,,,,0,,,,,,,,,,,,,,,,,,,,,0,,,,,,,,,,,,,,,,,,,,,0,,,,,,,,,,,,,,,,,,,,,0,,,,,,,,,,,,,,,,,,,,,70.0,,5.657,3.6,0.7,0.7,0.8,0.186,0.6,1.1,2.314,5.4,0.843,1.2,,,,,17.7,0.4286,0.7024
2990984,Buddy Hield,CHI,SG,SG/SF,FREEAGENT,0,ACTIVE,1.11,-0.06,0.36,140.1,278,0,0,False,51.0,,7.647,2.275,1.392,0.765,0.176,1.451,4.157,0.941,2.804,6.412,0.588,0.725,0.529,1.745,0.0,0.0,16.078,0.4373,0.8108,0,,,,,,,,,,,,,,,,,,,,,0,,,,,,,,,,,,,,,,,,,,,0,,,,,,,,,,,,,,,,,,,,,0,,,,,,,,,,,,,,,,,,,,,62.0,,8.726,2.5,1.5,0.806,0.194,1.758,4.903,1.0,3.194,7.403,0.581,0.694,,,,,18.2,0.4314,0.8372
4896372,Walter Clayton Jr.,MEM,SG,PG/SG,FREEAGENT,0,ACTIVE,1.09,0.01,0.24,140.5,204,0,0,False,69.0,,7.797,2.014,4.043,0.638,0.275,1.087,3.536,1.681,2.565,6.681,1.58,1.754,0.362,1.652,0.014,0.0,20.449,0.3839,0.9008,0,,,,,,,,,,,,,,,,,,,,,0,,,,,,,,,,,,,,,,,,,,,0,,,,,,,,,,,,,,,,,,,,,0,,,,,,,,,,,,,,,,,,,,,71.0,,9.62,2.507,5.0,0.803,0.296,1.324,4.296,2.099,3.155,8.197,1.986,2.197,,,,,25.1,0.3849,0.9038
4065778,Max Strus,LAC,SF,SF,FREEAGENT,0,DAY_TO_DAY,1.08,-0.01,0.27,140.5,209,0,0,False,12.0,,11.167,5.417,2.0,0.25,0.0,2.75,6.833,0.75,3.917,8.833,0.583,0.75,0.75,4.667,0.0,0.0,24.0,0.4434,0.7778,0,,,,,,,,,,,,,,,,,,,,,0,,,,,,,,,,,,,,,,,,,,,0,,,,,,,,,,,,,,,,,,,,,0,,,,,,,,,,,,,,,,,,,,,67.0,,9.851,4.0,3.194,0.701,0.299,2.045,5.701,1.194,3.507,8.299,0.791,1.0,,,,,25.9,0.4227,0.791
6578,Harrison Barnes,SAS,PF,SF/PF,FREEAGENT,0,ACTIVE,1.06,-0.01,0.42,140.2,251,0,0,False,77.0,,9.961,2.779,1.922,0.649,0.156,1.805,4.649,0.792,3.416,7.481,1.325,1.597,0.818,1.961,0.0,0.0,25.831,0.4566,0.8293,0,,,,,,,,,,,,,,,,,,,,,0,,,,,,,,,,,,,,,,,,,,,0,,,,,,,,,,,,,,,,,,,,,0,,,,,,,,,,,,,,,,,,,,,80.0,,8.65,2.4,1.2,0.5,0.1,1.4,3.5,0.5,2.975,6.2,1.3,1.6,,,,,20.5,0.4798,0.8125
2528426,Jordan Clarkson,NYK,SG,SG/SF,FREEAGENT,0,ACTIVE,1.05,-0.02,0.53,139.9,290,0,0,False,72.0,,8.639,1.764,1.333,0.417,0.125,0.972,2.972,0.875,3.292,7.306,1.083,1.306,0.861,0.903,0.0,0.0,17.792,0.4506,0.8298,0,,,,,,,,,,,,,,,,,,,,,0,,,,,,,,,,,,,,,,,,,,,0,,,,,,,,,,,,,,,,,,,,,0,,,,,,,,,,,,,,,,,,,,,66.0,,9.591,2.0,1.697,0.5,0.106,1.121,3.394,1.106,3.576,8.106,1.318,1.606,,,,,19.0,0.4411,0.8208
4397189,Jalen Smith,CHI,PF,PF/C,FREEAGENT,0,ACTIVE,1.04,0.01,0.34,140.3,213,0,0,False,53.0,,10.208,6.698,1.226,0.453,0.792,1.547,4.151,1.0,3.679,7.623,1.302,1.755,1.849,4.849,0.17,0.0,20.642,0.4827,0.7419,0,,,,,,,,,,,,,,,,,,,,,0,,,,,,,,,,,,,,,,,,,,,0,,,,,,,,,,,,,,,,,,,,,0,,,,,,,,,,,,,,,,,,,,,66.0,,9.788,6.394,1.197,0.394,0.803,1.424,3.894,0.894,3.545,7.303,1.273,1.697,,,,,19.5,0.4855,0.75
3135046,Tyus Jones,DEN,PG,PG,FREEAGENT,0,ACTIVE,1.03,-0.06,0.31,140.0,293,0,0,False,67.0,,2.97,1.134,2.373,0.552,0.045,0.597,2.045,0.373,1.134,3.254,0.104,0.134,0.179,0.955,0.0,0.0,14.642,0.3486,0.7778,0,,,,,,,,,,,,,,,,,,,,,0,,,,,,,,,,,,,,,,,,,,,0,,,,,,,,,,,,,,,,,,,,,0,,,,,,,,,,,,,,,,,,,,,69.0,,4.696,1.406,3.101,0.594,0.101,0.884,2.594,0.507,1.783,4.507,0.246,0.304,,,,,17.5,0.3955,0.8095
5112087,Jaylen Wells,MEM,SF,SG/SF,FREEAGENT,0,ACTIVE,1.02,0.02,0.28,140.4,232,0,0,False,69.0,,12.536,3.188,1.609,0.884,0.13,1.87,5.29,1.072,4.362,10.116,1.942,2.478,0.884,2.304,0.0,0.0,26.391,0.4312,0.7836,0,,,,,,,,,,,,,,,,,,,,,0,,,,,,,,,,,,,,,,,,,,,0,,,,,,,,,,,,,,,,,,,,,0,,,,,,,,,,,,,,,,,,,,,71.0,,11.577,3.099,1.507,0.803,0.099,1.761,5.0,1.0,4.042,9.394,1.732,2.197,,,,,25.0,0.4303,0.7885
4278562,Paul Reed,DET,C,PF/C,FREEAGENT,0,ACTIVE,1.0,0.01,0.39,140.2,244,0,0,False,65.0,,7.754,4.523,1.231,0.877,0.923,0.2,0.615,0.892,3.215,5.215,1.123,1.692,2.0,2.523,0.046,0.0,13.831,0.6165,0.6636,0,,,,,,,,,,,,,,,,,,,,,0,,,,,,,,,,,,,,,,,,,,,0,,,,,,,,,,,,,,,,,,,,,0,,,,,,,,,,,,,,,,,,,,,63.0,,7.429,4.397,1.206,0.905,0.905,0.19,0.603,0.905,3.079,5.095,1.079,1.603,,,,,13.8,0.6044,0.6733
2581018,Kentavious Caldwell-Pope,PHL,SG,SG/SF,FREEAGENT,0,ACTIVE,0.98,0.01,0.47,139.9,259,0,0,False,51.0,,8.392,2.451,2.725,0.843,0.157,1.078,3.412,1.196,2.941,7.176,1.431,1.569,0.392,2.059,0.0,0.0,21.255,0.4098,0.9125,0,,,,,,,,,,,,,,,,,,,,,0,,,,,,,,,,,,,,,,,,,,,0,,,,,,,,,,,,,,,,,,,,,0,,,,,,,,,,,,,,,,,,,,,68.0,,7.735,2.0,1.897,1.0,0.294,1.221,3.397,0.794,2.721,6.206,1.074,1.206,,,,,23.6,0.4384,0.8902
4432170,Isaiah Jackson,LAC,PF,PF/C,FREEAGENT,0,ACTIVE,0.96,0.14,0.23,140.4,229,0,0,False,55.0,,6.727,5.273,0.945,0.655,0.891,0.0,0.055,1.055,2.745,4.309,1.236,1.909,2.055,3.218,0.127,0.0,16.509,0.6371,0.6476,0,,,,,,,,,,,,,,,,,,,,,0,,,,,,,,,,,,,,,,,,,,,0,,,,,,,,,,,,,,,,,,,,,0,,,,,,,,,,,,,,,,,,,,,67.0,,7.552,5.896,1.104,0.701,1.0,,0.104,1.194,3.06,4.806,1.433,2.194,,,,,18.4,0.6366,0.6531
4066421,Lonzo Ball,FA,PG,PG/SG,FREEAGENT,0,ACTIVE,0.93,-0.01,0.38,139.8,378,0,0,False,35.0,,4.571,4.0,3.886,1.286,0.257,1.143,4.2,1.486,1.514,5.029,0.4,0.6,0.743,3.257,0.0,0.0,20.8,0.3011,0.6667,0,,,,,,,,,,,,,,,,,,,,,0,,,,,,,,,,,,,,,,,,,,,0,,,,,,,,,,,,,,,,,,,,,0,,,,,,,,,,,,,,,,,,,,,,,,,,,,,,,,,,,,,,,,,
4702177,Keon Ellis,BKN,SG,SG/SF,FREEAGENT,0,ACTIVE,0.9,-0.01,0.27,140.3,241,0,0,False,72.0,,6.667,1.875,1.0,1.153,0.639,1.264,3.486,0.569,2.347,5.333,0.708,0.972,0.528,1.347,0.0,0.0,20.5,0.4401,0.7286,0,,,,,,,,,,,,,,,,,,,,,0,,,,,,,,,,,,,,,,,,,,,0,,,,,,,,,,,,,,,,,,,,,0,,,,,,,,,,,,,,,,,,,,,72.0,,6.972,2.0,1.097,1.194,0.694,1.361,3.597,0.597,2.431,5.403,0.75,1.0,,,,,21.0,0.4499,0.75
2991139,Kris Dunn,LAC,PG,PG/SG,FREEAGENT,0,ACTIVE,0.87,-0.01,0.22,140.4,210,0,0,False,82.0,,7.268,3.305,3.598,1.598,0.171,0.976,2.61,1.354,2.768,5.817,0.756,0.988,0.707,2.598,0.0,0.0,27.22,0.4759,0.7654,0,,,,,,,,,,,,,,,,,,,,,0,,,,,,,,,,,,,,,,,,,,,0,,,,,,,,,,,,,,,,,,,,,0,,,,,,,,,,,,,,,,,,,,,75.0,,5.987,2.907,3.107,1.4,0.307,0.827,2.307,1.107,2.36,5.107,0.44,0.6,,,,,22.0,0.4621,0.7333
5175647,Hugo Gonzalez,BOS,SF,SF,FREEAGENT,0,ACTIVE,0.86,0,0.34,140.0,262,0,0,False,74.0,,3.905,3.324,0.541,0.568,0.284,0.568,1.568,0.514,1.581,3.324,0.176,0.351,0.838,2.486,0.027,0.0,14.635,0.4756,0.5,0,,,,,,,,,,,,,,,,,,,,,0,,,,,,,,,,,,,,,,,,,,,0,,,,,,,,,,,,,,,,,,,,,0,,,,,,,,,,,,,,,,,,,,,74.0,,5.77,4.905,0.797,0.797,0.405,0.838,2.297,0.797,2.338,4.905,0.257,0.5,,,,,21.7,0.4766,0.5135
2991043,Caris LeVert,MIL,SG,SG/SF,FREEAGENT,0,ACTIVE,0.84,-0.03,0.28,140.1,261,0,0,False,60.0,,7.383,1.95,2.65,0.85,0.683,1.0,3.0,1.367,2.717,6.517,0.95,1.4,0.383,1.567,0.0,0.0,19.233,0.4169,0.6786,0,,,,,,,,,,,,,,,,,,,,,0,,,,,,,,,,,,,,,,,,,,,0,,,,,,,,,,,,,,,,,,,,,0,,,,,,,,,,,,,,,,,,,,,61.0,,8.541,2.295,2.902,0.902,0.607,1.131,3.295,1.393,3.115,7.295,1.18,1.705,,,,,20.7,0.427,0.6923
3936099,Derrick Jones Jr.,LAC,SF,SF/PF,ONTEAM,4,ACTIVE,0.8,0.03,0.22,140.4,217,0,0,False,50.0,,10.08,3.46,1.38,0.9,1.0,1.1,3.06,0.8,3.78,7.58,1.42,1.86,1.22,2.24,0.02,0.0,26.94,0.4987,0.7634,0,,,,,,,,,,,,,,,,,,,,,0,,,,,,,,,,,,,,,,,,,,,0,,,,,,,,,,,,,,,,,,,,,0,,,,,,,,,,,,,,,,,,,,,68.0,,9.706,3.397,1.103,0.897,0.794,1.059,3.0,0.794,3.662,7.294,1.324,1.794,,,,,25.4,0.502,0.7377
4397475,AJ Green,MIL,SG,SG,FREEAGENT,0,ACTIVE,0.8,0.01,0.24,140.1,243,0,0,False,78.0,,10.372,2.731,1.949,0.5,0.103,2.974,7.103,0.962,3.359,7.923,0.679,0.795,0.372,2.359,0.0,0.0,29.141,0.4239,0.8548,0,,,,,,,,,,,,,,,,,,,,,0,,,,,,,,,,,,,,,,,,,,,0,,,,,,,,,,,,,,,,,,,,,0,,,,,,,,,,,,,,,,,,,,,76.0,,9.013,2.395,1.697,0.5,0.105,2.553,6.105,0.803,2.934,6.895,0.592,0.697,,,,,25.4,0.4256,0.8491
5214640,Kasparas Jakucionis,MIL,PG,PG,FREEAGENT,0,ACTIVE,0.79,0,0.19,140.3,236,0,0,False,53.0,,6.189,2.604,2.585,0.623,0.132,1.245,2.943,0.943,1.925,4.491,1.094,1.245,0.811,1.792,0.0,0.0,17.906,0.4286,0.8788,0,,,,,,,,,,,,,,,,,,,,,0,,,,,,,,,,,,,,,,,,,,,0,,,,,,,,,,,,,,,,,,,,,0,,,,,,,,,,,,,,,,,,,,,68.0,,7.853,3.294,3.294,0.794,0.206,1.559,3.706,1.206,2.441,5.706,1.412,1.603,,,,,22.6,0.4278,0.8807
6609,Khris Middleton,WAS,SF,SF/PF,FREEAGENT,0,ACTIVE,0.78,-0.01,0.3,140.1,267,0,0,False,63.0,,10.159,3.667,2.794,0.651,0.143,1.063,2.952,1.714,3.603,8.571,1.889,2.159,0.81,2.857,0.032,0.0,22.825,0.4204,0.875,0,,,,,,,,,,,,,,,,,,,,,0,,,,,,,,,,,,,,,,,,,,,0,,,,,,,,,,,,,,,,,,,,,0,,,,,,,,,,,,,,,,,,,,,53.0,,10.094,3.396,3.208,0.698,0.208,1.113,3.0,1.604,3.717,8.094,1.547,1.792,,,,,20.3,0.4592,0.8632
4684275,Rob Dillingham,FA,PG,PG,FREEAGENT,0,DAY_TO_DAY,0.75,-0.01,0.26,140.0,264,0,0,False,65.0,,6.292,2.015,2.2,0.723,0.092,0.646,2.046,1.538,2.508,6.338,0.631,0.846,0.292,1.723,0.0,0.0,14.908,0.3956,0.7455,0,,,,,,,,,,,,,,,,,,,,,0,,,,,,,,,,,,,,,,,,,,,0,,,,,,,,,,,,,,,,,,,,,0,,,,,,,,,,,,,,,,,,,,,68.0,,8.603,2.706,3.103,1.0,0.103,0.882,2.794,2.103,3.456,8.706,0.809,1.103,,,,,20.5,0.397,0.7333
4683771,Ronald Holland II,DET,SF,SF/PF,FREEAGENT,0,ACTIVE,0.74,0.01,0.24,140.3,249,0,0,False,78.0,,8.205,4.038,1.218,1.179,0.346,0.641,2.538,1.231,3.013,6.974,1.538,1.91,1.064,2.974,0.026,0.0,19.795,0.432,0.8054,0,,,,,,,,,,,,,,,,,,,,,0,,,,,,,,,,,,,,,,,,,,,0,,,,,,,,,,,,,,,,,,,,,0,,,,,,,,,,,,,,,,,,,,,79.0,,7.646,3.595,1.203,1.0,0.304,0.57,2.304,1.101,2.823,6.405,1.43,1.797,,,,,18.5,0.4407,0.7958
4277848,Marvin Bagley III,DEN,PF,PF/C,FREEAGENT,0,ACTIVE,0.73,0.01,0.22,140.4,238,0,0,False,60.0,,10.45,6.1,1.417,0.467,0.717,0.4,0.867,1.017,4.233,6.85,1.583,2.4,2.5,3.6,0.1,0.0,20.05,0.618,0.6597,0,,,,,,,,,,,,,,,,,,,,,0,,,,,,,,,,,,,,,,,,,,,0,,,,,,,,,,,,,,,,,,,,,0,,,,,,,,,,,,,,,,,,,,,61.0,,9.951,5.803,1.295,0.393,0.705,0.361,0.803,1.0,4.033,6.607,1.525,2.295,,,,,19.1,0.6104,0.6643
5101845,Jayden Quaintance,SAS,PF,PF/C,FREEAGENT,0,OUT,0.73,-0.03,0.13,140.0,,,0,False,,,,,,,,,,,,,,,,,,,,,,0,,,,,,,,,,,,,,,,,,,,,0,,,,,,,,,,,,,,,,,,,,,0,,,,,,,,,,,,,,,,,,,,,0,,,,,,,,,,,,,,,,,,,,,,,,,,,,,,,,,,,,,,,,,
4593841,Baylor Scheierman,BOS,SG,SG,FREEAGENT,0,ACTIVE,0.72,0.03,0.28,140.3,228,0,0,False,77.0,,5.545,3.494,1.506,0.545,0.078,1.26,3.156,0.597,1.961,4.325,0.364,0.403,0.74,2.753,0.052,0.0,18.623,0.4535,0.9032,0,,,,,,,,,,,,,,,,,,,,,0,,,,,,,,,,,,,,,,,,,,,0,,,,,,,,,,,,,,,,,,,,,0,,,,,,,,,,,,,,,,,,,,,72.0,,7.514,4.694,2.0,0.806,0.097,1.694,4.306,0.806,2.639,5.903,0.542,0.597,,,,,25.1,0.4471,0.907
5217746,Yang Hansen,POR,C,C,FREEAGENT,0,ACTIVE,0.72,-0.03,0.28,139.9,341,0,0,False,43.0,,2.209,1.535,0.512,0.07,0.233,0.116,0.977,0.744,0.721,2.326,0.651,0.791,0.465,1.07,0.0,0.0,7.0,0.31,0.8235,0,,,,,,,,,,,,,,,,,,,,,0,,,,,,,,,,,,,,,,,,,,,0,,,,,,,,,,,,,,,,,,,,,0,,,,,,,,,,,,,,,,,,,,,65.0,,3.985,2.8,0.908,0.108,0.4,0.215,1.8,1.4,1.308,4.2,1.154,1.4,,,,,12.7,0.3114,0.8242
5279133,Joan Beringer,MIN,C,C,FREEAGENT,0,ACTIVE,0.7,0,0.19,140.0,,,0,False,40.0,,3.9,2.3,0.3,0.175,0.65,0.0,0.0,0.275,1.625,2.45,0.65,0.925,1.125,1.175,0.025,0.0,7.875,0.6633,0.7027,0,,,,,,,,,,,,,,,,,,,,,0,,,,,,,,,,,,,,,,,,,,,0,,,,,,,,,,,,,,,,,,,,,0,,,,,,,,,,,,,,,,,,,,,,,,,,,,,,,,,,,,,,,,,
3912848,Dean Wade,PHL,PF,PF,FREEAGENT,0,ACTIVE,0.68,0.01,0.41,139.8,294,0,0,False,59.0,,5.797,4.186,1.492,0.746,0.39,1.203,3.322,0.271,2.068,4.712,0.458,0.644,0.898,3.288,0.017,0.0,22.39,0.4388,0.7105,0,,,,,,,,,,,,,,,,,,,,,0,,,,,,,,,,,,,,,,,,,,,0,,,,,,,,,,,,,,,,,,,,,0,,,,,,,,,,,,,,,,,,,,,58.0,,5.552,4.103,1.207,0.707,0.397,1.328,3.603,0.293,1.914,4.5,0.397,0.603,,,,,21.5,0.4253,0.6571
2326307,Seth Curry,FA,SG,PG/SG,FREEAGENT,0,ACTIVE,0.68,-0.01,0.44,139.6,,,0,False,10.0,,7.1,1.2,1.0,0.3,0.0,1.2,2.5,0.2,2.4,4.9,1.1,1.2,0.4,0.8,0.0,0.0,13.2,0.4898,0.9167,0,,,,,,,,,,,,,,,,,,,,,0,,,,,,,,,,,,,,,,,,,,,0,,,,,,,,,,,,,,,,,,,,,0,,,,,,,,,,,,,,,,,,,,,,,,,,,,,,,,,,,,,,,,,
5106060,Jarace Walker,IND,PF,SF/PF,FREEAGENT,0,ACTIVE,0.64,-0.02,0.26,140.1,279,0,0,False,76.0,,11.632,5.145,2.526,0.829,0.342,1.75,4.684,1.829,4.039,9.645,1.803,2.408,0.645,4.5,0.039,0.0,25.737,0.4188,0.7486,0,,,,,,,,,,,,,,,,,,,,,0,,,,,,,,,,,,,,,,,,,,,0,,,,,,,,,,,,,,,,,,,,,0,,,,,,,,,,,,,,,,,,,,,63.0,,7.714,3.603,1.794,0.698,0.302,1.206,3.095,1.206,2.746,6.302,1.016,1.397,,,,,18.6,0.4358,0.7273
4683689,Jordan Walsh,BOS,SF,SF,FREEAGENT,0,ACTIVE,0.63,0.02,0.21,140.3,239,0,0,False,68.0,,5.353,4.0,0.794,0.721,0.456,0.706,1.838,0.515,2.0,3.926,0.647,0.838,1.25,2.75,0.029,0.0,17.853,0.5094,0.7719,0,,,,,,,,,,,,,,,,,,,,,0,,,,,,,,,,,,,,,,,,,,,0,,,,,,,,,,,,,,,,,,,,,0,,,,,,,,,,,,,,,,,,,,,71.0,,6.352,4.803,1.0,0.901,0.606,0.859,2.296,0.606,2.366,4.704,0.761,1.0,,,,,21.5,0.503,0.7606
4066757,Sam Merrill,CLE,SG,SG,FREEAGENT,0,ACTIVE,0.62,-0.01,0.22,140.2,255,0,0,False,52.0,,12.75,2.558,2.404,0.635,0.135,3.038,7.212,0.808,4.288,9.308,1.135,1.327,0.538,2.019,0.019,0.0,26.481,0.4607,0.8551,0,,,,,,,,,,,,,,,,,,,,,0,,,,,,,,,,,,,,,,,,,,,0,,,,,,,,,,,,,,,,,,,,,0,,,,,,,,,,,,,,,,,,,,,62.0,,10.597,2.306,2.0,0.597,0.097,2.597,6.306,0.694,3.565,7.903,0.871,1.0,,,,,23.0,0.451,0.871
4702382,Tristan da Silva,ORL,SF,SF/PF,FREEAGENT,0,ACTIVE,0.61,0.02,0.19,140.4,240,0,0,False,77.0,,9.896,3.688,1.61,0.883,0.325,1.558,4.169,0.896,3.623,8.052,1.091,1.234,0.753,2.935,0.0,0.0,24.688,0.45,0.8842,0,,,,,,,,,,,,,,,,,,,,,0,,,,,,,,,,,,,,,,,,,,,0,,,,,,,,,,,,,,,,,,,,,0,,,,,,,,,,,,,,,,,,,,,77.0,,8.338,3.195,1.403,0.701,0.299,1.325,3.597,0.805,3.065,6.896,0.883,1.0,,,,,21.4,0.4444,0.8831
4610139,Jeremy Sochan,POR,PF,PF,FREEAGENT,0,ACTIVE,0.61,0,0.2,140.2,246,0,0,False,44.0,,3.591,2.432,0.909,0.386,0.159,0.25,1.023,0.477,1.455,2.932,0.432,0.591,0.841,1.591,0.0,0.0,10.682,0.4961,0.7308,0,,,,,,,,,,,,,,,,,,,,,0,,,,,,,,,,,,,,,,,,,,,0,,,,,,,,,,,,,,,,,,,,,0,,,,,,,,,,,,,,,,,,,,,66.0,,8.545,4.894,2.197,0.697,0.394,0.561,1.894,1.303,3.439,7.197,1.106,1.5,,,,,21.3,0.4779,0.7374
4684272,Ja'Kobe Walter,TOR,SG,SG,FREEAGENT,0,ACTIVE,0.61,0.01,0.18,140.2,256,0,0,False,72.0,,7.514,2.569,1.194,1.014,0.194,1.528,3.736,0.514,2.5,5.611,0.986,1.25,0.778,1.792,0.0,0.0,20.444,0.4455,0.7889,0,,,,,,,,,,,,,,,,,,,,,0,,,,,,,,,,,,,,,,,,,,,0,,,,,,,,,,,,,,,,,,,,,0,,,,,,,,,,,,,,,,,,,,,69.0,,8.029,2.797,1.304,1.0,0.203,1.565,3.899,0.594,2.681,6.101,1.101,1.406,,,,,21.6,0.4394,0.7835
3102529,Clint Capela,HOU,C,C,FREEAGENT,0,ACTIVE,0.6,-0.01,0.2,140.1,258,0,0,False,75.0,,3.76,4.6,0.667,0.48,0.84,0.013,0.027,0.547,1.573,3.027,0.6,1.04,2.133,2.467,0.013,0.0,12.333,0.5198,0.5769,0,,,,,,,,,,,,,,,,,,,,,0,,,,,,,,,,,,,,,,,,,,,0,,,,,,,,,,,,,,,,,,,,,0,,,,,,,,,,,,,,,,,,,,,62.0,,6.629,6.694,0.903,0.5,0.903,,,0.694,2.839,5.097,0.952,1.597,,,,,16.8,0.557,0.596
4065731,Jay Huff,IND,C,C,FREEAGENT,0,ACTIVE,0.6,-0.03,0.19,140.0,,,0,False,82.0,,9.549,3.951,1.476,0.5,1.878,1.451,4.549,0.927,3.549,7.451,1.0,1.207,0.89,3.061,0.012,0.0,21.012,0.4763,0.8283,0,,,,,,,,,,,,,,,,,,,,,0,,,,,,,,,,,,,,,,,,,,,0,,,,,,,,,,,,,,,,,,,,,0,,,,,,,,,,,,,,,,,,,,,,,,,,,,,,,,,,,,,,,,,
3914044,Landry Shamet,NYK,SG,SG,FREEAGENT,0,ACTIVE,0.59,0.01,0.29,139.9,288,0,0,False,51.0,,9.314,1.804,1.412,0.608,0.176,2.02,5.157,0.588,3.118,7.137,1.059,1.49,0.451,1.353,0.0,0.0,23.0,0.4368,0.7105,0,,,,,,,,,,,,,,,,,,,,,0,,,,,,,,,,,,,,,,,,,,,0,,,,,,,,,,,,,,,,,,,,,0,,,,,,,,,,,,,,,,,,,,,67.0,,8.388,1.597,1.194,0.597,0.194,1.791,4.597,0.597,2.866,6.507,0.866,1.194,,,,,20.8,0.4404,0.725
4888725,Ryan Dunn,PHO,SF,SF/PF,FREEAGENT,0,ACTIVE,0.58,0,0.16,140.3,234,0,0,False,70.0,,5.814,4.243,1.457,0.857,0.414,0.8,2.414,0.8,2.343,5.171,0.329,0.671,1.414,2.829,0.029,0.0,19.371,0.453,0.4894,0,,,,,,,,,,,,,,,,,,,,,0,,,,,,,,,,,,,,,,,,,,,0,,,,,,,,,,,,,,,,,,,,,0,,,,,,,,,,,,,,,,,,,,,71.0,,7.042,4.803,1.606,1.0,0.507,0.986,3.0,0.901,2.831,6.296,0.394,0.803,,,,,22.6,0.4497,0.4912
4432171,Moses Moody,GSW,SG,SG/SF,FREEAGENT,0,OUT,0.58,-0.01,0.12,140.0,344,0,0,False,60.0,,12.133,3.333,1.633,0.967,0.567,2.517,6.283,0.95,4.083,9.283,1.45,1.883,0.85,2.483,0.0,0.0,25.683,0.4399,0.7699,0,,,,,,,,,,,,,,,,,,,,,0,,,,,,,,,,,,,,,,,,,,,0,,,,,,,,,,,,,,,,,,,,,0,,,,,,,,,,,,,,,,,,,,,12.0,,11.583,3.167,1.5,0.917,0.5,2.333,5.833,0.917,3.917,8.917,1.417,1.833,,,,,24.7,0.4393,0.7727
4592492,Bones Hyland,MIN,PG,PG,FREEAGENT,0,ACTIVE,0.56,0,0.22,140.0,274,0,0,False,71.0,,8.507,1.789,2.648,0.62,0.239,1.634,4.211,0.986,2.986,6.592,0.901,1.155,0.324,1.465,0.0,0.0,16.606,0.453,0.7805,0,,,,,,,,,,,,,,,,,,,,,0,,,,,,,,,,,,,,,,,,,,,0,,,,,,,,,,,,,,,,,,,,,0,,,,,,,,,,,,,,,,,,,,,62.0,,8.339,1.694,2.597,0.597,0.194,1.629,4.194,1.0,2.919,6.5,0.871,1.097,,,,,16.2,0.4491,0.7941
5041953,Koa Peat,PHO,PF,PF,FREEAGENT,0,ACTIVE,0.56,-0.01,0.17,139.9,,,0,False,,,,,,,,,,,,,,,,,,,,,,0,,,,,,,,,,,,,,,,,,,,,0,,,,,,,,,,,,,,,,,,,,,0,,,,,,,,,,,,,,,,,,,,,0,,,,,,,,,,,,,,,,,,,,,,,,,,,,,,,,,,,,,,,,,
5279130,Nolan Traore,BKN,PG,PG,FREEAGENT,0,ACTIVE,0.55,0.02,0.16,140.4,224,0,0,False,56.0,,8.911,1.768,3.804,0.804,0.411,1.089,3.429,2.304,3.25,8.554,1.321,1.679,0.25,1.518,0.018,0.0,22.25,0.38,0.7872,0,,,,,,,,,,,,,,,,,,,,,0,,,,,,,,,,,,,,,,,,,,,0,,,,,,,,,,,,,,,,,,,,,0,,,,,,,,,,,,,,,,,,,,,71.0,,10.028,2.0,4.296,0.901,0.507,1.239,3.901,2.606,3.648,9.606,1.493,1.901,,,,,25.0,0.3798,0.7852
5105637,Adem Bona,PHL,C,C,FREEAGENT,0,DAY_TO_DAY,0.55,-0.01,0.29,139.9,275,0,0,False,71.0,,4.845,4.324,0.451,0.423,1.155,0.028,0.085,0.789,1.845,3.099,1.127,1.592,1.803,2.521,0.014,0.0,17.394,0.5955,0.708,0,,,,,,,,,,,,,,,,,,,,,0,,,,,,,,,,,,,,,,,,,,,0,,,,,,,,,,,,,,,,,,,,,0,,,,,,,,,,,,,,,,,,,,,69.0,,4.928,4.304,0.507,0.406,1.203,0.029,0.101,0.797,1.884,3.101,1.13,1.594,,,,,17.2,0.6075,0.7091
3195,Mike Conley,BOS,PG,PG,FREEAGENT,0,ACTIVE,0.54,-0.02,0.24,139.9,309,0,0,False,54.0,,4.537,1.722,2.907,0.648,0.259,1.037,3.074,0.63,1.333,3.981,0.833,0.926,0.333,1.389,0.0,0.0,18.407,0.3349,0.9,0,,,,,,,,,,,,,,,,,,,,,0,,,,,,,,,,,,,,,,,,,,,0,,,,,,,,,,,,,,,,,,,,,0,,,,,,,,,,,,,,,,,,,,,55.0,,4.927,1.709,3.0,0.709,0.2,1.091,3.0,0.709,1.509,4.109,0.818,0.909,,,,,17.6,0.3673,0.9
4432847,Terrence Shannon Jr.,MIN,SG,SG,FREEAGENT,0,ACTIVE,0.53,-0.01,0.21,140.0,283,0,0,False,43.0,,5.605,1.14,0.884,0.326,0.023,0.721,1.767,0.558,1.791,3.977,1.302,1.628,0.233,0.907,0.0,0.0,12.419,0.4503,0.8,0,,,,,,,,,,,,,,,,,,,,,0,,,,,,,,,,,,,,,,,,,,,0,,,,,,,,,,,,,,,,,,,,,0,,,,,,,,,,,,,,,,,,,,,69.0,,9.232,2.0,1.507,0.507,0.101,1.174,2.899,0.899,2.986,6.594,2.087,2.594,,,,,20.7,0.4527,0.8045
5258459,Ebuka Okorie,DET,SG,SG/PG,FREEAGENT,0,ACTIVE,0.53,-0.02,0.15,140.0,,,0,False,,,,,,,,,,,,,,,,,,,,,,0,,,,,,,,,,,,,,,,,,,,,0,,,,,,,,,,,,,,,,,,,,,0,,,,,,,,,,,,,,,,,,,,,0,,,,,,,,,,,,,,,,,,,,,,,,,,,,,,,,,,,,,,,,,
4433137,Ziaire Williams,LAL,SF,SG/SF,FREEAGENT,0,ACTIVE,0.51,0.03,0.16,140.3,248,0,0,False,56.0,,10.232,2.393,1.071,1.357,0.375,1.536,4.482,1.054,3.286,7.732,2.125,2.5,0.536,1.857,0.0,0.0,22.857,0.4249,0.85,0,,,,,,,,,,,,,,,,,,,,,0,,,,,,,,,,,,,,,,,,,,,0,,,,,,,,,,,,,,,,,,,,,0,,,,,,,,,,,,,,,,,,,,,65.0,,10.123,2.8,1.108,1.308,0.4,1.538,4.508,1.108,3.277,7.8,2.031,2.4,,,,,23.0,0.4201,0.8462
4897943,Dalton Knecht,LAL,SG,SG/SF,FREEAGENT,0,ACTIVE,0.49,0,0.19,140.0,331,0,0,False,54.0,,4.222,1.389,0.389,0.204,0.204,0.704,2.056,0.426,1.611,3.537,0.296,0.407,0.259,1.13,0.0,0.0,10.222,0.4555,0.7273,0,,,,,,,,,,,,,,,,,,,,,0,,,,,,,,,,,,,,,,,,,,,0,,,,,,,,,,,,,,,,,,,,,0,,,,,,,,,,,,,,,,,,,,,66.0,,5.182,1.697,0.5,0.197,0.197,0.879,2.5,0.394,1.97,4.303,0.364,0.5,,,,,12.0,0.4577,0.7273
4433218,Jaden Ivey,FA,SG,PG/SG,FREEAGENT,0,DAY_TO_DAY,0.48,-0.03,0.14,140.0,364,0,0,False,37.0,,8.541,2.459,1.838,0.622,0.378,1.351,3.622,1.108,3.081,6.919,1.027,1.27,0.649,1.811,0.0,0.0,18.108,0.4453,0.8085,0,,,,,,,,,,,,,,,,,,,,,0,,,,,,,,,,,,,,,,,,,,,0,,,,,,,,,,,,,,,,,,,,,0,,,,,,,,,,,,,,,,,,,,,,,,,,,,,,,,,,,,,,,,,
2991235,Steven Adams,HOU,C,C,FREEAGENT,0,ACTIVE,0.47,0.04,0.18,139.9,324,0,0,False,32.0,,5.844,8.625,1.5,0.688,0.625,0.0,0.0,1.094,2.188,4.344,1.469,2.531,4.531,4.094,0.094,0.0,22.812,0.5036,0.5802,0,,,,,,,,,,,,,,,,,,,,,0,,,,,,,,,,,,,,,,,,,,,0,,,,,,,,,,,,,,,,,,,,,0,,,,,,,,,,,,,,,,,,,,,63.0,,3.238,4.698,0.905,0.302,0.397,,,0.698,1.254,2.397,0.73,1.397,,,,,12.0,0.5232,0.5227
5142621,Chris Cenac Jr.,BOS,PF,PF/C,FREEAGENT,0,ACTIVE,0.47,-0.01,0.15,139.9,,,0,False,,,,,,,,,,,,,,,,,,,,,,0,,,,,,,,,,,,,,,,,,,,,0,,,,,,,,,,,,,,,,,,,,,0,,,,,,,,,,,,,,,,,,,,,0,,,,,,,,,,,,,,,,,,,,,,,,,,,,,,,,,,,,,,,,,
3907498,Matisse Thybulle,LAL,SF,SF,FREEAGENT,0,ACTIVE,0.45,0,0.17,140.1,263,0,0,False,30.0,,5.8,1.967,0.9,2.0,0.533,1.233,3.1,0.933,1.933,4.467,0.7,0.833,0.567,1.4,0.0,0.0,16.033,0.4328,0.84,0,,,,,,,,,,,,,,,,,,,,,0,,,,,,,,,,,,,,,,,,,,,0,,,,,,,,,,,,,,,,,,,,,0,,,,,,,,,,,,,,,,,,,,,59.0,,5.864,2.203,1.203,1.898,0.593,1.254,3.305,0.797,2.034,4.797,0.542,0.695,,,,,19.1,0.424,0.7805
3037789,Bogdan Bogdanovic,HOU,SG,SG/SF,FREEAGENT,0,ACTIVE,0.45,0,0.17,140.0,273,0,0,False,23.0,,7.435,2.565,2.217,0.435,0.13,1.435,4.13,1.174,2.565,6.609,0.87,1.087,0.261,2.304,0.0,0.0,19.696,0.3882,0.8,0,,,,,,,,,,,,,,,,,,,,,0,,,,,,,,,,,,,,,,,,,,,0,,,,,,,,,,,,,,,,,,,,,0,,,,,,,,,,,,,,,,,,,,,65.0,,8.754,2.108,1.908,0.6,0.2,1.585,4.308,0.908,3.092,7.308,0.985,1.108,,,,,17.6,0.4232,0.8889
5061585,Isaiah Evans,MIN,SG,SG,FREEAGENT,0,ACTIVE,0.45,-0.01,0.16,139.9,,,0,False,,,,,,,,,,,,,,,,,,,,,,0,,,,,,,,,,,,,,,,,,,,,0,,,,,,,,,,,,,,,,,,,,,0,,,,,,,,,,,,,,,,,,,,,0,,,,,,,,,,,,,,,,,,,,,,,,,,,,,,,,,,,,,,,,,
4578893,Vit Krejci,POR,PG,PG,FREEAGENT,0,ACTIVE,0.44,0.03,0.08,140.4,211,0,0,False,65.0,,8.462,2.277,1.538,0.723,0.277,1.969,5.046,0.631,2.954,6.6,0.585,0.785,0.477,1.8,0.0,0.0,21.369,0.4476,0.7451,0,,,,,,,,,,,,,,,,,,,,,0,,,,,,,,,,,,,,,,,,,,,0,,,,,,,,,,,,,,,,,,,,,0,,,,,,,,,,,,,,,,,,,,,65.0,,8.708,3.308,3.108,0.8,0.508,1.908,4.4,1.108,3.077,6.2,0.646,0.908,,,,,25.7,0.4963,0.7119
4712896,Noah Clowney,BKN,PF,PF,FREEAGENT,0,ACTIVE,0.44,-0.01,0.17,140.0,272,0,0,False,66.0,,12.258,4.136,1.636,0.758,0.682,1.955,5.939,1.545,3.788,9.561,2.727,3.394,0.788,3.348,0.015,0.0,27.0,0.3962,0.8036,0,,,,,,,,,,,,,,,,,,,,,0,,,,,,,,,,,,,,,,,,,,,0,,,,,,,,,,,,,,,,,,,,,0,,,,,,,,,,,,,,,,,,,,,69.0,,8.797,3.101,1.101,0.507,0.507,1.42,4.304,1.101,2.725,6.899,1.928,2.406,,,,,19.6,0.395,0.8012
6477,Jonas Valanciunas,FA,C,C,FREEAGENT,0,ACTIVE,0.44,-0.02,0.18,140.0,403,0,0,False,65.0,,8.723,5.062,1.2,0.215,0.569,0.123,0.4,1.123,3.492,6.0,1.615,2.092,1.615,3.446,0.077,0.0,13.4,0.5821,0.7721,0,,,,,,,,,,,,,,,,,,,,,0,,,,,,,,,,,,,,,,,,,,,0,,,,,,,,,,,,,,,,,,,,,0,,,,,,,,,,,,,,,,,,,,,,,,,,,,,,,,,,,,,,,,,
5279129,Sergio de Larrea,DAL,PG,PG,FREEAGENT,0,ACTIVE,0.44,-0.01,0.14,139.9,,,0,False,,,,,,,,,,,,,,,,,,,,,,0,,,,,,,,,,,,,,,,,,,,,0,,,,,,,,,,,,,,,,,,,,,0,,,,,,,,,,,,,,,,,,,,,0,,,,,,,,,,,,,,,,,,,,,,,,,,,,,,,,,,,,,,,,,
4870562,Dominick Barlow,PHL,PF,PF/C,FREEAGENT,0,ACTIVE,0.44,0,0.23,139.9,,,0,False,71.0,,7.676,4.789,1.225,0.887,0.746,0.296,1.141,0.789,3.028,5.62,1.324,1.845,1.873,2.915,0.028,0.0,23.732,0.5388,0.7176,0,,,,,,,,,,,,,,,,,,,,,0,,,,,,,,,,,,,,,,,,,,,0,,,,,,,,,,,,,,,,,,,,,0,,,,,,,,,,,,,,,,,,,,,,,,,,,,,,,,,,,,,,,,,
5105809,Tarris Reed Jr.,SAS,C,C,FREEAGENT,0,ACTIVE,0.42,-0.01,0.12,140.0,,,0,False,,,,,,,,,,,,,,,,,,,,,,0,,,,,,,,,,,,,,,,,,,,,0,,,,,,,,,,,,,,,,,,,,,0,,,,,,,,,,,,,,,,,,,,,0,,,,,,,,,,,,,,,,,,,,,,,,,,,,,,,,,,,,,,,,,
4277843,Gary Trent Jr.,MIL,SG,SG/SF,FREEAGENT,0,ACTIVE,0.41,-0.01,0.16,140.0,292,0,0,False,65.0,,8.138,1.031,1.215,0.523,0.046,1.892,5.262,0.631,2.815,7.277,0.615,0.8,0.123,0.908,0.0,0.0,21.185,0.3869,0.7692,0,,,,,,,,,,,,,,,,,,,,,0,,,,,,,,,,,,,,,,,,,,,0,,,,,,,,,,,,,,,,,,,,,0,,,,,,,,,,,,,,,,,,,,,67.0,,8.925,1.299,1.194,0.597,0.104,2.015,5.403,0.597,3.104,7.806,0.701,0.896,,,,,22.3,0.3977,0.7833
3907823,Terance Mann,BKN,SG,SG/SF,FREEAGENT,0,ACTIVE,0.4,0,0.13,140.3,252,0,0,False,63.0,,7.222,3.175,3.016,0.651,0.238,0.889,2.429,1.127,2.667,5.825,1.0,1.27,1.111,2.063,0.0,0.0,24.302,0.4578,0.7875,0,,,,,,,,,,,,,,,,,,,,,0,,,,,,,,,,,,,,,,,,,,,0,,,,,,,,,,,,,,,,,,,,,0,,,,,,,,,,,,,,,,,,,,,71.0,,7.324,3.099,2.704,0.704,0.197,0.873,2.394,1.0,2.761,5.901,0.93,1.197,,,,,23.8,0.4678,0.7765
3134903,Gary Payton II,GSW,SG,SG,FREEAGENT,0,ACTIVE,0.4,-0.01,0.18,140.0,390,0,0,False,73.0,,7.493,3.63,1.685,0.918,0.288,0.507,1.74,0.849,3.315,5.685,0.356,0.548,1.384,2.247,0.027,0.0,15.644,0.5831,0.65,0,,,,,,,,,,,,,,,,,,,,,0,,,,,,,,,,,,,,,,,,,,,0,,,,,,,,,,,,,,,,,,,,,0,,,,,,,,,,,,,,,,,,,,,,,,,,,,,,,,,,,,,,,,,
5149115,Allen Graves,TOR,SF,SF,FREEAGENT,0,DAY_TO_DAY,0.4,-0.01,0.07,140.0,,,0,False,,,,,,,,,,,,,,,,,,,,,,0,,,,,,,,,,,,,,,,,,,,,0,,,,,,,,,,,,,,,,,,,,,0,,,,,,,,,,,,,,,,,,,,,0,,,,,,,,,,,,,,,,,,,,,,,,,,,,,,,,,,,,,,,,,
5107199,Daniss Jenkins,DET,PG,PG,ONTEAM,5,ACTIVE,0.37,0,0.17,140.0,,,0,False,72.0,,9.319,2.306,3.861,0.889,0.208,1.014,2.708,1.597,3.222,7.889,1.861,2.236,0.708,1.597,0.042,0.0,20.181,0.4085,0.8323,0,,,,,,,,,,,,,,,,,,,,,0,,,,,,,,,,,,,,,,,,,,,0,,,,,,,,,,,,,,,,,,,,,0,,,,,,,,,,,,,,,,,,,,,,,,,,,,,,,,,,,,,,,,,
5144126,Will Riley,WAS,SF,SF,ONTEAM,5,ACTIVE,0.37,-0.01,0.11,140.0,,,0,False,74.0,,10.324,2.865,1.973,0.73,0.122,1.054,3.338,1.27,3.662,8.351,1.946,2.432,0.757,2.108,0.027,0.0,22.041,0.4385,0.8,0,,,,,,,,,,,,,,,,,,,,,0,,,,,,,,,,,,,,,,,,,,,0,,,,,,,,,,,,,,,,,,,,,0,,,,,,,,,,,,,,,,,,,,,,,,,,,,,,,,,,,,,,,,,
5060701,Christian Anderson,CHA,PG,PG,FREEAGENT,0,ACTIVE,0.37,-0.01,0.09,140.0,,,0,False,,,,,,,,,,,,,,,,,,,,,,0,,,,,,,,,,,,,,,,,,,,,0,,,,,,,,,,,,,,,,,,,,,0,,,,,,,,,,,,,,,,,,,,,0,,,,,,,,,,,,,,,,,,,,,,,,,,,,,,,,,,,,,,,,,
4848625,Dailyn Swain,CHI,SF,SF,FREEAGENT,0,ACTIVE,0.37,-0.01,0.08,140.0,,,0,False,,,,,,,,,,,,,,,,,,,,,,0,,,,,,,,,,,,,,,,,,,,,0,,,,,,,,,,,,,,,,,,,,,0,,,,,,,,,,,,,,,,,,,,,0,,,,,,,,,,,,,,,,,,,,,,,,,,,,,,,,,,,,,,,,,
5231919,Karim Lopez,MEM,SF,SF,FREEAGENT,0,DAY_TO_DAY,0.37,0,0.09,140.0,,,0,False,,,,,,,,,,,,,,,,,,,,,,0,,,,,,,,,,,,,,,,,,,,,0,,,,,,,,,,,,,,,,,,,,,0,,,,,,,,,,,,,,,,,,,,,0,,,,,,,,,,,,,,,,,,,,,,,,,,,,,,,,,,,,,,,,,
3155535,Kevon Looney,LAL,C,C,FREEAGENT,0,ACTIVE,0.36,-0.01,0.15,140.0,287,0,0,False,21.0,,2.81,5.619,1.619,0.429,0.476,0.095,0.619,0.429,1.19,2.857,0.333,0.476,2.286,3.333,0.0,0.0,14.619,0.4167,0.7,0,,,,,,,,,,,,,,,,,,,,,0,,,,,,,,,,,,,,,,,,,,,0,,,,,,,,,,,,,,,,,,,,,0,,,,,,,,,,,,,,,,,,,,,65.0,,4.231,5.8,1.708,0.508,0.4,0.015,0.108,0.6,1.769,3.308,0.677,1.108,,,,,15.4,0.5349,0.6111
5108024,Yanic Konan Niederhauser,LAC,C,C,FREEAGENT,0,OUT,0.36,0.02,0.05,140.0,,,0,False,41.0,,4.293,2.854,0.293,0.122,0.732,0.024,0.122,0.561,1.561,2.439,1.146,1.512,0.902,1.951,0.0,0.0,10.366,0.64,0.7581,0,,,,,,,,,,,,,,,,,,,,,0,,,,,,,,,,,,,,,,,,,,,0,,,,,,,,,,,,,,,,,,,,,0,,,,,,,,,,,,,,,,,,,,,,,,,,,,,,,,,,,,,,,,,
4348700,Goga Bitadze,ORL,C,C,FREEAGENT,0,ACTIVE,0.35,-0.01,0.14,140.1,265,0,0,False,64.0,,5.859,5.0,1.312,0.578,0.953,0.031,0.172,0.672,2.375,3.516,1.078,1.516,2.141,2.859,0.047,0.0,15.156,0.6756,0.7113,0,,,,,,,,,,,,,,,,,,,,,0,,,,,,,,,,,,,,,,,,,,,0,,,,,,,,,,,,,,,,,,,,,0,,,,,,,,,,,,,,,,,,,,,65.0,,5.031,4.308,1.2,0.508,0.908,0.031,0.2,0.6,2.046,3.108,0.908,1.308,,,,,13.3,0.6584,0.6941
2580782,Spencer Dinwiddie,FA,PG,PG/SG,FREEAGENT,0,ACTIVE,0.35,-0.02,0.13,140.0,353,0,0,False,0,,,,,,,,,,,,,,,,,,,,,0,,,,,,,,,,,,,,,,,,,,,0,,,,,,,,,,,,,,,,,,,,,0,,,,,,,,,,,,,,,,,,,,,0,,,,,,,,,,,,,,,,,,,,,,,,,,,,,,,,,,,,,,,,,
3150844,Moritz Wagner,BKN,C,C,FREEAGENT,0,ACTIVE,0.34,-0.02,0.12,140.0,302,0,0,False,36.0,,6.861,3.194,0.75,0.417,0.056,0.611,1.944,0.528,2.306,5.417,1.639,2.0,0.75,2.444,0.0,0.0,11.861,0.4256,0.8194,0,,,,,,,,,,,,,,,,,,,,,0,,,,,,,,,,,,,,,,,,,,,0,,,,,,,,,,,,,,,,,,,,,0,,,,,,,,,,,,,,,,,,,,,62.0,,8.032,3.5,0.903,0.5,0.097,0.645,2.0,0.694,2.774,5.903,1.839,2.306,,,,,13.3,0.4699,0.7972
5241364,Bennett Stirtz,OKC,PG,PG,FREEAGENT,0,ACTIVE,0.33,0,0.1,140.0,,,0,False,,,,,,,,,,,,,,,,,,,,,,0,,,,,,,,,,,,,,,,,,,,,0,,,,,,,,,,,,,,,,,,,,,0,,,,,,,,,,,,,,,,,,,,,0,,,,,,,,,,,,,,,,,,,,,,,,,,,,,,,,,,,,,,,,,
4397077,Jaxson Hayes,UTA,C,C,FREEAGENT,0,ACTIVE,0.32,0,0.12,140.0,276,0,0,False,66.0,,7.53,4.106,0.894,0.439,0.788,0.045,0.045,0.47,3.0,3.97,1.485,2.273,1.5,2.606,0.015,0.0,18.318,0.7557,0.6533,0,,,,,,,,,,,,,,,,,,,,,0,,,,,,,,,,,,,,,,,,,,,0,,,,,,,,,,,,,,,,,,,,,0,,,,,,,,,,,,,,,,,,,,,64.0,,6.344,3.906,0.797,0.5,0.703,0.031,0.094,0.594,2.578,3.5,1.156,1.797,,,,,16.8,0.7366,0.6435
3102533,Thanasis Antetokounmpo,FA,SF,SF,FREEAGENT,0,ACTIVE,0.31,-0.01,0.15,139.8,,,0,False,34.0,,1.382,0.882,0.441,0.382,0.176,0.0,0.118,0.294,0.441,0.941,0.5,0.882,0.353,0.529,0.0,0.0,4.324,0.4688,0.5667,0,,,,,,,,,,,,,,,,,,,,,0,,,,,,,,,,,,,,,,,,,,,0,,,,,,,,,,,,,,,,,,,,,0,,,,,,,,,,,,,,,,,,,,,,,,,,,,,,,,,,,,,,,,,
3948153,Chris Boucher,FA,PF,PF/C,FREEAGENT,0,ACTIVE,0.3,-0.03,0.11,140.0,349,0,0,False,9.0,,2.333,2.0,0.333,0.556,0.778,0.222,1.667,0.111,0.889,2.778,0.333,0.444,0.222,1.778,0.0,0.0,10.444,0.32,0.75,0,,,,,,,,,,,,,,,,,,,,,0,,,,,,,,,,,,,,,,,,,,,0,,,,,,,,,,,,,,,,,,,,,0,,,,,,,,,,,,,,,,,,,,,,,,,,,,,,,,,,,,,,,,,
2993874,Kyle Anderson,TOR,SF,SF/PF,FREEAGENT,0,DAY_TO_DAY,0.29,-0.01,0.13,140.1,266,0,0,False,43.0,,6.186,3.488,2.93,1.047,0.605,0.093,0.256,0.907,2.488,4.698,1.116,1.581,0.977,2.512,0.0,0.0,19.884,0.5297,0.7059,0,,,,,,,,,,,,,,,,,,,,,0,,,,,,,,,,,,,,,,,,,,,0,,,,,,,,,,,,,,,,,,,,,0,,,,,,,,,,,,,,,,,,,,,62.0,,5.452,3.097,2.903,0.806,0.5,0.194,0.597,0.806,2.161,4.5,0.935,1.306,,,,,17.7,0.4803,0.716
4895758,Cody Williams,MIN,SG,SG,FREEAGENT,0,ACTIVE,0.29,0,0.11,140.0,281,0,0,False,67.0,,8.776,2.955,2.045,0.761,0.388,0.418,1.955,1.09,3.552,7.597,1.254,1.776,0.91,2.045,0.03,0.0,24.313,0.4676,0.7059,0,,,,,,,,,,,,,,,,,,,,,0,,,,,,,,,,,,,,,,,,,,,0,,,,,,,,,,,,,,,,,,,,,0,,,,,,,,,,,,,,,,,,,,,64.0,,7.922,2.703,1.906,0.703,0.406,0.422,1.906,1.0,3.188,7.0,1.125,1.594,,,,,22.8,0.4554,0.7059
4431684,Trayce Jackson-Davis,TOR,PF,PF,FREEAGENT,0,DAY_TO_DAY,0.28,0,0.09,140.1,260,0,0,False,53.0,,3.415,2.736,0.736,0.321,0.453,0.019,0.019,0.434,1.34,2.34,0.717,1.396,1.245,1.491,0.019,0.0,9.415,0.5726,0.5135,0,,,,,,,,,,,,,,,,,,,,,0,,,,,,,,,,,,,,,,,,,,,0,,,,,,,,,,,,,,,,,,,,,0,,,,,,,,,,,,,,,,,,,,,65.0,,6.831,4.908,1.4,0.4,0.8,,,0.708,2.892,4.6,1.046,1.908,,,,,15.9,0.6288,0.5484
4280151,Corey Kispert,ATL,SF,SG/SF,FREEAGENT,0,ACTIVE,0.28,0,0.09,140.1,269,0,0,False,58.0,,9.172,2.276,1.586,0.276,0.155,1.5,4.086,0.776,3.172,6.793,1.328,1.672,0.466,1.81,0.0,0.0,18.655,0.467,0.7938,0,,,,,,,,,,,,,,,,,,,,,0,,,,,,,,,,,,,,,,,,,,,0,,,,,,,,,,,,,,,,,,,,,0,,,,,,,,,,,,,,,,,,,,,65.0,,9.862,2.4,1.6,0.308,0.2,1.615,4.4,0.8,3.446,7.4,1.354,1.708,,,,,20.3,0.4657,0.7928
4278077,Jarred Vanderbilt,LAL,PF,SF/PF,FREEAGENT,0,ACTIVE,0.27,0.01,0.11,140.0,297,0,0,False,65.0,,4.431,4.492,1.292,0.846,0.292,0.446,1.523,0.862,1.738,3.692,0.508,0.862,1.231,3.262,0.015,0.0,17.354,0.4708,0.5893,0,,,,,,,,,,,,,,,,,,,,,0,,,,,,,,,,,,,,,,,,,,,0,,,,,,,,,,,,,,,,,,,,,0,,,,,,,,,,,,,,,,,,,,,62.0,,4.548,4.694,1.194,1.0,0.306,0.371,1.306,0.903,1.79,3.694,0.597,1.0,,,,,17.6,0.4847,0.5968
4873201,Asa Newell,ATL,PF,PF,FREEAGENT,0,ACTIVE,0.27,-0.01,0.08,140.1,304,0,0,False,44.0,,5.159,2.182,0.591,0.364,0.341,0.659,1.705,0.523,2.068,3.841,0.364,0.659,1.0,1.182,0.045,0.0,11.409,0.5385,0.5517,0,,,,,,,,,,,,,,,,,,,,,0,,,,,,,,,,,,,,,,,,,,,0,,,,,,,,,,,,,,,,,,,,,0,,,,,,,,,,,,,,,,,,,,,66.0,,6.318,2.697,0.697,0.394,0.394,0.818,2.106,0.606,2.53,4.697,0.439,0.803,,,,,14.1,0.5387,0.5472
4432809,Cole Anthony,FA,PG,PG/SG,FREEAGENT,0,ACTIVE,0.27,-0.01,0.1,140.0,360,0,0,False,35.0,,6.686,2.486,3.457,0.571,0.314,0.629,2.057,1.857,2.8,6.6,0.457,0.743,0.457,2.029,0.0,0.0,15.057,0.4242,0.6154,0,,,,,,,,,,,,,,,,,,,,,0,,,,,,,,,,,,,,,,,,,,,0,,,,,,,,,,,,,,,,,,,,,0,,,,,,,,,,,,,,,,,,,,,,,,,,,,,,,,,,,,,,,,,
4397102,Bol Bol,FA,PF,PF,FREEAGENT,0,ACTIVE,0.27,-0.01,0.15,139.8,399,0,0,False,0,,,,,,,,,,,,,,,,,,,,,0,,,,,,,,,,,,,,,,,,,,,0,,,,,,,,,,,,,,,,,,,,,0,,,,,,,,,,,,,,,,,,,,,0,,,,,,,,,,,,,,,,,,,,,,,,,,,,,,,,,,,,,,,,,
4997526,Ousmane Dieng,MIL,SF,SF,FREEAGENT,0,ACTIVE,0.27,0,0.08,140.0,,,0,False,57.0,,7.561,3.158,2.386,0.439,0.298,1.105,3.246,1.316,2.947,6.982,0.561,0.789,0.509,2.649,0.088,0.0,19.368,0.4221,0.7111,0,,,,,,,,,,,,,,,,,,,,,0,,,,,,,,,,,,,,,,,,,,,0,,,,,,,,,,,,,,,,,,,,,0,,,,,,,,,,,,,,,,,,,,,,,,,,,,,,,,,,,,,,,,,
4433225,Tyler Kolek,NYK,PG,PG,FREEAGENT,0,ACTIVE,0.27,0.01,0.1,139.9,,,0,False,62.0,,4.419,1.581,2.742,0.355,0.065,0.71,1.839,0.887,1.742,4.0,0.226,0.323,0.258,1.323,0.032,0.0,11.758,0.4355,0.7,0,,,,,,,,,,,,,,,,,,,,,0,,,,,,,,,,,,,,,,,,,,,0,,,,,,,,,,,,,,,,,,,,,0,,,,,,,,,,,,,,,,,,,,,,,,,,,,,,,,,,,,,,,,,
4066218,Grant Williams,CHA,PF,PF,FREEAGENT,0,DAY_TO_DAY,0.26,-0.01,0.09,140.0,285,0,0,False,36.0,,7.0,3.944,1.556,0.472,0.5,1.444,3.722,0.861,2.167,5.083,1.222,1.5,1.278,2.667,0.0,0.0,19.806,0.4262,0.8148,0,,,,,,,,,,,,,,,,,,,,,0,,,,,,,,,,,,,,,,,,,,,0,,,,,,,,,,,,,,,,,,,,,0,,,,,,,,,,,,,,,,,,,,,63.0,,6.889,3.698,1.508,0.508,0.508,1.349,3.508,0.905,2.206,5.095,1.127,1.397,,,,,19.4,0.433,0.8068
5242496,Noa Essengue,CHI,PF,PF,FREEAGENT,0,ACTIVE,0.26,0.01,0.1,140.0,348,0,0,False,2.0,,0.0,0.0,0.0,0.5,0.0,0.0,1.0,0.0,0.0,1.5,0.0,0.0,0.0,0.0,0.0,0.0,3.0,0.0,0.0,0,,,,,,,,,,,,,,,,,,,,,0,,,,,,,,,,,,,,,,,,,,,0,,,,,,,,,,,,,,,,,,,,,0,,,,,,,,,,,,,,,,,,,,,64.0,,,,,1.297,,,2.594,,,4.0,,,,,,,7.9,0.0,
4698719,Trevon Brazile,DEN,SF,SF/PF,FREEAGENT,0,ACTIVE,0.26,0,0.07,140.0,,,0,False,,,,,,,,,,,,,,,,,,,,,,0,,,,,,,,,,,,,,,,,,,,,0,,,,,,,,,,,,,,,,,,,,,0,,,,,,,,,,,,,,,,,,,,,0,,,,,,,,,,,,,,,,,,,,,,,,,,,,,,,,,,,,,,,,,
4431687,Patrick Williams,CHI,PF,PF,FREEAGENT,0,ACTIVE,0.25,0,0.1,140.0,282,0,0,False,72.0,,7.014,2.986,1.458,0.681,0.361,1.319,3.806,1.042,2.472,6.639,0.75,1.042,0.681,2.306,0.0,0.0,20.5,0.3724,0.72,0,,,,,,,,,,,,,,,,,,,,,0,,,,,,,,,,,,,,,,,,,,,0,,,,,,,,,,,,,,,,,,,,,0,,,,,,,,,,,,,,,,,,,,,72.0,,6.889,2.903,1.403,0.694,0.403,1.25,3.597,1.0,2.458,6.5,0.722,1.0,,,,,20.0,0.3782,0.7222
4432247,Jaylen Clark,MIN,SG,SG,FREEAGENT,0,ACTIVE,0.25,-0.02,0.09,140.0,327,0,0,False,68.0,,4.044,1.765,0.632,0.691,0.132,0.485,1.485,0.338,1.456,3.353,0.647,0.985,0.794,0.971,0.0,0.0,13.074,0.4342,0.6567,0,,,,,,,,,,,,,,,,,,,,,0,,,,,,,,,,,,,,,,,,,,,0,,,,,,,,,,,,,,,,,,,,,0,,,,,,,,,,,,,,,,,,,,,68.0,,4.044,1.706,0.603,0.706,0.103,0.5,1.5,0.294,1.441,3.294,0.662,1.0,,,,,13.1,0.4375,0.6618
5106262,Zuby Ejiofor,ATL,PF,PF,FREEAGENT,0,ACTIVE,0.25,-0.01,0.07,139.9,,,0,False,,,,,,,,,,,,,,,,,,,,,,0,,,,,,,,,,,,,,,,,,,,,0,,,,,,,,,,,,,,,,,,,,,0,,,,,,,,,,,,,,,,,,,,,0,,,,,,,,,,,,,,,,,,,,,,,,,,,,,,,,,,,,,,,,,
2990962,Taurean Prince,DET,SF,SF,FREEAGENT,0,ACTIVE,0.24,-0.02,0.11,140.0,312,0,0,False,26.0,,9.192,3.115,1.769,0.615,0.231,2.346,5.385,1.192,3.308,7.346,0.231,0.231,0.154,2.962,0.077,0.0,23.577,0.4503,1.0,0,,,,,,,,,,,,,,,,,,,,,0,,,,,,,,,,,,,,,,,,,,,0,,,,,,,,,,,,,,,,,,,,,0,,,,,,,,,,,,,,,,,,,,,62.0,,5.806,2.097,1.194,0.5,0.194,1.387,3.194,0.694,2.081,4.597,0.258,0.306,,,,,16.4,0.4526,0.8421
5289900,Mohamed Diawara,NYK,PF,PF,FREEAGENT,0,ACTIVE,0.24,-0.01,0.09,139.9,336,0,0,False,69.0,,3.565,1.362,0.768,0.246,0.087,0.696,1.884,0.435,1.304,3.087,0.261,0.348,0.217,1.145,0.0,0.0,9.203,0.4225,0.75,0,,,,,,,,,,,,,,,,,,,,,0,,,,,,,,,,,,,,,,,,,,,0,,,,,,,,,,,,,,,,,,,,,0,,,,,,,,,,,,,,,,,,,,,69.0,,3.536,1.406,0.797,0.203,0.101,0.696,1.899,0.406,1.304,3.101,0.232,0.304,,,,,9.2,0.4206,0.7619
4065670,Bruce Brown,NYK,SG,SG/SF,FREEAGENT,0,ACTIVE,0.24,-0.02,0.1,140.0,372,0,0,False,82.0,,7.915,3.878,2.122,1.037,0.244,0.695,1.805,1.11,3.024,6.366,1.171,1.537,1.037,2.841,0.012,0.0,24.341,0.4751,0.7619,0,,,,,,,,,,,,,,,,,,,,,0,,,,,,,,,,,,,,,,,,,,,0,,,,,,,,,,,,,,,,,,,,,0,,,,,,,,,,,,,,,,,,,,,,,,,,,,,,,,,,,,,,,,,
4017844,Guerschon Yabusele,FA,PF,PF/C,FREEAGENT,0,ACTIVE,0.24,-0.02,0.09,140.0,384,0,0,False,67.0,,5.567,3.493,0.94,0.388,0.239,1.03,2.925,0.612,1.866,4.657,0.806,1.075,0.836,2.657,0.06,0.0,14.985,0.4006,0.75,0,,,,,,,,,,,,,,,,,,,,,0,,,,,,,,,,,,,,,,,,,,,0,,,,,,,,,,,,,,,,,,,,,0,,,,,,,,,,,,,,,,,,,,,,,,,,,,,,,,,,,,,,,,,
4683024,Killian Hayes,FA,PG,PG,FREEAGENT,0,ACTIVE,0.24,-0.02,0.08,140.0,389,0,0,False,23.0,,5.522,2.348,3.522,0.913,0.174,0.739,2.739,1.217,1.826,6.0,1.13,1.217,0.174,2.174,0.0,0.0,17.609,0.3043,0.9286,0,,,,,,,,,,,,,,,,,,,,,0,,,,,,,,,,,,,,,,,,,,,0,,,,,,,,,,,,,,,,,,,,,0,,,,,,,,,,,,,,,,,,,,,,,,,,,,,,,,,,,,,,,,,
4397040,Brandon Williams,GSW,PG,PG/SG,FREEAGENT,0,ACTIVE,0.24,0.01,0.09,139.9,,,0,False,66.0,,13.015,2.894,3.879,0.939,0.303,0.545,2.348,1.894,4.409,9.348,3.652,4.606,0.455,2.439,0.015,0.0,22.182,0.4716,0.7928,0,,,,,,,,,,,,,,,,,,,,,0,,,,,,,,,,,,,,,,,,,,,0,,,,,,,,,,,,,,,,,,,,,0,,,,,,,,,,,,,,,,,,,,,,,,,,,,,,,,,,,,,,,,,
5159925,Nikola Topic,OKC,PG,PG,FREEAGENT,0,DAY_TO_DAY,0.24,0,0.06,140.0,,,0,False,10.0,,5.2,1.9,4.4,0.5,0.0,0.6,1.5,2.5,2.2,5.1,0.2,0.5,0.7,1.2,0.2,0.0,16.1,0.4314,0.4,0,,,,,,,,,,,,,,,,,,,,,0,,,,,,,,,,,,,,,,,,,,,0,,,,,,,,,,,,,,,,,,,,,0,,,,,,,,,,,,,,,,,,,,,,,,,,,,,,,,,,,,,,,,,
4432181,Julian Strawther,DEN,SF,SF,FREEAGENT,0,ACTIVE,0.23,0,0.1,140.0,305,0,0,False,57.0,,7.246,2.0,1.07,0.439,0.105,1.018,2.632,0.632,2.614,5.596,1.0,1.228,0.211,1.789,0.0,0.0,15.105,0.4671,0.8143,0,,,,,,,,,,,,,,,,,,,,,0,,,,,,,,,,,,,,,,,,,,,0,,,,,,,,,,,,,,,,,,,,,0,,,,,,,,,,,,,,,,,,,,,66.0,,7.455,2.0,1.106,0.5,0.106,1.091,2.894,0.697,2.697,5.894,0.97,1.197,,,,,16.0,0.4576,0.8101
3012,Kyle Lowry,PHL,PG,PG,FREEAGENT,0,ACTIVE,0.23,-0.01,0.11,140.0,377,0,0,False,14.0,,1.214,0.643,0.786,0.143,0.143,0.286,1.786,0.286,0.286,1.786,0.357,0.429,0.0,0.643,0.0,0.0,8.357,0.16,0.8333,0,,,,,,,,,,,,,,,,,,,,,0,,,,,,,,,,,,,,,,,,,,,0,,,,,,,,,,,,,,,,,,,,,0,,,,,,,,,,,,,,,,,,,,,,,,,,,,,,,,,,,,,,,,,
3899664,Simone Fontecchio,MIA,SF,SF,FREEAGENT,0,ACTIVE,0.22,0,0.1,140.0,268,0,0,False,70.0,,8.529,3.014,1.443,0.529,0.129,1.757,4.686,0.7,2.771,6.729,1.229,1.457,0.8,2.214,0.0,0.0,16.814,0.4119,0.8431,0,,,,,,,,,,,,,,,,,,,,,0,,,,,,,,,,,,,,,,,,,,,0,,,,,,,,,,,,,,,,,,,,,0,,,,,,,,,,,,,,,,,,,,,71.0,,8.197,3.0,1.394,0.507,0.099,1.634,4.394,0.704,2.69,6.507,1.183,1.394,,,,,17.1,0.4134,0.8485
4278076,Nick Richards,MIA,C,C,FREEAGENT,0,ACTIVE,0.22,-0.02,0.09,140.0,367,0,0,False,48.0,,5.75,5.062,0.333,0.208,0.667,0.104,0.375,1.229,2.146,4.188,1.354,2.104,1.604,3.458,0.083,0.0,14.646,0.5124,0.6436,0,,,,,,,,,,,,,,,,,,,,,0,,,,,,,,,,,,,,,,,,,,,0,,,,,,,,,,,,,,,,,,,,,0,,,,,,,,,,,,,,,,,,,,,,,,,,,,,,,,,,,,,,,,,
2566769,Malcolm Brogdon,NYK,PG,PG,FREEAGENT,0,ACTIVE,0.22,-0.02,0.1,140.0,373,0,0,False,0,,,,,,,,,,,,,,,,,,,,,0,,,,,,,,,,,,,,,,,,,,,0,,,,,,,,,,,,,,,,,,,,,0,,,,,,,,,,,,,,,,,,,,,0,,,,,,,,,,,,,,,,,,,,,,,,,,,,,,,,,,,,,,,,,
5107157,Ryan Conwell,MIA,SG,SG,FREEAGENT,0,ACTIVE,0.22,0,0.04,140.0,,,0,False,,,,,,,,,,,,,,,,,,,,,,0,,,,,,,,,,,,,,,,,,,,,0,,,,,,,,,,,,,,,,,,,,,0,,,,,,,,,,,,,,,,,,,,,0,,,,,,,,,,,,,,,,,,,,,,,,,,,,,,,,,,,,,,,,,
4432819,Tre Mann,WAS,PG,PG/SG,FREEAGENT,0,ACTIVE,0.21,-0.01,0.09,140.1,303,0,0,False,53.0,,5.491,1.736,1.623,0.472,0.094,0.943,2.925,1.019,2.057,5.717,0.434,0.509,0.377,1.358,0.0,0.0,12.642,0.3597,0.8519,0,,,,,,,,,,,,,,,,,,,,,0,,,,,,,,,,,,,,,,,,,,,0,,,,,,,,,,,,,,,,,,,,,0,,,,,,,,,,,,,,,,,,,,,67.0,,7.224,2.194,2.104,0.597,0.104,1.194,3.597,1.299,2.716,7.299,0.597,0.701,,,,,16.3,0.3722,0.8511
5157066,Johnny Furphy,IND,SG,SG,FREEAGENT,0,OUT,0.21,0,0.06,140.0,317,0,0,False,35.0,,5.143,4.371,1.171,0.571,0.2,0.657,2.029,0.829,2.0,4.257,0.486,1.0,0.914,3.457,0.029,0.0,18.286,0.4698,0.4857,0,,,,,,,,,,,,,,,,,,,,,0,,,,,,,,,,,,,,,,,,,,,0,,,,,,,,,,,,,,,,,,,,,0,,,,,,,,,,,,,,,,,,,,,61.0,,4.541,3.803,1.0,0.508,0.197,0.574,1.803,0.705,1.754,3.803,0.459,0.902,,,,,16.1,0.4612,0.5091
4711297,Justin Edwards,PHL,SF,SF,FREEAGENT,0,ACTIVE,0.21,0.02,0.11,139.9,,,0,False,64.0,,6.031,1.469,1.25,0.844,0.172,1.047,2.812,0.562,2.234,5.0,0.516,0.609,0.406,1.062,0.0,0.0,15.234,0.4469,0.8462,0,,,,,,,,,,,,,,,,,,,,,0,,,,,,,,,,,,,,,,,,,,,0,,,,,,,,,,,,,,,,,,,,,0,,,,,,,,,,,,,,,,,,,,,,,,,,,,,,,,,,,,,,,,,
4595400,Olivier-Maxence Prosper,MEM,PF,PF,FREEAGENT,0,ACTIVE,0.2,-0.01,0.08,140.0,270,0,0,False,53.0,,10.0,3.528,0.962,0.755,0.245,1.132,2.792,0.887,3.623,6.604,1.623,2.151,1.113,2.415,0.019,0.0,18.547,0.5486,0.7544,0,,,,,,,,,,,,,,,,,,,,,0,,,,,,,,,,,,,,,,,,,,,0,,,,,,,,,,,,,,,,,,,,,0,,,,,,,,,,,,,,,,,,,,,64.0,,8.875,3.297,0.906,0.703,0.203,0.984,2.5,0.797,3.203,6.0,1.484,2.0,,,,,17.1,0.5339,0.7422
4432822,Isaac Okoro,CHI,SF,SG/SF,FREEAGENT,0,ACTIVE,0.2,0,0.1,140.0,280,0,0,False,63.0,,9.27,2.746,1.587,0.73,0.46,1.159,3.508,0.73,3.349,7.286,1.413,1.778,1.095,1.651,0.0,0.0,26.937,0.4597,0.7946,0,,,,,,,,,,,,,,,,,,,,,0,,,,,,,,,,,,,,,,,,,,,0,,,,,,,,,,,,,,,,,,,,,0,,,,,,,,,,,,,,,,,,,,,68.0,,7.382,2.294,1.294,0.603,0.397,0.941,2.794,0.603,2.676,5.794,1.088,1.397,,,,,21.6,0.4619,0.7789
3934723,Thomas Bryant,CLE,C,C,FREEAGENT,0,ACTIVE,0.2,0,0.09,140.0,296,0,0,False,60.0,,6.167,3.417,0.55,0.3,0.433,0.783,2.183,0.467,2.25,4.45,0.883,1.1,0.983,2.433,0.017,0.0,12.233,0.5056,0.803,0,,,,,,,,,,,,,,,,,,,,,0,,,,,,,,,,,,,,,,,,,,,0,,,,,,,,,,,,,,,,,,,,,0,,,,,,,,,,,,,,,,,,,,,68.0,,6.191,3.5,0.603,0.294,0.5,0.735,2.103,0.5,2.279,4.5,0.897,1.103,,,,,12.6,0.5065,0.8133
5239590,Liam McNeeley,CHA,SF,SF,FREEAGENT,0,ACTIVE,0.2,0,0.08,140.0,299,0,0,False,31.0,,4.258,2.355,0.774,0.161,0.097,0.774,1.935,0.419,1.226,3.065,1.032,1.258,0.419,1.935,0.0,0.0,11.806,0.4,0.8205,0,,,,,,,,,,,,,,,,,,,,,0,,,,,,,,,,,,,,,,,,,,,0,,,,,,,,,,,,,,,,,,,,,0,,,,,,,,,,,,,,,,,,,,,64.0,,7.094,3.906,1.297,0.297,0.203,1.281,3.203,0.703,2.047,5.094,1.719,2.094,,,,,19.5,0.4018,0.8209
4432907,Justin Champagnie,WAS,SF,SF/PF,FREEAGENT,0,ACTIVE,0.2,0,0.07,140.0,,,0,False,69.0,,8.652,5.565,1.217,0.855,0.623,0.768,2.406,0.652,3.362,6.696,1.159,1.478,2.101,3.464,0.058,0.0,19.957,0.5022,0.7843,0,,,,,,,,,,,,,,,,,,,,,0,,,,,,,,,,,,,,,,,,,,,0,,,,,,,,,,,,,,,,,,,,,0,,,,,,,,,,,,,,,,,,,,,,,,,,,,,,,,,,,,,,,,,
4433174,Dylan Cardwell,SAC,C,C,FREEAGENT,0,ACTIVE,0.2,0,0.07,140.0,,,0,False,44.0,,5.409,7.568,1.409,0.682,1.523,0.045,0.091,0.886,2.386,4.068,0.591,1.159,3.364,4.205,0.068,0.0,20.705,0.5866,0.5098,0,,,,,,,,,,,,,,,,,,,,,0,,,,,,,,,,,,,,,,,,,,,0,,,,,,,,,,,,,,,,,,,,,0,,,,,,,,,,,,,,,,,,,,,,,,,,,,,,,,,,,,,,,,,
2580365,Larry Nance Jr.,IND,PF,PF,FREEAGENT,0,DAY_TO_DAY,0.19,-0.01,0.07,140.1,277,0,0,False,35.0,,3.743,2.657,0.971,0.6,0.171,0.6,1.8,0.571,1.486,3.543,0.171,0.371,0.829,1.829,0.0,0.0,12.857,0.4194,0.4615,0,,,,,,,,,,,,,,,,,,,,,0,,,,,,,,,,,,,,,,,,,,,0,,,,,,,,,,,,,,,,,,,,,0,,,,,,,,,,,,,,,,,,,,,62.0,,5.903,4.194,1.5,0.806,0.306,0.726,1.806,0.694,2.339,4.5,0.5,0.694,,,,,17.8,0.5197,0.7209
3136196,Trey Lyles,MIN,PF,PF,FREEAGENT,0,ACTIVE,0.19,0,0.11,140.0,286,0,0,False,0,,,,,,,,,,,,,,,,,,,,,0,,,,,,,,,,,,,,,,,,,,,0,,,,,,,,,,,,,,,,,,,,,0,,,,,,,,,,,,,,,,,,,,,0,,,,,,,,,,,,,,,,,,,,,64.0,,6.891,4.5,1.203,0.5,0.297,1.297,3.594,0.594,2.375,5.5,0.844,1.203,,,,,19.7,0.4318,0.7013
4431752,Kobe Brown,IND,PF,PF,FREEAGENT,0,ACTIVE,0.19,-0.01,0.09,139.9,335,0,0,False,61.0,,5.787,3.033,1.311,0.377,0.197,0.852,2.279,0.869,2.082,4.443,0.77,0.967,1.115,1.918,0.0,0.0,15.77,0.4686,0.7966,0,,,,,,,,,,,,,,,,,,,,,0,,,,,,,,,,,,,,,,,,,,,0,,,,,,,,,,,,,,,,,,,,,0,,,,,,,,,,,,,,,,,,,,,62.0,,3.419,2.097,0.903,0.306,0.097,0.468,1.403,0.5,1.323,2.903,0.306,0.403,,,,,10.8,0.4556,0.76
5239561,Jase Richardson,ORL,SG,SG,FREEAGENT,0,ACTIVE,0.19,-0.01,0.06,140.0,338,0,0,False,54.0,,4.426,1.167,1.074,0.352,0.037,0.519,1.463,0.463,1.648,3.481,0.611,0.852,0.389,0.778,0.0,0.0,10.907,0.4734,0.7174,0,,,,,,,,,,,,,,,,,,,,,0,,,,,,,,,,,,,,,,,,,,,0,,,,,,,,,,,,,,,,,,,,,0,,,,,,,,,,,,,,,,,,,,,54.0,,4.481,1.204,1.093,0.407,,0.537,1.5,0.5,1.648,3.5,0.648,0.907,,,,,10.9,0.4709,0.7143
5211983,Pacome Dadiet,NYK,SF,SF,FREEAGENT,0,ACTIVE,0.19,-0.01,0.07,140.0,343,0,0,False,29.0,,1.655,0.931,0.414,0.103,0.034,0.241,1.103,0.103,0.552,1.655,0.31,0.379,0.138,0.793,0.0,0.0,4.759,0.3333,0.8182,0,,,,,,,,,,,,,,,,,,,,,0,,,,,,,,,,,,,,,,,,,,,0,,,,,,,,,,,,,,,,,,,,,0,,,,,,,,,,,,,,,,,,,,,58.0,,3.086,1.707,0.707,0.207,0.103,0.448,2.0,0.207,1.034,3.103,0.569,0.707,,,,,9.0,0.3333,0.8049
2990969,Georges Niang,GSW,PF,PF,FREEAGENT,0,ACTIVE,0.19,-0.01,0.05,140.0,359,0,0,False,0,,,,,,,,,,,,,,,,,,,,,0,,,,,,,,,,,,,,,,,,,,,0,,,,,,,,,,,,,,,,,,,,,0,,,,,,,,,,,,,,,,,,,,,0,,,,,,,,,,,,,,,,,,,,,,,,,,,,,,,,,,,,,,,,,
3449,Kevin Love,FA,PF,PF,FREEAGENT,0,ACTIVE,0.19,-0.01,0.1,140.0,383,0,0,False,37.0,,6.703,5.811,1.811,0.378,0.243,1.432,3.838,0.811,2.135,5.378,1.0,1.189,1.486,4.324,0.054,0.0,16.486,0.397,0.8409,0,,,,,,,,,,,,,,,,,,,,,0,,,,,,,,,,,,,,,,,,,,,0,,,,,,,,,,,,,,,,,,,,,0,,,,,,,,,,,,,,,,,,,,,,,,,,,,,,,,,,,,,,,,,
5159895,Yuki Kawamura,LAC,PG,PG,FREEAGENT,0,ACTIVE,0.19,0,0.08,139.9,,,0,False,18.0,,3.444,1.833,2.611,0.5,0.0,0.611,2.056,0.778,0.944,2.889,0.944,1.056,0.389,1.444,0.0,0.0,11.722,0.3269,0.8947,0,,,,,,,,,,,,,,,,,,,,,0,,,,,,,,,,,,,,,,,,,,,0,,,,,,,,,,,,,,,,,,,,,0,,,,,,,,,,,,,,,,,,,,,,,,,,,,,,,,,,,,,,,,,
5044385,Leonard Miller,CHI,SF,SF,FREEAGENT,0,ACTIVE,0.18,-0.01,0.05,140.0,306,0,0,False,46.0,,7.848,3.935,0.87,0.37,0.326,0.696,2.152,0.783,3.152,5.696,0.848,1.152,1.174,2.761,0.065,0.0,15.674,0.5534,0.7358,0,,,,,,,,,,,,,,,,,,,,,0,,,,,,,,,,,,,,,,,,,,,0,,,,,,,,,,,,,,,,,,,,,0,,,,,,,,,,,,,,,,,,,,,62.0,,6.871,3.403,0.806,0.306,0.306,0.613,1.903,0.694,2.758,5.0,0.742,1.0,,,,,13.6,0.5516,0.7419
3138160,Caleb Martin,DAL,SG,SG,FREEAGENT,0,ACTIVE,0.18,-0.01,0.05,140.0,308,0,0,False,58.0,,3.914,2.466,1.397,0.69,0.259,0.345,0.983,0.69,1.466,3.259,0.638,1.052,0.483,1.983,0.0,0.0,14.828,0.4497,0.6066,0,,,,,,,,,,,,,,,,,,,,,0,,,,,,,,,,,,,,,,,,,,,0,,,,,,,,,,,,,,,,,,,,,0,,,,,,,,,,,,,,,,,,,,,67.0,,4.731,2.701,1.507,0.701,0.299,0.463,1.299,0.806,1.761,4.0,0.746,1.194,,,,,17.0,0.4403,0.625
3146557,Jock Landale,ATL,C,C,FREEAGENT,0,ACTIVE,0.18,0,0.07,140.0,,,0,False,68.0,,10.559,5.691,1.691,0.515,0.529,1.088,2.838,0.882,4.147,8.059,1.176,1.853,2.691,3.0,0.132,0.0,22.191,0.5146,0.6349,0,,,,,,,,,,,,,,,,,,,,,0,,,,,,,,,,,,,,,,,,,,,0,,,,,,,,,,,,,,,,,,,,,0,,,,,,,,,,,,,,,,,,,,,,,,,,,,,,,,,,,,,,,,,
5061603,Thomas Sorber,OKC,C,C,FREEAGENT,0,DAY_TO_DAY,0.18,0,0.06,140.0,,,0,False,0,,,,,,,,,,,,,,,,,,,,,0,,,,,,,,,,,,,,,,,,,,,0,,,,,,,,,,,,,,,,,,,,,0,,,,,,,,,,,,,,,,,,,,,0,,,,,,,,,,,,,,,,,,,,,,,,,,,,,,,,,,,,,,,,,
4684806,Taylor Hendricks,MEM,PF,PF,FREEAGENT,0,ACTIVE,0.18,0,0.07,140.0,,,0,False,59.0,,7.424,3.746,0.932,0.847,0.508,1.068,3.119,0.847,2.763,6.017,0.831,1.22,1.102,2.644,0.034,0.0,19.034,0.4592,0.6806,0,,,,,,,,,,,,,,,,,,,,,0,,,,,,,,,,,,,,,,,,,,,0,,,,,,,,,,,,,,,,,,,,,0,,,,,,,,,,,,,,,,,,,,,,,,,,,,,,,,,,,,,,,,,
3133626,Kenrich Williams,OKC,SF,SF,FREEAGENT,0,ACTIVE,0.17,-0.01,0.09,140.0,298,0,0,False,56.0,,6.482,3.339,1.411,0.554,0.089,0.893,2.304,0.768,2.5,5.286,0.589,0.929,1.054,2.286,0.018,0.0,15.25,0.473,0.6346,0,,,,,,,,,,,,,,,,,,,,,0,,,,,,,,,,,,,,,,,,,,,0,,,,,,,,,,,,,,,,,,,,,0,,,,,,,,,,,,,,,,,,,,,65.0,,6.323,3.308,1.4,0.6,0.108,0.892,2.308,0.708,2.462,5.2,0.508,0.8,,,,,15.4,0.4734,0.6346
4431714,Jalen Wilson,ATL,PF,PF,FREEAGENT,0,ACTIVE,0.17,-0.02,0.06,140.0,318,0,0,False,54.0,,6.352,2.111,0.926,0.407,0.037,1.0,2.815,0.704,2.037,5.148,1.278,1.778,0.315,1.796,0.0,0.0,15.944,0.3957,0.7188,0,,,,,,,,,,,,,,,,,,,,,0,,,,,,,,,,,,,,,,,,,,,0,,,,,,,,,,,,,,,,,,,,,0,,,,,,,,,,,,,,,,,,,,,63.0,,6.952,2.397,1.095,0.397,,1.079,3.095,0.794,2.27,5.698,1.333,1.794,,,,,18.0,0.3983,0.7434
2489663,Kelly Olynyk,FA,C,C,FREEAGENT,0,ACTIVE,0.17,-0.02,0.07,140.0,408,0,0,False,41.0,,3.244,1.854,1.195,0.366,0.073,0.293,1.146,0.585,1.146,2.341,0.659,0.927,0.585,1.268,0.0,0.0,8.829,0.4896,0.7105,0,,,,,,,,,,,,,,,,,,,,,0,,,,,,,,,,,,,,,,,,,,,0,,,,,,,,,,,,,,,,,,,,,0,,,,,,,,,,,,,,,,,,,,,,,,,,,,,,,,,,,,,,,,,
5105837,Bruce Thornton,HOU,PG,PG,FREEAGENT,0,ACTIVE,0.17,0,0.03,140.0,,,0,False,,,,,,,,,,,,,,,,,,,,,,0,,,,,,,,,,,,,,,,,,,,,0,,,,,,,,,,,,,,,,,,,,,0,,,,,,,,,,,,,,,,,,,,,0,,,,,,,,,,,,,,,,,,,,,,,,,,,,,,,,,,,,,,,,,
4997537,Tristan Vukcevic,WAS,PF,PF,FREEAGENT,0,OUT,0.16,0,0.05,140.1,284,0,0,False,49.0,,9.0,3.0,1.122,0.469,0.673,1.02,2.939,1.265,3.102,6.469,1.776,2.265,0.653,2.347,0.02,0.0,13.673,0.4795,0.7838,0,,,,,,,,,,,,,,,,,,,,,0,,,,,,,,,,,,,,,,,,,,,0,,,,,,,,,,,,,,,,,,,,,0,,,,,,,,,,,,,,,,,,,,,61.0,,9.0,3.098,1.098,0.508,0.705,1.016,2.902,1.295,3.131,6.508,1.721,2.197,,,,,13.8,0.4811,0.7836
4712863,Mouhamed Gueye,ATL,PF,PF,FREEAGENT,0,DAY_TO_DAY,0.16,0.01,0.07,140.0,289,0,0,False,77.0,,4.442,3.571,0.896,0.792,0.506,0.519,1.688,0.429,1.701,3.766,0.519,0.805,1.156,2.416,0.039,0.0,15.299,0.4517,0.6452,0,,,,,,,,,,,,,,,,,,,,,0,,,,,,,,,,,,,,,,,,,,,0,,,,,,,,,,,,,,,,,,,,,0,,,,,,,,,,,,,,,,,,,,,70.0,,4.557,3.6,0.9,0.8,0.5,0.514,1.7,0.4,1.757,3.9,0.529,0.8,,,,,15.4,0.4505,0.6607
4433076,Ben Sheppard,IND,SG,SG/SF,FREEAGENT,0,ACTIVE,0.16,-0.01,0.07,140.0,310,0,0,False,65.0,,7.062,3.0,1.754,0.6,0.092,1.292,3.569,0.631,2.585,5.954,0.6,0.785,0.662,2.338,0.0,0.0,21.4,0.4341,0.7647,0,,,,,,,,,,,,,,,,,,,,,0,,,,,,,,,,,,,,,,,,,,,0,,,,,,,,,,,,,,,,,,,,,0,,,,,,,,,,,,,,,,,,,,,62.0,,5.613,2.5,1.403,0.597,0.097,1.097,3.194,0.403,2.048,4.903,0.419,0.5,,,,,18.7,0.4178,0.8387
4432811,Josh Green,UTA,SG,SG,FREEAGENT,0,DAY_TO_DAY,0.16,-0.01,0.05,140.0,322,0,0,False,58.0,,4.293,1.759,0.81,0.603,0.103,1.0,2.379,0.603,1.431,3.121,0.431,0.483,0.776,0.983,0.0,0.0,15.655,0.4586,0.8929,0,,,,,,,,,,,,,,,,,,,,,0,,,,,,,,,,,,,,,,,,,,,0,,,,,,,,,,,,,,,,,,,,,0,,,,,,,,,,,,,,,,,,,,,59.0,,4.983,2.0,1.0,0.695,0.102,1.068,2.593,0.695,1.712,3.797,0.492,0.593,,,,,18.3,0.4509,0.8286
4397018,Ochai Agbaji,NYK,SF,SF,FREEAGENT,0,ACTIVE,0.16,-0.02,0.07,140.0,397,0,0,False,62.0,,5.065,2.274,0.758,0.387,0.274,0.548,2.065,0.5,1.968,4.516,0.581,0.694,0.742,1.532,0.0,0.0,15.742,0.4357,0.8372,0,,,,,,,,,,,,,,,,,,,,,0,,,,,,,,,,,,,,,,,,,,,0,,,,,,,,,,,,,,,,,,,,,0,,,,,,,,,,,,,,,,,,,,,,,,,,,,,,,,,,,,,,,,,
3074752,Terry Rozier,FA,PG,PG,FREEAGENT,0,ACTIVE,0.16,0,0.07,140.0,409,0,0,False,0,,,,,,,,,,,,,,,,,,,,,0,,,,,,,,,,,,,,,,,,,,,0,,,,,,,,,,,,,,,,,,,,,0,,,,,,,,,,,,,,,,,,,,,0,,,,,,,,,,,,,,,,,,,,,,,,,,,,,,,,,,,,,,,,,
4277919,Mo Bamba,UTA,C,C,FREEAGENT,0,ACTIVE,0.16,0.01,0.08,139.9,,,0,False,4.0,,2.5,5.5,0.25,0.0,0.75,0.0,0.0,0.5,1.25,2.75,0.0,0.0,2.5,3.0,0.0,0.0,11.0,0.4545,0.0,0,,,,,,,,,,,,,,,,,,,,,0,,,,,,,,,,,,,,,,,,,,,0,,,,,,,,,,,,,,,,,,,,,0,,,,,,,,,,,,,,,,,,,,,,,,,,,,,,,,,,,,,,,,,
4277951,Luka Garza,BOS,C,C,FREEAGENT,0,ACTIVE,0.16,0,0.07,140.0,,,0,False,69.0,,8.072,4.072,0.957,0.391,0.406,0.797,1.841,0.667,2.986,5.174,1.304,1.696,2.261,1.812,0.029,0.0,16.13,0.577,0.7692,0,,,,,,,,,,,,,,,,,,,,,0,,,,,,,,,,,,,,,,,,,,,0,,,,,,,,,,,,,,,,,,,,,0,,,,,,,,,,,,,,,,,,,,,,,,,,,,,,,,,,,,,,,,,
4278402,Jordan Goodwin,PHO,PG,PG/SG,FREEAGENT,0,ACTIVE,0.16,0.01,0.08,140.0,,,0,False,70.0,,8.7,4.871,2.157,1.514,0.2,1.6,4.314,0.971,3.271,7.929,0.557,0.8,1.971,2.9,0.029,0.0,22.514,0.4126,0.6964,0,,,,,,,,,,,,,,,,,,,,,0,,,,,,,,,,,,,,,,,,,,,0,,,,,,,,,,,,,,,,,,,,,0,,,,,,,,,,,,,,,,,,,,,,,,,,,,,,,,,,,,,,,,,
4870564,Joshua Jefferson,BKN,SF,SF/PF,FREEAGENT,0,ACTIVE,0.16,0,0.05,140.0,,,0,False,,,,,,,,,,,,,,,,,,,,,,0,,,,,,,,,,,,,,,,,,,,,0,,,,,,,,,,,,,,,,,,,,,0,,,,,,,,,,,,,,,,,,,,,0,,,,,,,,,,,,,,,,,,,,,,,,,,,,,,,,,,,,,,,,,
4433144,Caleb Love,PHL,SG,SG,FREEAGENT,0,ACTIVE,0.16,0,0.05,139.9,,,0,False,49.0,,10.388,2.327,2.51,0.551,0.082,1.898,5.959,1.265,3.878,10.0,0.735,1.0,0.51,1.816,0.0,0.0,20.714,0.3878,0.7347,0,,,,,,,,,,,,,,,,,,,,,0,,,,,,,,,,,,,,,,,,,,,0,,,,,,,,,,,,,,,,,,,,,0,,,,,,,,,,,,,,,,,,,,,,,,,,,,,,,,,,,,,,,,,
4277922,Jericho Sims,MIL,C,C,FREEAGENT,0,ACTIVE,0.15,0,0.05,140.0,300,0,0,False,67.0,,4.985,5.522,1.552,0.284,0.254,0.0,0.0,1.119,2.164,2.761,0.657,1.06,2.194,3.328,0.09,0.015,19.687,0.7838,0.6197,0,,,,,,,,,,,,,,,,,,,,,0,,,,,,,,,,,,,,,,,,,,,0,,,,,,,,,,,,,,,,,,,,,0,,,,,,,,,,,,,,,,,,,,,64.0,,4.438,5.203,1.406,0.297,0.297,,,1.0,1.938,2.5,0.562,0.906,,,,,18.5,0.775,0.6207
5107897,Jonathan Mogbo,SAC,PF,PF,FREEAGENT,0,ACTIVE,0.15,-0.01,0.06,140.0,313,0,0,False,40.0,,1.525,1.7,0.625,0.275,0.2,0.0,0.025,0.35,0.65,1.1,0.225,0.35,0.475,1.225,0.0,0.0,6.275,0.5909,0.6429,0,,,,,,,,,,,,,,,,,,,,,0,,,,,,,,,,,,,,,,,,,,,0,,,,,,,,,,,,,,,,,,,,,0,,,,,,,,,,,,,,,,,,,,,66.0,,3.455,3.197,1.303,0.5,0.394,0.091,0.394,0.697,1.409,2.803,0.545,0.803,,,,,12.6,0.5027,0.6792
4868423,Jaden Hardy,LAL,SG,SG,FREEAGENT,0,ACTIVE,0.15,0,0.07,140.0,316,0,0,False,57.0,,9.175,1.509,1.018,0.281,0.105,1.825,4.596,1.088,3.193,7.526,0.965,1.316,0.263,1.246,0.0,0.0,15.789,0.4242,0.7333,0,,,,,,,,,,,,,,,,,,,,,0,,,,,,,,,,,,,,,,,,,,,0,,,,,,,,,,,,,,,,,,,,,0,,,,,,,,,,,,,,,,,,,,,60.0,,8.567,1.6,1.2,0.3,0.1,1.517,3.9,1.1,3.05,7.2,0.95,1.3,,,,,15.3,0.4236,0.7308
3134916,Jordan McLaughlin,SAS,PG,PG,FREEAGENT,0,ACTIVE,0.15,0,0.08,140.0,329,0,0,False,44.0,,2.023,0.727,0.864,0.455,0.045,0.386,0.909,0.341,0.75,1.795,0.136,0.159,0.159,0.568,0.0,0.0,6.432,0.4177,0.8571,0,,,,,,,,,,,,,,,,,,,,,0,,,,,,,,,,,,,,,,,,,,,0,,,,,,,,,,,,,,,,,,,,,0,,,,,,,,,,,,,,,,,,,,,64.0,,3.188,1.094,1.594,0.594,0.094,0.625,1.406,0.406,1.125,2.5,0.312,0.406,,,,,10.1,0.45,0.7692
4397886,Charles Bassey,GSW,C,C,FREEAGENT,0,ACTIVE,0.15,0,0.08,140.0,345,0,0,False,13.0,,5.846,4.385,0.538,0.308,0.846,0.0,0.0,0.462,2.385,3.615,1.077,1.538,1.769,2.615,0.154,0.0,11.769,0.6596,0.7,0,,,,,,,,,,,,,,,,,,,,,0,,,,,,,,,,,,,,,,,,,,,0,,,,,,,,,,,,,,,,,,,,,0,,,,,,,,,,,,,,,,,,,,,17.0,,5.235,4.294,0.529,0.294,0.824,,,0.529,2.176,3.412,0.882,1.294,,,,,11.3,0.6379,0.6818
4917149,Alex Karaban,SAC,SF,SF/PF,FREEAGENT,0,ACTIVE,0.15,0,0.03,140.0,,,0,False,,,,,,,,,,,,,,,,,,,,,,0,,,,,,,,,,,,,,,,,,,,,0,,,,,,,,,,,,,,,,,,,,,0,,,,,,,,,,,,,,,,,,,,,0,,,,,,,,,,,,,,,,,,,,,,,,,,,,,,,,,,,,,,,,,
4706557,Chris Youngblood,POR,SG,SG,FREEAGENT,0,ACTIVE,0.15,0,0.1,139.9,,,0,False,34.0,,2.088,0.824,0.353,0.118,0.088,0.529,1.588,0.059,0.647,1.853,0.265,0.294,0.206,0.618,0.0,0.0,5.5,0.3492,0.9,0,,,,,,,,,,,,,,,,,,,,,0,,,,,,,,,,,,,,,,,,,,,0,,,,,,,,,,,,,,,,,,,,,0,,,,,,,,,,,,,,,,,,,,,,,,,,,,,,,,,,,,,,,,,
4897262,Will Richard,GSW,SG,SG/SF,FREEAGENT,0,ACTIVE,0.15,-0.01,0.07,140.0,,,0,False,69.0,,6.391,2.493,1.348,1.159,0.13,1.029,3.072,0.768,2.348,5.014,0.667,0.783,0.971,1.522,0.0,0.0,19.957,0.4682,0.8519,0,,,,,,,,,,,,,,,,,,,,,0,,,,,,,,,,,,,,,,,,,,,0,,,,,,,,,,,,,,,,,,,,,0,,,,,,,,,,,,,,,,,,,,,,,,,,,,,,,,,,,,,,,,,
4592714,Pat Spencer,PHO,PG,PG/SG,FREEAGENT,0,ACTIVE,0.15,0,0.05,140.0,,,0,False,66.0,,7.212,2.394,3.515,0.727,0.076,0.909,2.545,1.288,2.818,6.606,0.667,0.864,0.773,1.621,0.015,0.0,18.561,0.4266,0.7719,0,,,,,,,,,,,,,,,,,,,,,0,,,,,,,,,,,,,,,,,,,,,0,,,,,,,,,,,,,,,,,,,,,0,,,,,,,,,,,,,,,,,,,,,,,,,,,,,,,,,,,,,,,,,
4066650,Zach Collins,CHI,C,C,FREEAGENT,0,DAY_TO_DAY,0.14,-0.01,0.05,140.0,301,0,0,False,10.0,,9.7,5.6,1.5,0.2,0.4,0.9,2.1,1.0,3.7,6.4,1.4,2.0,1.6,4.0,0.1,0.0,18.4,0.5781,0.7,0,,,,,,,,,,,,,,,,,,,,,0,,,,,,,,,,,,,,,,,,,,,0,,,,,,,,,,,,,,,,,,,,,0,,,,,,,,,,,,,,,,,,,,,56.0,,6.982,4.196,1.5,0.304,0.393,0.607,1.696,0.893,2.643,5.0,1.089,1.393,,,,,14.7,0.5286,0.7821
2578185,Dorian Finney-Smith,ATL,PF,PF,FREEAGENT,0,ACTIVE,0.14,0,0.06,140.0,320,0,0,False,37.0,,3.324,2.514,0.973,0.432,0.162,0.73,2.703,0.595,1.189,3.568,0.216,0.243,0.946,1.568,0.0,0.0,16.73,0.3333,0.8889,0,,,,,,,,,,,,,,,,,,,,,0,,,,,,,,,,,,,,,,,,,,,0,,,,,,,,,,,,,,,,,,,,,0,,,,,,,,,,,,,,,,,,,,,64.0,,4.328,2.703,1.0,0.5,0.203,0.969,3.0,0.594,1.562,4.094,0.234,0.297,,,,,18.1,0.3817,0.7895
5099752,Rayan Rupert,PHL,SG,SG,FREEAGENT,0,ACTIVE,0.14,-0.01,0.06,140.0,321,0,0,False,64.0,,5.188,2.938,1.062,0.859,0.141,0.688,2.125,0.859,1.922,4.891,0.656,0.844,0.75,2.188,0.047,0.016,16.75,0.393,0.7778,0,,,,,,,,,,,,,,,,,,,,,0,,,,,,,,,,,,,,,,,,,,,0,,,,,,,,,,,,,,,,,,,,,0,,,,,,,,,,,,,,,,,,,,,61.0,,4.869,2.705,1.0,0.803,0.098,0.639,2.0,0.803,1.803,4.607,0.623,0.803,,,,,15.7,0.3915,0.7755
4065654,Jonathan Isaac,ORL,PF,PF,FREEAGENT,0,DAY_TO_DAY,0.14,-0.01,0.06,140.0,330,0,0,False,52.0,,2.577,2.538,0.423,0.385,0.596,0.135,0.731,0.346,0.885,2.096,0.673,1.115,0.827,1.712,0.0,0.0,10.0,0.422,0.6034,0,,,,,,,,,,,,,,,,,,,,,0,,,,,,,,,,,,,,,,,,,,,0,,,,,,,,,,,,,,,,,,,,,0,,,,,,,,,,,,,,,,,,,,,55.0,,3.345,3.0,0.509,0.509,0.709,0.255,1.109,0.4,1.164,2.709,0.764,1.2,,,,,11.3,0.4295,0.6364
4396818,Jordan Miller,LAC,SF,SF,FREEAGENT,0,OUT,0.14,-0.01,0.05,140.0,349,0,0,False,60.0,,9.967,3.033,2.267,0.75,0.183,0.633,1.833,1.05,3.533,6.65,2.267,2.917,0.833,2.2,0.017,0.0,22.033,0.5313,0.7771,0,,,,,,,,,,,,,,,,,,,,,0,,,,,,,,,,,,,,,,,,,,,0,,,,,,,,,,,,,,,,,,,,,0,,,,,,,,,,,,,,,,,,,,,0,,,,,,,,,,,,,,,,,,,,
4592829,Quenton Jackson,IND,PG,PG/SG,FREEAGENT,0,DAY_TO_DAY,0.14,-0.01,0.06,140.0,388,0,0,False,49.0,,9.143,2.327,2.857,0.633,0.122,0.857,2.408,1.265,3.143,6.694,2.0,2.429,0.571,1.755,0.02,0.0,18.327,0.4695,0.8235,0,,,,,,,,,,,,,,,,,,,,,0,,,,,,,,,,,,,,,,,,,,,0,,,,,,,,,,,,,,,,,,,,,0,,,,,,,,,,,,,,,,,,,,,,,,,,,,,,,,,,,,,,,,,
3893023,Paul Zipser,CHI,SF,SF,FREEAGENT,0,ACTIVE,0.14,-0.01,0.1,139.9,,,0,False,0,,,,,,,,,,,,,,,,,,,,,0,,,,,,,,,,,,,,,,,,,,,0,,,,,,,,,,,,,,,,,,,,,0,,,,,,,,,,,,,,,,,,,,,0,,,,,,,,,,,,,,,,,,,,,,,,,,,,,,,,,,,,,,,,,
5105854,Braden Smith,IND,PG,PG,FREEAGENT,0,ACTIVE,0.14,0.01,0.05,139.9,,,0,False,,,,,,,,,,,,,,,,,,,,,,0,,,,,,,,,,,,,,,,,,,,,0,,,,,,,,,,,,,,,,,,,,,0,,,,,,,,,,,,,,,,,,,,,0,,,,,,,,,,,,,,,,,,,,,,,,,,,,,,,,,,,,,,,,,
4432452,Alex Antetokounmpo,FA,SF,SF,FREEAGENT,0,ACTIVE,0.14,-0.01,0.08,139.9,,,0,False,6.0,,3.167,1.0,0.167,0.0,0.167,0.333,1.167,0.167,0.5,1.333,1.833,2.5,0.333,0.667,0.0,0.0,3.333,0.375,0.7333,0,,,,,,,,,,,,,,,,,,,,,0,,,,,,,,,,,,,,,,,,,,,0,,,,,,,,,,,,,,,,,,,,,0,,,,,,,,,,,,,,,,,,,,,,,,,,,,,,,,,,,,,,,,,
5157587,Rocco Zikarsky,MIN,C,C,FREEAGENT,0,ACTIVE,0.14,0,0.08,139.9,,,0,False,5.0,,2.8,2.8,0.4,0.0,1.0,0.0,0.0,0.2,1.0,1.6,0.8,0.8,0.4,2.4,0.0,0.0,7.4,0.625,1.0,0,,,,,,,,,,,,,,,,,,,,,0,,,,,,,,,,,,,,,,,,,,,0,,,,,,,,,,,,,,,,,,,,,0,,,,,,,,,,,,,,,,,,,,,,,,,,,,,,,,,,,,,,,,,
4432107,Marcus Sasser,DAL,PG,PG,FREEAGENT,0,ACTIVE,0.13,0,0.06,140.0,315,0,0,False,38.0,,5.184,1.026,1.974,0.526,0.105,1.158,2.789,0.816,1.816,4.658,0.395,0.474,0.184,0.842,0.0,0.0,12.053,0.3898,0.8333,0,,,,,,,,,,,,,,,,,,,,,0,,,,,,,,,,,,,,,,,,,,,0,,,,,,,,,,,,,,,,,,,,,0,,,,,,,,,,,,,,,,,,,,,60.0,,5.733,1.1,2.2,0.6,0.1,1.133,2.8,0.9,2.05,5.0,0.5,0.6,,,,,13.1,0.41,0.8333
4683750,Jordan Hawkins,MEM,SG,SG,FREEAGENT,0,ACTIVE,0.13,0,0.05,140.0,326,0,0,False,51.0,,5.059,1.725,0.824,0.255,0.196,0.922,2.647,0.667,1.843,5.039,0.451,0.529,0.392,1.333,0.0,0.0,13.51,0.3658,0.8519,0,,,,,,,,,,,,,,,,,,,,,0,,,,,,,,,,,,,,,,,,,,,0,,,,,,,,,,,,,,,,,,,,,0,,,,,,,,,,,,,,,,,,,,,65.0,,6.185,1.908,0.908,0.308,0.2,1.138,3.308,0.708,2.185,5.908,0.677,0.8,,,,,15.4,0.3698,0.8462
4433569,Johni Broome,FA,PF,PF,FREEAGENT,0,ACTIVE,0.13,-0.01,0.06,140.0,346,0,0,False,11.0,,0.909,1.455,0.364,0.273,0.182,0.0,0.455,0.273,0.364,2.182,0.182,0.545,0.636,0.818,0.0,0.0,5.0,0.1667,0.3333,0,,,,,,,,,,,,,,,,,,,,,0,,,,,,,,,,,,,,,,,,,,,0,,,,,,,,,,,,,,,,,,,,,0,,,,,,,,,,,,,,,,,,,,,33.0,,1.515,2.394,0.606,0.515,0.303,,0.788,0.515,0.606,3.606,0.303,0.909,,,,,8.3,0.1681,0.3333
4433629,Ryan Nembhard,DEN,PG,PG/SG,FREEAGENT,0,ACTIVE,0.13,0,0.05,140.0,,,0,False,60.0,,6.617,2.217,5.267,0.417,0.033,0.8,2.25,1.417,2.7,6.5,0.417,0.517,0.217,2.0,0.067,0.0,19.5,0.4154,0.8065,0,,,,,,,,,,,,,,,,,,,,,0,,,,,,,,,,,,,,,,,,,,,0,,,,,,,,,,,,,,,,,,,,,0,,,,,,,,,,,,,,,,,,,,,,,,,,,,,,,,,,,,,,,,,
4432173,Sharife Cooper,FA,PG,PG,FREEAGENT,0,ACTIVE,0.13,0.01,0.05,139.9,,,0,False,41.0,,8.122,2.098,3.024,0.39,0.122,0.707,1.854,1.488,3.098,6.024,1.22,1.463,0.439,1.659,0.0,0.0,17.098,0.5142,0.8333,0,,,,,,,,,,,,,,,,,,,,,0,,,,,,,,,,,,,,,,,,,,,0,,,,,,,,,,,,,,,,,,,,,0,,,,,,,,,,,,,,,,,,,,,,,,,,,,,,,,,,,,,,,,,
5106270,Otega Oweh,OKC,SG,SG,FREEAGENT,0,DAY_TO_DAY,0.13,0.01,0.05,139.9,,,0,False,,,,,,,,,,,,,,,,,,,,,,0,,,,,,,,,,,,,,,,,,,,,0,,,,,,,,,,,,,,,,,,,,,0,,,,,,,,,,,,,,,,,,,,,0,,,,,,,,,,,,,,,,,,,,,,,,,,,,,,,,,,,,,,,,,
4871141,Ariel Hukporti,PHL,C,C,FREEAGENT,0,ACTIVE,0.13,0.01,0.04,140.0,,,0,False,54.0,,2.167,2.944,0.537,0.167,0.481,0.019,0.074,0.593,0.833,1.481,0.481,0.611,1.037,1.907,0.0,0.0,9.296,0.5625,0.7879,0,,,,,,,,,,,,,,,,,,,,,0,,,,,,,,,,,,,,,,,,,,,0,,,,,,,,,,,,,,,,,,,,,0,,,,,,,,,,,,,,,,,,,,,,,,,,,,,,,,,,,,,,,,,
4278572,Jamal Cain,ORL,SF,SF,FREEAGENT,0,ACTIVE,0.12,0,0.04,140.1,271,0,0,False,40.0,,5.375,1.95,0.725,0.275,0.1,0.7,1.825,0.475,1.85,3.8,0.975,1.15,0.7,1.25,0.0,0.0,12.075,0.4868,0.8478,0,,,,,,,,,,,,,,,,,,,,,0,,,,,,,,,,,,,,,,,,,,,0,,,,,,,,,,,,,,,,,,,,,0,,,,,,,,,,,,,,,,,,,,,69.0,,8.29,3.101,1.101,0.594,0.203,1.072,2.899,0.797,2.884,6.101,1.449,1.797,,,,,19.3,0.4727,0.8065
5081727,Sidy Cissoko,POR,SG,SG,FREEAGENT,0,ACTIVE,0.12,0,0.06,140.0,325,0,0,False,75.0,,5.107,2.213,1.467,0.693,0.333,0.787,2.64,0.933,1.773,4.453,0.773,1.173,0.827,1.387,0.0,0.0,19.12,0.3982,0.6591,0,,,,,,,,,,,,,,,,,,,,,0,,,,,,,,,,,,,,,,,,,,,0,,,,,,,,,,,,,,,,,,,,,0,,,,,,,,,,,,,,,,,,,,,62.0,,4.452,2.0,1.306,0.597,0.306,0.629,2.194,0.806,1.548,3.806,0.726,1.097,,,,,16.2,0.4068,0.6618
2999547,Gary Harris,FA,SG,SG,FREEAGENT,0,ACTIVE,0.12,0,0.06,140.0,339,0,0,False,48.0,,2.667,1.271,1.062,0.562,0.188,0.583,1.417,0.396,0.958,2.167,0.167,0.188,0.333,0.938,0.0,0.0,13.833,0.4423,0.8889,0,,,,,,,,,,,,,,,,,,,,,0,,,,,,,,,,,,,,,,,,,,,0,,,,,,,,,,,,,,,,,,,,,0,,,,,,,,,,,,,,,,,,,,,48.0,,2.875,1.292,1.0,0.604,0.208,0.625,1.604,0.396,1.042,2.396,0.167,0.208,,,,,14.5,0.4348,0.8
5242502,Ben Saraf,BKN,SG,SG,FREEAGENT,0,ACTIVE,0.12,0.01,0.03,140.0,,,0,False,44.0,,7.545,2.091,3.295,0.864,0.182,0.432,2.045,2.25,2.727,6.886,1.659,2.0,0.455,1.636,0.0,0.0,20.818,0.396,0.8295,0,,,,,,,,,,,,,,,,,,,,,0,,,,,,,,,,,,,,,,,,,,,0,,,,,,,,,,,,,,,,,,,,,0,,,,,,,,,,,,,,,,,,,,,,,,,,,,,,,,,,,,,,,,,
5105462,Richie Saunders,MEM,SG,SG,FREEAGENT,0,OUT,0.12,0,0.03,140.0,,,0,False,,,,,,,,,,,,,,,,,,,,,,0,,,,,,,,,,,,,,,,,,,,,0,,,,,,,,,,,,,,,,,,,,,0,,,,,,,,,,,,,,,,,,,,,0,,,,,,,,,,,,,,,,,,,,,,,,,,,,,,,,,,,,,,,,,
5105571,Henri Veesaar,ATL,C,C,FREEAGENT,0,OUT,0.12,0,0.03,140.0,,,0,False,,,,,,,,,,,,,,,,,,,,,,0,,,,,,,,,,,,,,,,,,,,,0,,,,,,,,,,,,,,,,,,,,,0,,,,,,,,,,,,,,,,,,,,,0,,,,,,,,,,,,,,,,,,,,,,,,,,,,,,,,,,,,,,,,,
4593016,Quinten Post,MEM,C,PF/C,FREEAGENT,0,ACTIVE,0.12,0,0.04,140.0,,,0,False,67.0,,7.657,4.015,1.403,0.388,0.522,1.388,4.134,0.836,2.881,6.552,0.507,0.642,1.015,3.0,0.0,0.0,17.328,0.4396,0.7907,0,,,,,,,,,,,,,,,,,,,,,0,,,,,,,,,,,,,,,,,,,,,0,,,,,,,,,,,,,,,,,,,,,0,,,,,,,,,,,,,,,,,,,,,,,,,,,,,,,,,,,,,,,,,
3133635,Jevon Carter,ORL,PG,PG,FREEAGENT,0,ACTIVE,0.11,0,0.06,140.0,319,0,0,False,53.0,,6.396,1.679,1.642,0.755,0.189,1.472,4.057,0.679,2.321,5.792,0.283,0.358,0.264,1.415,0.0,0.0,16.377,0.4007,0.7895,0,,,,,,,,,,,,,,,,,,,,,0,,,,,,,,,,,,,,,,,,,,,0,,,,,,,,,,,,,,,,,,,,,0,,,,,,,,,,,,,,,,,,,,,51.0,,6.059,1.608,1.608,0.706,0.196,1.392,3.902,0.608,2.216,5.608,0.235,0.294,,,,,15.4,0.3951,0.8
4591259,Koby Brea,PHO,SG,SG,FREEAGENT,0,ACTIVE,0.11,0,0.06,140.0,333,0,0,False,12.0,,3.75,0.667,0.833,0.083,0.0,1.083,2.5,0.333,1.25,3.0,0.167,0.167,0.083,0.583,0.0,0.0,7.083,0.4167,1.0,0,,,,,,,,,,,,,,,,,,,,,0,,,,,,,,,,,,,,,,,,,,,0,,,,,,,,,,,,,,,,,,,,,0,,,,,,,,,,,,,,,,,,,,,63.0,,5.349,1.0,1.206,0.095,,1.556,3.603,0.508,1.794,4.302,0.206,0.206,,,,,10.2,0.417,1.0
4398390,Jalen Pickett,LAC,SG,PG/SG,FREEAGENT,0,ACTIVE,0.11,0,0.06,140.0,340,0,0,False,50.0,,5.2,2.28,2.3,0.26,0.1,0.98,2.54,0.68,1.96,4.64,0.3,0.38,0.36,1.92,0.0,0.0,16.12,0.4224,0.7895,0,,,,,,,,,,,,,,,,,,,,,0,,,,,,,,,,,,,,,,,,,,,0,,,,,,,,,,,,,,,,,,,,,0,,,,,,,,,,,,,,,,,,,,,49.0,,3.551,1.51,1.592,0.204,0.102,0.694,1.796,0.51,1.347,3.204,0.163,0.204,,,,,11.3,0.4204,0.8
5105553,Julian Phillips,HOU,SF,SF,FREEAGENT,0,ACTIVE,0.11,0,0.06,140.0,342,0,0,False,48.0,,2.917,1.021,0.208,0.479,0.146,0.417,1.354,0.229,1.062,2.521,0.375,0.479,0.479,0.542,0.0,0.0,8.938,0.4215,0.7826,0,,,,,,,,,,,,,,,,,,,,,0,,,,,,,,,,,,,,,,,,,,,0,,,,,,,,,,,,,,,,,,,,,0,,,,,,,,,,,,,,,,,,,,,52.0,,3.231,1.308,0.308,0.5,0.192,0.462,1.5,0.308,1.154,2.692,0.462,0.596,,,,,10.1,0.4286,0.7742
3137259,Gabe Vincent,FA,PG,PG,FREEAGENT,0,ACTIVE,0.11,-0.01,0.05,140.0,350,0,0,False,53.0,,4.358,1.019,1.434,0.509,0.057,1.113,3.264,0.509,1.434,4.075,0.377,0.434,0.321,0.698,0.0,0.0,16.547,0.3519,0.8696,0,,,,,,,,,,,,,,,,,,,,,0,,,,,,,,,,,,,,,,,,,,,0,,,,,,,,,,,,,,,,,,,,,0,,,,,,,,,,,,,,,,,,,,,,,,,,,,,,,,,,,,,,,,,
4397227,Vince Williams Jr.,FA,SG,PG/SG,FREEAGENT,0,OUT,0.11,-0.01,0.03,140.0,400,0,0,False,40.0,,7.5,3.875,4.175,0.725,0.4,1.375,4.425,1.75,2.575,7.3,0.975,1.25,0.975,2.9,0.025,0.0,20.525,0.3527,0.78,0,,,,,,,,,,,,,,,,,,,,,0,,,,,,,,,,,,,,,,,,,,,0,,,,,,,,,,,,,,,,,,,,,0,,,,,,,,,,,,,,,,,,,,,,,,,,,,,,,,,,,,,,,,,
4017850,Wang Zhelin,MEM,C,C,FREEAGENT,0,ACTIVE,0.11,0,0.08,139.9,,,0,False,0,,,,,,,,,,,,,,,,,,,,,0,,,,,,,,,,,,,,,,,,,,,0,,,,,,,,,,,,,,,,,,,,,0,,,,,,,,,,,,,,,,,,,,,0,,,,,,,,,,,,,,,,,,,,,,,,,,,,,,,,,,,,,,,,,
5037873,Drake Powell,BKN,SG,SG,FREEAGENT,0,ACTIVE,0.11,0.01,0.05,139.9,,,0,False,63.0,,6.476,1.762,1.444,0.571,0.222,0.81,2.889,0.952,2.286,5.683,1.095,1.222,0.333,1.429,0.0,0.0,20.937,0.4022,0.8961,0,,,,,,,,,,,,,,,,,,,,,0,,,,,,,,,,,,,,,,,,,,,0,,,,,,,,,,,,,,,,,,,,,0,,,,,,,,,,,,,,,,,,,,,,,,,,,,,,,,,,,,,,,,,
3074213,Omer Yurtseven,FA,C,C,FREEAGENT,0,ACTIVE,0.11,0,0.08,139.9,,,0,False,9.0,,3.778,3.333,0.889,0.222,0.111,0.0,0.444,1.0,1.222,2.889,1.333,2.0,1.444,1.889,0.0,0.0,11.556,0.4231,0.6667,0,,,,,,,,,,,,,,,,,,,,,0,,,,,,,,,,,,,,,,,,,,,0,,,,,,,,,,,,,,,,,,,,,0,,,,,,,,,,,,,,,,,,,,,,,,,,,,,,,,,,,,,,,,,
4702352,Kobe Sanders,LAC,SG,SG,FREEAGENT,0,DAY_TO_DAY,0.11,0.01,0.04,140.0,,,0,False,68.0,,7.279,2.25,1.603,0.721,0.147,1.176,2.882,1.191,2.632,5.647,0.838,1.015,0.426,1.824,0.0,0.0,19.897,0.4661,0.8261,0,,,,,,,,,,,,,,,,,,,,,0,,,,,,,,,,,,,,,,,,,,,0,,,,,,,,,,,,,,,,,,,,,0,,,,,,,,,,,,,,,,,,,,,,,,,,,,,,,,,,,,,,,,,
4602025,Sion James,CHA,SF,SF,FREEAGENT,0,ACTIVE,0.11,0,0.04,140.0,,,0,False,82.0,,5.378,3.5,1.988,0.634,0.244,1.012,2.878,0.805,1.683,4.537,1.0,1.195,0.598,2.902,0.0,0.0,22.439,0.371,0.8367,0,,,,,,,,,,,,,,,,,,,,,0,,,,,,,,,,,,,,,,,,,,,0,,,,,,,,,,,,,,,,,,,,,0,,,,,,,,,,,,,,,,,,,,,,,,,,,,,,,,,,,,,,,,,
5105977,Rasheer Fleming,PHO,PF,PF,FREEAGENT,0,ACTIVE,0.11,0,0.03,140.0,,,0,False,55.0,,4.327,2.255,0.291,0.4,0.382,0.818,2.364,0.527,1.582,3.909,0.345,0.618,1.036,1.218,0.0,0.0,12.309,0.4047,0.5588,0,,,,,,,,,,,,,,,,,,,,,0,,,,,,,,,,,,,,,,,,,,,0,,,,,,,,,,,,,,,,,,,,,0,,,,,,,,,,,,,,,,,,,,,,,,,,,,,,,,,,,,,,,,,
4395650,Leaky Black,SAC,SF,SF,FREEAGENT,0,ACTIVE,0.11,0.01,0.05,140.0,,,0,False,15.0,,7.067,5.0,1.467,1.2,0.533,1.267,3.667,0.933,2.667,6.867,0.467,0.533,1.0,4.0,0.0,0.0,28.8,0.3883,0.875,0,,,,,,,,,,,,,,,,,,,,,0,,,,,,,,,,,,,,,,,,,,,0,,,,,,,,,,,,,,,,,,,,,0,,,,,,,,,,,,,,,,,,,,,,,,,,,,,,,,,,,,,,,,,
5075626,Baba Miller,LAC,PF,PF,FREEAGENT,0,ACTIVE,0.11,0,0.04,140.0,,,0,False,,,,,,,,,,,,,,,,,,,,,,0,,,,,,,,,,,,,,,,,,,,,0,,,,,,,,,,,,,,,,,,,,,0,,,,,,,,,,,,,,,,,,,,,0,,,,,,,,,,,,,,,,,,,,,,,,,,,,,,,,,,,,,,,,,
4594326,Kris Murray,MEM,PF,PF,FREEAGENT,0,ACTIVE,0.1,0,0.04,140.0,291,0,0,False,57.0,,5.807,3.614,1.421,0.895,0.386,0.596,2.14,0.825,2.263,4.842,0.684,1.0,1.579,2.035,0.0,0.0,23.456,0.4674,0.6842,0,,,,,,,,,,,,,,,,,,,,,0,,,,,,,,,,,,,,,,,,,,,0,,,,,,,,,,,,,,,,,,,,,0,,,,,,,,,,,,,,,,,,,,,68.0,,5.603,3.397,1.294,0.794,0.397,0.574,2.103,0.794,2.191,4.794,0.647,1.0,,,,,21.9,0.4571,0.6471
2488653,Mason Plumlee,FA,C,C,FREEAGENT,0,ACTIVE,0.1,-0.01,0.04,140.0,404,0,0,False,20.0,,1.55,2.65,1.0,0.5,0.0,0.0,0.0,0.6,0.55,0.7,0.45,0.7,0.85,1.8,0.0,0.0,8.6,0.7857,0.6429,0,,,,,,,,,,,,,,,,,,,,,0,,,,,,,,,,,,,,,,,,,,,0,,,,,,,,,,,,,,,,,,,,,0,,,,,,,,,,,,,,,,,,,,,,,,,,,,,,,,,,,,,,,,,
5023693,Tyrese Proctor,CLE,SG,SG,FREEAGENT,0,ACTIVE,0.1,0,0.04,140.0,,,0,False,50.0,,5.44,1.28,1.48,0.5,0.0,0.92,2.62,0.8,1.86,4.5,0.8,0.9,0.22,1.06,0.02,0.0,10.98,0.4133,0.8889,0,,,,,,,,,,,,,,,,,,,,,0,,,,,,,,,,,,,,,,,,,,,0,,,,,,,,,,,,,,,,,,,,,0,,,,,,,,,,,,,,,,,,,,,,,,,,,,,,,,,,,,,,,,,
4432808,James Wiseman,NYK,C,C,FREEAGENT,0,ACTIVE,0.1,0.01,0.05,139.9,,,0,False,4.0,,3.25,2.0,0.75,0.0,0.25,0.0,0.0,1.25,1.5,2.5,0.25,0.5,1.25,0.75,0.0,0.0,14.75,0.6,0.5,0,,,,,,,,,,,,,,,,,,,,,0,,,,,,,,,,,,,,,,,,,,,0,,,,,,,,,,,,,,,,,,,,,0,,,,,,,,,,,,,,,,,,,,,,,,,,,,,,,,,,,,,,,,,
5105806,Jett Howard,DAL,SF,SF,FREEAGENT,0,ACTIVE,0.09,-0.01,0.03,140.0,328,0,0,False,55.0,,5.473,1.582,0.818,0.182,0.2,0.982,2.636,0.273,1.909,4.564,0.673,0.709,0.418,1.164,0.0,0.0,12.709,0.4183,0.9487,0,,,,,,,,,,,,,,,,,,,,,0,,,,,,,,,,,,,,,,,,,,,0,,,,,,,,,,,,,,,,,,,,,0,,,,,,,,,,,,,,,,,,,,,66.0,,5.212,1.5,0.803,0.197,0.197,0.97,2.697,0.303,1.848,4.5,0.545,0.606,,,,,12.4,0.4108,0.9
3136777,Jae'Sean Tate,HOU,SF,SF,FREEAGENT,0,ACTIVE,0.09,-0.01,0.04,140.0,337,0,0,False,46.0,,2.804,1.587,0.543,0.217,0.065,0.217,0.696,0.348,1.217,2.37,0.152,0.239,0.717,0.87,0.0,0.0,8.783,0.5138,0.6364,0,,,,,,,,,,,,,,,,,,,,,0,,,,,,,,,,,,,,,,,,,,,0,,,,,,,,,,,,,,,,,,,,,0,,,,,,,,,,,,,,,,,,,,,54.0,,3.5,2.296,0.796,0.5,0.093,0.278,0.907,0.407,1.407,2.907,0.407,0.593,,,,,12.1,0.4841,0.6875
4278541,Jaylen Nowell,WAS,SG,SG,FREEAGENT,0,ACTIVE,0.09,-0.01,0.03,140.0,371,0,0,False,0,,,,,,,,,,,,,,,,,,,,,0,,,,,,,,,,,,,,,,,,,,,0,,,,,,,,,,,,,,,,,,,,,0,,,,,,,,,,,,,,,,,,,,,0,,,,,,,,,,,,,,,,,,,,,,,,,,,,,,,,,,,,,,,,,
4781746,Javon Small,MEM,PG,PG,FREEAGENT,0,ACTIVE,0.09,0,0.03,140.0,,,0,False,41.0,,9.659,3.122,3.683,0.829,0.22,1.463,3.463,1.366,3.268,7.024,1.659,2.0,0.878,2.244,0.0,0.0,20.244,0.4653,0.8293,0,,,,,,,,,,,,,,,,,,,,,0,,,,,,,,,,,,,,,,,,,,,0,,,,,,,,,,,,,,,,,,,,,0,,,,,,,,,,,,,,,,,,,,,,,,,,,,,,,,,,,,,,,,,
3893060,Rade Zagorac,MEM,SG,SG,FREEAGENT,0,ACTIVE,0.09,0,0.07,139.9,,,0,False,0,,,,,,,,,,,,,,,,,,,,,0,,,,,,,,,,,,,,,,,,,,,0,,,,,,,,,,,,,,,,,,,,,0,,,,,,,,,,,,,,,,,,,,,0,,,,,,,,,,,,,,,,,,,,,,,,,,,,,,,,,,,,,,,,,
5060631,Adou Thiero,LAL,SF,SF,FREEAGENT,0,ACTIVE,0.09,0.01,0.03,140.0,,,0,False,25.0,,1.88,1.12,0.4,0.28,0.08,0.04,0.12,0.36,0.64,1.24,0.56,0.88,0.36,0.76,0.0,0.0,6.04,0.5161,0.6364,0,,,,,,,,,,,,,,,,,,,,,0,,,,,,,,,,,,,,,,,,,,,0,,,,,,,,,,,,,,,,,,,,,0,,,,,,,,,,,,,,,,,,,,,,,,,,,,,,,,,,,,,,,,,
5107968,Ja'Kobi Gillespie,SAS,PG,PG,FREEAGENT,0,ACTIVE,0.09,0,0.04,140.0,,,0,False,,,,,,,,,,,,,,,,,,,,,,0,,,,,,,,,,,,,,,,,,,,,0,,,,,,,,,,,,,,,,,,,,,0,,,,,,,,,,,,,,,,,,,,,0,,,,,,,,,,,,,,,,,,,,,,,,,,,,,,,,,,,,,,,,,
4397251,Ron Harper Jr.,BOS,SG,SG,FREEAGENT,0,ACTIVE,0.09,0,0.03,140.0,,,0,False,29.0,,4.241,1.655,0.759,0.345,0.31,0.966,2.759,0.276,1.586,3.793,0.103,0.138,0.517,1.138,0.0,0.0,10.897,0.4182,0.75,0,,,,,,,,,,,,,,,,,,,,,0,,,,,,,,,,,,,,,,,,,,,0,,,,,,,,,,,,,,,,,,,,,0,,,,,,,,,,,,,,,,,,,,,,,,,,,,,,,,,,,,,,,,,
4432446,Jabari Walker,PHL,PF,PF,FREEAGENT,0,ACTIVE,0.09,0,0.03,140.0,,,0,False,64.0,,4.312,3.0,0.531,0.359,0.203,0.5,1.484,0.422,1.516,3.328,0.781,1.062,1.125,1.875,0.031,0.0,11.844,0.4554,0.7353,0,,,,,,,,,,,,,,,,,,,,,0,,,,,,,,,,,,,,,,,,,,,0,,,,,,,,,,,,,,,,,,,,,0,,,,,,,,,,,,,,,,,,,,,,,,,,,,,,,,,,,,,,,,,
2528386,Joe Young,IND,PG,PG,FREEAGENT,0,ACTIVE,0.09,-0.01,0.06,139.9,,,0,False,0,,,,,,,,,,,,,,,,,,,,,0,,,,,,,,,,,,,,,,,,,,,0,,,,,,,,,,,,,,,,,,,,,0,,,,,,,,,,,,,,,,,,,,,0,,,,,,,,,,,,,,,,,,,,,,,,,,,,,,,,,,,,,,,,,
5211176,Tidjane Salaun,CHA,PF,PF,FREEAGENT,0,ACTIVE,0.09,0,0.03,140.0,,,0,False,37.0,,6.0,4.027,0.73,0.432,0.189,0.973,2.243,0.703,2.162,4.297,0.703,1.081,0.703,3.324,0.027,0.0,15.568,0.5031,0.65,0,,,,,,,,,,,,,,,,,,,,,0,,,,,,,,,,,,,,,,,,,,,0,,,,,,,,,,,,,,,,,,,,,0,,,,,,,,,,,,,,,,,,,,,,,,,,,,,,,,,,,,,,,,,
2528355,Alex Kirk,CLE,C,C,FREEAGENT,0,ACTIVE,0.09,0,0.03,140.0,,,0,False,0,,,,,,,,,,,,,,,,,,,,,0,,,,,,,,,,,,,,,,,,,,,0,,,,,,,,,,,,,,,,,,,,,0,,,,,,,,,,,,,,,,,,,,,0,,,,,,,,,,,,,,,,,,,,,,,,,,,,,,,,,,,,,,,,,
4433133,Jahmir Young,MIA,PG,PG,FREEAGENT,0,ACTIVE,0.09,0,0.05,139.9,,,0,False,14.0,,1.786,0.286,0.643,0.071,0.0,0.214,0.643,0.214,0.714,1.786,0.143,0.143,0.143,0.143,0.0,0.0,4.143,0.4,1.0,0,,,,,,,,,,,,,,,,,,,,,0,,,,,,,,,,,,,,,,,,,,,0,,,,,,,,,,,,,,,,,,,,,0,,,,,,,,,,,,,,,,,,,,,,,,,,,,,,,,,,,,,,,,,
4433188,Devin Carter,BOS,PG,PG,FREEAGENT,0,ACTIVE,0.09,0,0.04,140.0,,,0,False,38.0,,8.921,3.289,2.658,0.895,0.237,0.789,3.0,1.421,3.184,7.684,1.763,2.474,0.947,2.342,0.0,0.0,18.447,0.4144,0.7128,0,,,,,,,,,,,,,,,,,,,,,0,,,,,,,,,,,,,,,,,,,,,0,,,,,,,,,,,,,,,,,,,,,0,,,,,,,,,,,,,,,,,,,,,,,,,,,,,,,,,,,,,,,,,
2578239,Pat Connaughton,CHA,SG,SG,FREEAGENT,0,ACTIVE,0.08,-0.01,0.03,140.0,334,0,0,False,42.0,,2.619,1.452,0.429,0.262,0.024,0.5,1.238,0.262,0.905,2.024,0.31,0.476,0.357,1.095,0.0,0.0,7.0,0.4471,0.65,0,,,,,,,,,,,,,,,,,,,,,0,,,,,,,,,,,,,,,,,,,,,0,,,,,,,,,,,,,,,,,,,,,0,,,,,,,,,,,,,,,,,,,,,66.0,,3.242,1.803,0.803,0.303,0.106,0.561,1.5,0.303,1.167,2.606,0.348,0.5,,,,,9.4,0.4477,0.697
4431828,KJ Martin,MIN,SF,SF,FREEAGENT,0,ACTIVE,0.08,-0.01,0.04,140.0,351,0,0,False,0,,,,,,,,,,,,,,,,,,,,,0,,,,,,,,,,,,,,,,,,,,,0,,,,,,,,,,,,,,,,,,,,,0,,,,,,,,,,,,,,,,,,,,,0,,,,,,,,,,,,,,,,,,,,,,,,,,,,,,,,,,,,,,,,,
2968436,Joe Ingles,FA,SF,SF,FREEAGENT,0,ACTIVE,0.08,0,0.04,140.0,375,0,0,False,27.0,,1.519,0.704,1.259,0.333,0.074,0.259,0.593,0.519,0.593,1.0,0.074,0.074,0.0,0.704,0.037,0.0,5.63,0.5926,1.0,0,,,,,,,,,,,,,,,,,,,,,0,,,,,,,,,,,,,,,,,,,,,0,,,,,,,,,,,,,,,,,,,,,0,,,,,,,,,,,,,,,,,,,,,,,,,,,,,,,,,,,,,,,,,
3134932,John Konchar,FA,SG,SG,FREEAGENT,0,ACTIVE,0.08,-0.01,0.03,140.0,392,0,0,False,56.0,,4.429,4.286,2.107,1.482,0.679,0.5,1.768,0.625,1.679,3.554,0.571,0.786,1.321,2.964,0.054,0.036,19.929,0.4724,0.7273,0,,,,,,,,,,,,,,,,,,,,,0,,,,,,,,,,,,,,,,,,,,,0,,,,,,,,,,,,,,,,,,,,,0,,,,,,,,,,,,,,,,,,,,,,,,,,,,,,,,,,,,,,,,,
4066731,Jalen McDaniels,FA,PF,PF,FREEAGENT,0,ACTIVE,0.08,0,0.04,140.0,,,0,False,0,,,,,,,,,,,,,,,,,,,,,0,,,,,,,,,,,,,,,,,,,,,0,,,,,,,,,,,,,,,,,,,,,0,,,,,,,,,,,,,,,,,,,,,0,,,,,,,,,,,,,,,,,,,,,,,,,,,,,,,,,,,,,,,,,
4066993,Dru Smith,MIA,PG,PG,FREEAGENT,0,DAY_TO_DAY,0.08,0,0.03,140.0,,,0,False,70.0,,5.643,2.471,2.571,1.429,0.3,0.543,1.843,0.786,1.929,4.643,1.243,1.5,0.886,1.586,0.0,0.0,16.371,0.4154,0.8286,0,,,,,,,,,,,,,,,,,,,,,0,,,,,,,,,,,,,,,,,,,,,0,,,,,,,,,,,,,,,,,,,,,0,,,,,,,,,,,,,,,,,,,,,,,,,,,,,,,,,,,,,,,,,
4433607,DaRon Holmes II,DEN,PF,PF,FREEAGENT,0,ACTIVE,0.08,0,0.03,140.0,,,0,False,25.0,,3.72,1.4,0.64,0.04,0.24,0.8,1.8,0.48,1.24,2.44,0.44,0.56,0.32,1.08,0.0,0.0,8.36,0.5082,0.7857,0,,,,,,,,,,,,,,,,,,,,,0,,,,,,,,,,,,,,,,,,,,,0,,,,,,,,,,,,,,,,,,,,,0,,,,,,,,,,,,,,,,,,,,,,,,,,,,,,,,,,,,,,,,,
4687718,Josh Minott,BKN,SF,SF,FREEAGENT,0,ACTIVE,0.08,0,0.02,140.0,,,0,False,49.0,,7.429,3.224,0.939,0.898,0.49,1.306,3.122,0.878,2.571,5.143,0.98,1.245,0.98,2.245,0.02,0.0,16.98,0.5,0.7869,0,,,,,,,,,,,,,,,,,,,,,0,,,,,,,,,,,,,,,,,,,,,0,,,,,,,,,,,,,,,,,,,,,0,,,,,,,,,,,,,,,,,,,,,,,,,,,,,,,,,,,,,,,,,
3058254,Christian Wood,FA,PF,PF,FREEAGENT,0,ACTIVE,0.08,0,0.06,140.0,,,0,False,0,,,,,,,,,,,,,,,,,,,,,0,,,,,,,,,,,,,,,,,,,,,0,,,,,,,,,,,,,,,,,,,,,0,,,,,,,,,,,,,,,,,,,,,0,,,,,,,,,,,,,,,,,,,,,,,,,,,,,,,,,,,,,,,,,
2527926,Patric Young,NOP,C,C,FREEAGENT,0,ACTIVE,0.08,0.01,0.06,139.9,,,0,False,0,,,,,,,,,,,,,,,,,,,,,0,,,,,,,,,,,,,,,,,,,,,0,,,,,,,,,,,,,,,,,,,,,0,,,,,,,,,,,,,,,,,,,,,0,,,,,,,,,,,,,,,,,,,,,,,,,,,,,,,,,,,,,,,,,
4701233,Craig Porter Jr.,CLE,PG,PG/SG,FREEAGENT,0,ACTIVE,0.08,0,0.03,140.0,,,0,False,64.0,,4.516,3.438,3.203,0.891,0.594,0.516,1.453,0.922,1.812,4.031,0.375,0.625,1.328,2.109,0.0,0.0,17.922,0.4496,0.6,0,,,,,,,,,,,,,,,,,,,,,0,,,,,,,,,,,,,,,,,,,,,0,,,,,,,,,,,,,,,,,,,,,0,,,,,,,,,,,,,,,,,,,,,,,,,,,,,,,,,,,,,,,,,
3442,DeAndre Jordan,NOP,C,C,FREEAGENT,0,ACTIVE,0.08,0,0.05,140.0,,,0,False,12.0,,4.417,6.333,0.917,0.333,0.833,0.0,0.0,0.75,1.75,2.667,0.917,1.417,2.167,4.167,0.0,0.0,16.5,0.6562,0.6471,0,,,,,,,,,,,,,,,,,,,,,0,,,,,,,,,,,,,,,,,,,,,0,,,,,,,,,,,,,,,,,,,,,0,,,,,,,,,,,,,,,,,,,,,,,,,,,,,,,,,,,,,,,,,
4838721,Tyler Nickel,NYK,SF,SF,FREEAGENT,0,ACTIVE,0.08,-0.01,0.02,140.0,,,0,False,,,,,,,,,,,,,,,,,,,,,,0,,,,,,,,,,,,,,,,,,,,,0,,,,,,,,,,,,,,,,,,,,,0,,,,,,,,,,,,,,,,,,,,,0,,,,,,,,,,,,,,,,,,,,,,,,,,,,,,,,,,,,,,,,,
2531367,Dwight Powell,DAL,C,C,FREEAGENT,0,ACTIVE,0.07,0,0.04,140.0,352,0,0,False,63.0,,3.333,4.079,1.079,0.54,0.333,0.032,0.111,0.651,1.032,1.603,1.238,1.778,1.524,2.556,0.048,0.0,14.381,0.6436,0.6964,0,,,,,,,,,,,,,,,,,,,,,0,,,,,,,,,,,,,,,,,,,,,0,,,,,,,,,,,,,,,,,,,,,0,,,,,,,,,,,,,,,,,,,,,,,,,,,,,,,,,,,,,,,,,
4432735,Dariq Whitehead,FA,SF,SF,FREEAGENT,0,ACTIVE,0.07,-0.01,0.03,140.0,358,0,0,False,6.0,,16.333,4.0,1.5,0.667,0.0,3.167,10.0,1.667,6.167,15.5,0.833,1.167,0.333,3.667,0.0,0.0,30.5,0.3978,0.7143,0,,,,,,,,,,,,,,,,,,,,,0,,,,,,,,,,,,,,,,,,,,,0,,,,,,,,,,,,,,,,,,,,,0,,,,,,,,,,,,,,,,,,,,,,,,,,,,,,,,,,,,,,,,,
4432813,Jeremiah Robinson-Earl,DAL,PF,PF,FREEAGENT,0,ACTIVE,0.07,0,0.03,140.0,361,0,0,False,22.0,,4.591,4.682,0.682,0.409,0.045,0.455,1.864,0.545,1.682,4.545,0.773,0.818,1.636,3.045,0.0,0.0,16.455,0.37,0.9444,0,,,,,,,,,,,,,,,,,,,,,0,,,,,,,,,,,,,,,,,,,,,0,,,,,,,,,,,,,,,,,,,,,0,,,,,,,,,,,,,,,,,,,,,,,,,,,,,,,,,,,,,,,,,
3416,Nicolas Batum,FA,PF,PF,FREEAGENT,0,ACTIVE,0.07,-0.01,0.04,140.0,381,0,0,False,74.0,,3.959,2.486,0.865,0.635,0.311,1.243,3.081,0.5,1.297,3.216,0.122,0.149,0.311,2.176,0.0,0.0,17.459,0.4034,0.8182,0,,,,,,,,,,,,,,,,,,,,,0,,,,,,,,,,,,,,,,,,,,,0,,,,,,,,,,,,,,,,,,,,,0,,,,,,,,,,,,,,,,,,,,,,,,,,,,,,,,,,,,,,,,,
4683686,Nick Smith Jr.,FA,SG,SG,FREEAGENT,0,ACTIVE,0.07,-0.01,0.03,140.0,398,0,0,False,30.0,,6.167,0.767,1.033,0.3,0.067,1.133,2.867,0.7,2.333,5.367,0.367,0.5,0.1,0.667,0.0,0.0,12.5,0.4348,0.7333,0,,,,,,,,,,,,,,,,,,,,,0,,,,,,,,,,,,,,,,,,,,,0,,,,,,,,,,,,,,,,,,,,,0,,,,,,,,,,,,,,,,,,,,,,,,,,,,,,,,,,,,,,,,,
4277871,Moses Wright,DAL,PF,PF,FREEAGENT,0,ACTIVE,0.07,0,0.06,139.9,,,0,False,0,,,,,,,,,,,,,,,,,,,,,0,,,,,,,,,,,,,,,,,,,,,0,,,,,,,,,,,,,,,,,,,,,0,,,,,,,,,,,,,,,,,,,,,0,,,,,,,,,,,,,,,,,,,,,,,,,,,,,,,,,,,,,,,,,
5170947,AJ Johnson,NOP,SG,SG,FREEAGENT,0,ACTIVE,0.07,0,0.03,140.0,,,0,False,48.0,,3.333,1.146,0.979,0.229,0.062,0.25,1.188,0.625,1.188,3.667,0.708,0.833,0.292,0.854,0.0,0.0,9.479,0.3239,0.85,0,,,,,,,,,,,,,,,,,,,,,0,,,,,,,,,,,,,,,,,,,,,0,,,,,,,,,,,,,,,,,,,,,0,,,,,,,,,,,,,,,,,,,,,,,,,,,,,,,,,,,,,,,,,
5105337,Maliq Brown,SAS,SF,SF/PF,FREEAGENT,0,ACTIVE,0.07,0,0.03,140.0,,,0,False,,,,,,,,,,,,,,,,,,,,,,0,,,,,,,,,,,,,,,,,,,,,0,,,,,,,,,,,,,,,,,,,,,0,,,,,,,,,,,,,,,,,,,,,0,,,,,,,,,,,,,,,,,,,,,,,,,,,,,,,,,,,,,,,,,
4683742,Julian Reese,NOP,PF,PF,ONTEAM,5,ACTIVE,0.07,0,0.02,140.0,,,0,False,13.0,,11.846,10.538,1.846,1.385,0.615,0.0,0.0,2.462,4.846,9.154,2.154,3.385,4.231,6.308,0.385,0.0,30.923,0.5294,0.6364,0,,,,,,,,,,,,,,,,,,,,,0,,,,,,,,,,,,,,,,,,,,,0,,,,,,,,,,,,,,,,,,,,,0,,,,,,,,,,,,,,,,,,,,,,,,,,,,,,,,,,,,,,,,,
4397071,Mac McClung,FA,SG,SG,FREEAGENT,0,ACTIVE,0.07,0.01,0.04,139.9,,,0,False,11.0,,6.091,0.909,0.909,1.0,0.273,0.636,2.727,0.818,2.091,5.364,1.273,1.636,0.182,0.727,0.0,0.0,12.273,0.3898,0.7778,0,,,,,,,,,,,,,,,,,,,,,0,,,,,,,,,,,,,,,,,,,,,0,,,,,,,,,,,,,,,,,,,,,0,,,,,,,,,,,,,,,,,,,,,,,,,,,,,,,,,,,,,,,,,
4376,Boban Marjanovic,FA,C,C,FREEAGENT,0,ACTIVE,0.07,0,0.05,140.0,,,0,False,0,,,,,,,,,,,,,,,,,,,,,0,,,,,,,,,,,,,,,,,,,,,0,,,,,,,,,,,,,,,,,,,,,0,,,,,,,,,,,,,,,,,,,,,0,,,,,,,,,,,,,,,,,,,,,,,,,,,,,,,,,,,,,,,,,
5214637,Noah Penda,ORL,PF,PF,FREEAGENT,0,DAY_TO_DAY,0.07,0,0.02,140.0,,,0,False,59.0,,3.847,3.169,1.186,0.508,0.305,0.508,1.576,0.712,1.39,3.441,0.559,0.814,1.136,2.034,0.034,0.0,12.898,0.4039,0.6875,0,,,,,,,,,,,,,,,,,,,,,0,,,,,,,,,,,,,,,,,,,,,0,,,,,,,,,,,,,,,,,,,,,0,,,,,,,,,,,,,,,,,,,,,,,,,,,,,,,,,,,,,,,,,
4432737,Jaden Bradley,TOR,PG,PG,FREEAGENT,0,ACTIVE,0.07,0,0.03,140.0,,,0,False,,,,,,,,,,,,,,,,,,,,,,0,,,,,,,,,,,,,,,,,,,,,0,,,,,,,,,,,,,,,,,,,,,0,,,,,,,,,,,,,,,,,,,,,0,,,,,,,,,,,,,,,,,,,,,,,,,,,,,,,,,,,,,,,,,
4592427,Spencer Jones,DEN,SF,SF/PF,FREEAGENT,0,DAY_TO_DAY,0.07,0,0.03,140.0,,,0,False,64.0,,5.5,3.266,0.797,0.812,0.453,0.891,2.25,0.484,2.062,4.094,0.484,0.797,1.172,2.094,0.016,0.0,22.156,0.5038,0.6078,0,,,,,,,,,,,,,,,,,,,,,0,,,,,,,,,,,,,,,,,,,,,0,,,,,,,,,,,,,,,,,,,,,0,,,,,,,,,,,,,,,,,,,,,,,,,,,,,,,,,,,,,,,,,
3033,P.J. Tucker,FA,PF,PF,FREEAGENT,0,ACTIVE,0.07,0,0.04,140.0,,,0,False,0,,,,,,,,,,,,,,,,,,,,,0,,,,,,,,,,,,,,,,,,,,,0,,,,,,,,,,,,,,,,,,,,,0,,,,,,,,,,,,,,,,,,,,,0,,,,,,,,,,,,,,,,,,,,,,,,,,,,,,,,,,,,,,,,,
4432190,Andre Jackson Jr.,TOR,SG,SG,FREEAGENT,0,ACTIVE,0.06,-0.01,0.02,140.0,355,0,0,False,48.0,,2.354,1.5,0.896,0.396,0.083,0.312,1.25,0.646,0.812,2.479,0.417,0.667,0.521,0.979,0.0,0.0,8.458,0.3277,0.625,0,,,,,,,,,,,,,,,,,,,,,0,,,,,,,,,,,,,,,,,,,,,0,,,,,,,,,,,,,,,,,,,,,0,,,,,,,,,,,,,,,,,,,,,,,,,,,,,,,,,,,,,,,,,
3064230,Cameron Payne,FA,PG,PG,FREEAGENT,0,DAY_TO_DAY,0.06,-0.01,0.02,140.0,356,0,0,False,22.0,,7.409,2.0,2.636,1.091,0.318,1.455,4.409,0.5,2.545,6.773,0.864,1.0,0.136,1.864,0.045,0.0,17.045,0.3758,0.8636,0,,,,,,,,,,,,,,,,,,,,,0,,,,,,,,,,,,,,,,,,,,,0,,,,,,,,,,,,,,,,,,,,,0,,,,,,,,,,,,,,,,,,,,,,,,,,,,,,,,,,,,,,,,,
4433159,Dalen Terry,GSW,SF,SF,FREEAGENT,0,ACTIVE,0.06,0,0.03,140.0,362,0,0,False,48.0,,3.667,1.792,1.375,0.604,0.312,0.5,1.375,0.542,1.417,3.229,0.333,0.625,0.542,1.25,0.0,0.0,11.458,0.4387,0.5333,0,,,,,,,,,,,,,,,,,,,,,0,,,,,,,,,,,,,,,,,,,,,0,,,,,,,,,,,,,,,,,,,,,0,,,,,,,,,,,,,,,,,,,,,,,,,,,,,,,,,,,,,,,,,
4277964,Xavier Tillman,FA,PF,PF,FREEAGENT,0,ACTIVE,0.06,0,0.03,140.0,365,0,0,False,30.0,,1.467,1.433,0.433,0.3,0.167,0.1,0.6,0.267,0.667,1.533,0.033,0.133,0.633,0.8,0.0,0.0,6.2,0.4348,0.25,0,,,,,,,,,,,,,,,,,,,,,0,,,,,,,,,,,,,,,,,,,,,0,,,,,,,,,,,,,,,,,,,,,0,,,,,,,,,,,,,,,,,,,,,,,,,,,,,,,,,,,,,,,,,
3032978,Dario Saric,DET,PF,PF,FREEAGENT,0,ACTIVE,0.06,-0.01,0.03,140.0,368,0,0,False,5.0,,1.0,1.2,0.4,0.0,0.0,0.2,0.6,0.4,0.2,1.2,0.4,0.4,0.2,1.0,0.0,0.0,8.0,0.1667,1.0,0,,,,,,,,,,,,,,,,,,,,,0,,,,,,,,,,,,,,,,,,,,,0,,,,,,,,,,,,,,,,,,,,,0,,,,,,,,,,,,,,,,,,,,,,,,,,,,,,,,,,,,,,,,,
2960236,Maxi Kleber,FA,PF,PF,FREEAGENT,0,ACTIVE,0.06,0,0.03,140.0,376,0,0,False,43.0,,2.0,1.953,0.628,0.419,0.256,0.14,0.605,0.395,0.767,1.698,0.326,0.605,0.837,1.116,0.0,0.0,10.698,0.4521,0.5385,0,,,,,,,,,,,,,,,,,,,,,0,,,,,,,,,,,,,,,,,,,,,0,,,,,,,,,,,,,,,,,,,,,0,,,,,,,,,,,,,,,,,,,,,,,,,,,,,,,,,,,,,,,,,
3059409,Nigel Hayes-Davis,FA,SF,SF,FREEAGENT,0,ACTIVE,0.06,0,0.03,140.0,385,0,0,False,27.0,,1.259,1.222,0.259,0.296,0.074,0.074,0.593,0.296,0.556,1.704,0.074,0.148,0.444,0.778,0.0,0.0,7.185,0.3261,0.5,0,,,,,,,,,,,,,,,,,,,,,0,,,,,,,,,,,,,,,,,,,,,0,,,,,,,,,,,,,,,,,,,,,0,,,,,,,,,,,,,,,,,,,,,,,,,,,,,,,,,,,,,,,,,
4023,Garrett Temple,TOR,SG,SG,FREEAGENT,0,ACTIVE,0.06,-0.01,0.03,140.0,386,0,0,False,22.0,,0.773,0.409,0.409,0.182,0.091,0.136,0.545,0.318,0.182,0.682,0.273,0.409,0.045,0.364,0.0,0.0,3.318,0.2667,0.6667,0,,,,,,,,,,,,,,,,,,,,,0,,,,,,,,,,,,,,,,,,,,,0,,,,,,,,,,,,,,,,,,,,,0,,,,,,,,,,,,,,,,,,,,,,,,,,,,,,,,,,,,,,,,,
2528693,Torrey Craig,FA,PF,PF,FREEAGENT,0,ACTIVE,0.06,-0.01,0.02,140.0,391,0,0,False,0,,,,,,,,,,,,,,,,,,,,,0,,,,,,,,,,,,,,,,,,,,,0,,,,,,,,,,,,,,,,,,,,,0,,,,,,,,,,,,,,,,,,,,,0,,,,,,,,,,,,,,,,,,,,,,,,,,,,,,,,,,,,,,,,,
4683736,Kobe Bufkin,NOP,PG,PG,FREEAGENT,0,ACTIVE,0.06,-0.01,0.03,140.0,396,0,0,False,16.0,,2.875,0.812,0.625,0.125,0.188,0.312,1.625,0.312,0.938,3.125,0.688,0.75,0.062,0.75,0.0,0.0,7.438,0.3,0.9167,0,,,,,,,,,,,,,,,,,,,,,0,,,,,,,,,,,,,,,,,,,,,0,,,,,,,,,,,,,,,,,,,,,0,,,,,,,,,,,,,,,,,,,,,,,,,,,,,,,,,,,,,,,,,
4397885,Dalano Banton,FA,PG,PG,FREEAGENT,0,ACTIVE,0.06,-0.01,0.03,140.0,406,0,0,False,6.0,,2.0,0.833,1.833,0.333,0.833,0.0,0.167,1.333,0.667,2.0,0.667,0.667,0.333,0.5,0.0,0.0,10.333,0.3333,1.0,0,,,,,,,,,,,,,,,,,,,,,0,,,,,,,,,,,,,,,,,,,,,0,,,,,,,,,,,,,,,,,,,,,0,,,,,,,,,,,,,,,,,,,,,,,,,,,,,,,,,,,,,,,,,
3892894,Zhou Qi,HOU,C,C,FREEAGENT,0,ACTIVE,0.06,0,0.02,140.0,,,0,False,0,,,,,,,,,,,,,,,,,,,,,0,,,,,,,,,,,,,,,,,,,,,0,,,,,,,,,,,,,,,,,,,,,0,,,,,,,,,,,,,,,,,,,,,0,,,,,,,,,,,,,,,,,,,,,,,,,,,,,,,,,,,,,,,,,
3986,Taj Gibson,FA,PF,PF,FREEAGENT,0,ACTIVE,0.06,0,0.04,140.0,,,0,False,10.0,,3.4,2.7,0.6,0.2,0.1,0.3,0.6,0.1,1.2,2.6,0.7,0.8,1.1,1.6,0.0,0.0,9.7,0.4615,0.875,0,,,,,,,,,,,,,,,,,,,,,0,,,,,,,,,,,,,,,,,,,,,0,,,,,,,,,,,,,,,,,,,,,0,,,,,,,,,,,,,,,,,,,,,,,,,,,,,,,,,,,,,,,,,
5106268,Nae'Qwan Tomlin,CLE,PF,PF,FREEAGENT,0,ACTIVE,0.06,0,0.03,140.0,,,0,False,64.0,,5.844,2.906,0.828,0.641,0.531,0.422,1.797,0.453,2.344,4.906,0.734,0.953,1.344,1.562,0.0,0.0,15.734,0.4777,0.7705,0,,,,,,,,,,,,,,,,,,,,,0,,,,,,,,,,,,,,,,,,,,,0,,,,,,,,,,,,,,,,,,,,,0,,,,,,,,,,,,,,,,,,,,,,,,,,,,,,,,,,,,,,,,,
5106283,Dillon Mitchell,BOS,SF,SF,FREEAGENT,0,ACTIVE,0.06,0,0.02,140.0,,,0,False,,,,,,,,,,,,,,,,,,,,,,0,,,,,,,,,,,,,,,,,,,,,0,,,,,,,,,,,,,,,,,,,,,0,,,,,,,,,,,,,,,,,,,,,0,,,,,,,,,,,,,,,,,,,,,,,,,,,,,,,,,,,,,,,,,
2488977,Jamil Wilson,LAC,PF,PF,FREEAGENT,0,ACTIVE,0.06,0,0.04,139.9,,,0,False,0,,,,,,,,,,,,,,,,,,,,,0,,,,,,,,,,,,,,,,,,,,,0,,,,,,,,,,,,,,,,,,,,,0,,,,,,,,,,,,,,,,,,,,,0,,,,,,,,,,,,,,,,,,,,,,,,,,,,,,,,,,,,,,,,,
4066399,Micah Potter,POR,C,C,FREEAGENT,0,ACTIVE,0.06,0,0.03,140.0,,,0,False,47.0,,9.745,4.957,1.468,0.468,0.319,1.511,3.574,1.0,3.213,6.234,1.809,2.149,1.234,3.723,0.149,0.0,19.298,0.5154,0.8416,0,,,,,,,,,,,,,,,,,,,,,0,,,,,,,,,,,,,,,,,,,,,0,,,,,,,,,,,,,,,,,,,,,0,,,,,,,,,,,,,,,,,,,,,,,,,,,,,,,,,,,,,,,,,
2596112,Javonte Green,DET,SF,SF,FREEAGENT,0,ACTIVE,0.06,0.01,0.03,140.0,,,0,False,82.0,,6.939,2.805,0.683,1.244,0.305,1.146,3.012,0.549,2.256,5.049,1.28,1.524,0.756,2.049,0.012,0.0,17.622,0.4469,0.84,0,,,,,,,,,,,,,,,,,,,,,0,,,,,,,,,,,,,,,,,,,,,0,,,,,,,,,,,,,,,,,,,,,0,,,,,,,,,,,,,,,,,,,,,,,,,,,,,,,,,,,,,,,,,
3064447,Delon Wright,FA,PG,PG,FREEAGENT,0,ACTIVE,0.05,-0.01,0.03,140.0,357,0,0,False,0,,,,,,,,,,,,,,,,,,,,,0,,,,,,,,,,,,,,,,,,,,,0,,,,,,,,,,,,,,,,,,,,,0,,,,,,,,,,,,,,,,,,,,,0,,,,,,,,,,,,,,,,,,,,,,,,,,,,,,,,,,,,,,,,,
2993370,Richaun Holmes,FA,C,C,FREEAGENT,0,ACTIVE,0.05,0,0.03,140.0,380,0,0,False,0,,,,,,,,,,,,,,,,,,,,,0,,,,,,,,,,,,,,,,,,,,,0,,,,,,,,,,,,,,,,,,,,,0,,,,,,,,,,,,,,,,,,,,,0,,,,,,,,,,,,,,,,,,,,,,,,,,,,,,,,,,,,,,,,,
3431,Eric Gordon,FA,SG,SG,FREEAGENT,0,ACTIVE,0.05,-0.01,0.02,140.0,382,0,0,False,6.0,,5.5,0.333,0.5,0.667,0.167,1.333,2.333,0.5,2.0,3.5,0.167,0.333,0.167,0.167,0.0,0.0,12.333,0.5714,0.5,0,,,,,,,,,,,,,,,,,,,,,0,,,,,,,,,,,,,,,,,,,,,0,,,,,,,,,,,,,,,,,,,,,0,,,,,,,,,,,,,,,,,,,,,,,,,,,,,,,,,,,,,,,,,
3102528,Dante Exum,FA,SG,SG,FREEAGENT,0,DAY_TO_DAY,0.05,0,0.03,140.0,395,0,0,False,0,,,,,,,,,,,,,,,,,,,,,0,,,,,,,,,,,,,,,,,,,,,0,,,,,,,,,,,,,,,,,,,,,0,,,,,,,,,,,,,,,,,,,,,0,,,,,,,,,,,,,,,,,,,,,,,,,,,,,,,,,,,,,,,,,
3914285,Drew Eubanks,NYK,C,C,FREEAGENT,0,DAY_TO_DAY,0.05,-0.01,0.02,140.0,405,0,0,False,42.0,,5.214,3.024,0.452,0.357,0.619,0.024,0.167,0.714,2.214,3.714,0.762,1.357,0.929,2.095,0.024,0.0,13.19,0.5962,0.5614,0,,,,,,,,,,,,,,,,,,,,,0,,,,,,,,,,,,,,,,,,,,,0,,,,,,,,,,,,,,,,,,,,,0,,,,,,,,,,,,,,,,,,,,,,,,,,,,,,,,,,,,,,,,,
3915195,Shake Milton,LAL,SG,SG,FREEAGENT,0,ACTIVE,0.05,0,0.03,140.0,,,0,False,0,,,,,,,,,,,,,,,,,,,,,0,,,,,,,,,,,,,,,,,,,,,0,,,,,,,,,,,,,,,,,,,,,0,,,,,,,,,,,,,,,,,,,,,0,,,,,,,,,,,,,,,,,,,,,,,,,,,,,,,,,,,,,,,,,
5148538,Tarik Biberovic,DAL,PF,PF,FREEAGENT,0,ACTIVE,0.05,0,0.01,140.0,,,0,False,0,,,,,,,,,,,,,,,,,,,,,0,,,,,,,,,,,,,,,,,,,,,0,,,,,,,,,,,,,,,,,,,,,0,,,,,,,,,,,,,,,,,,,,,0,,,,,,,,,,,,,,,,,,,,,,,,,,,,,,,,,,,,,,,,,
4431727,Isaiah Wong,FA,PG,PG,FREEAGENT,0,ACTIVE,0.05,0,0.04,140.0,,,0,False,0,,,,,,,,,,,,,,,,,,,,,0,,,,,,,,,,,,,,,,,,,,,0,,,,,,,,,,,,,,,,,,,,,0,,,,,,,,,,,,,,,,,,,,,0,,,,,,,,,,,,,,,,,,,,,,,,,,,,,,,,,,,,,,,,,
4431675,Trendon Watford,NOP,PF,SF/PF,FREEAGENT,0,ACTIVE,0.05,0,0.02,140.0,,,0,False,53.0,,6.528,3.283,2.491,0.302,0.415,0.189,0.943,1.208,2.604,5.057,1.132,1.453,0.717,2.566,0.019,0.019,16.302,0.5149,0.7792,0,,,,,,,,,,,,,,,,,,,,,0,,,,,,,,,,,,,,,,,,,,,0,,,,,,,,,,,,,,,,,,,,,0,,,,,,,,,,,,,,,,,,,,,,,,,,,,,,,,,,,,,,,,,
4431690,Zeke Nnaji,DEN,C,PF/C,FREEAGENT,0,ACTIVE,0.05,0,0.02,140.0,,,0,False,52.0,,3.654,2.615,0.558,0.327,0.462,0.269,1.038,0.519,1.365,2.904,0.654,0.846,0.635,1.981,0.038,0.0,12.058,0.4702,0.7727,0,,,,,,,,,,,,,,,,,,,,,0,,,,,,,,,,,,,,,,,,,,,0,,,,,,,,,,,,,,,,,,,,,0,,,,,,,,,,,,,,,,,,,,,,,,,,,,,,,,,,,,,,,,,
2594818,James Michael McAdoo,PHL,PF,PF,FREEAGENT,0,ACTIVE,0.05,0,0.03,140.0,,,0,False,0,,,,,,,,,,,,,,,,,,,,,0,,,,,,,,,,,,,,,,,,,,,0,,,,,,,,,,,,,,,,,,,,,0,,,,,,,,,,,,,,,,,,,,,0,,,,,,,,,,,,,,,,,,,,,,,,,,,,,,,,,,,,,,,,,
2531362,Anthony Brown,PHL,SF,SF,FREEAGENT,0,ACTIVE,0.05,0,0.02,140.0,,,0,False,0,,,,,,,,,,,,,,,,,,,,,0,,,,,,,,,,,,,,,,,,,,,0,,,,,,,,,,,,,,,,,,,,,0,,,,,,,,,,,,,,,,,,,,,0,,,,,,,,,,,,,,,,,,,,,,,,,,,,,,,,,,,,,,,,,
2184,Udonis Haslem,MIA,PF,PF,FREEAGENT,0,ACTIVE,0.05,-0.01,0.02,140.0,,,0,False,0,,,,,,,,,,,,,,,,,,,,,0,,,,,,,,,,,,,,,,,,,,,0,,,,,,,,,,,,,,,,,,,,,0,,,,,,,,,,,,,,,,,,,,,0,,,,,,,,,,,,,,,,,,,,,,,,,,,,,,,,,,,,,,,,,
4278507,McKinley Wright IV,DAL,PG,PG,FREEAGENT,0,ACTIVE,0.05,0,0.03,140.0,,,0,False,0,,,,,,,,,,,,,,,,,,,,,0,,,,,,,,,,,,,,,,,,,,,0,,,,,,,,,,,,,,,,,,,,,0,,,,,,,,,,,,,,,,,,,,,0,,,,,,,,,,,,,,,,,,,,,,,,,,,,,,,,,,,,,,,,,
3133602,Svi Mykhailiuk,UTA,SG,SG,FREEAGENT,0,ACTIVE,0.05,0.01,0.01,140.0,,,0,False,50.0,,9.38,2.48,1.86,0.52,0.06,1.96,4.8,0.84,3.46,7.24,0.5,0.56,0.72,1.76,0.0,0.0,23.08,0.4779,0.8929,0,,,,,,,,,,,,,,,,,,,,,0,,,,,,,,,,,,,,,,,,,,,0,,,,,,,,,,,,,,,,,,,,,0,,,,,,,,,,,,,,,,,,,,,,,,,,,,,,,,,,,,,,,,,
6427,Bismack Biyombo,FA,C,C,FREEAGENT,0,ACTIVE,0.05,-0.01,0.03,140.0,,,0,False,25.0,,0.92,1.04,0.2,0.16,0.08,0.0,0.0,0.32,0.36,0.6,0.2,0.28,0.2,0.84,0.0,0.0,5.76,0.6,0.7143,0,,,,,,,,,,,,,,,,,,,,,0,,,,,,,,,,,,,,,,,,,,,0,,,,,,,,,,,,,,,,,,,,,0,,,,,,,,,,,,,,,,,,,,,,,,,,,,,,,,,,,,,,,,,
5106058,Emanuel Sharp,SAC,SG,SG,FREEAGENT,0,ACTIVE,0.05,0,0.02,140.0,,,0,False,,,,,,,,,,,,,,,,,,,,,,0,,,,,,,,,,,,,,,,,,,,,0,,,,,,,,,,,,,,,,,,,,,0,,,,,,,,,,,,,,,,,,,,,0,,,,,,,,,,,,,,,,,,,,,,,,,,,,,,,,,,,,,,,,,
4065663,Josh Okogie,UTA,SF,SF,FREEAGENT,0,ACTIVE,0.05,0,0.02,140.0,,,0,False,78.0,,4.526,2.564,0.885,0.808,0.205,0.795,2.064,0.526,1.603,3.769,0.526,0.885,1.038,1.526,0.013,0.0,17.436,0.4252,0.5942,0,,,,,,,,,,,,,,,,,,,,,0,,,,,,,,,,,,,,,,,,,,,0,,,,,,,,,,,,,,,,,,,,,0,,,,,,,,,,,,,,,,,,,,,,,,,,,,,,,,,,,,,,,,,
4997538,Karlo Matkovic,NOP,PF,PF,FREEAGENT,0,ACTIVE,0.05,0,0.02,140.0,,,0,False,62.0,,5.677,3.694,0.806,0.403,0.871,0.613,1.452,0.548,2.29,3.79,0.484,0.661,1.161,2.532,0.016,0.0,14.677,0.6043,0.7317,0,,,,,,,,,,,,,,,,,,,,,0,,,,,,,,,,,,,,,,,,,,,0,,,,,,,,,,,,,,,,,,,,,0,,,,,,,,,,,,,,,,,,,,,,,,,,,,,,,,,,,,,,,,,
4702745,Amari Williams,BOS,C,C,FREEAGENT,0,ACTIVE,0.05,0,0.02,140.0,,,0,False,22.0,,1.364,1.818,0.455,0.136,0.455,0.0,0.0,0.5,0.455,0.909,0.455,0.636,0.409,1.409,0.0,0.0,6.591,0.5,0.7143,0,,,,,,,,,,,,,,,,,,,,,0,,,,,,,,,,,,,,,,,,,,,0,,,,,,,,,,,,,,,,,,,,,0,,,,,,,,,,,,,,,,,,,,,,,,,,,,,,,,,,,,,,,,,
2491079,Nate Wolters,UTA,PG,PG,FREEAGENT,0,ACTIVE,0.05,0,0.03,140.0,,,0,False,0,,,,,,,,,,,,,,,,,,,,,0,,,,,,,,,,,,,,,,,,,,,0,,,,,,,,,,,,,,,,,,,,,0,,,,,,,,,,,,,,,,,,,,,0,,,,,,,,,,,,,,,,,,,,,,,,,,,,,,,,,,,,,,,,,
4397821,Nate Williams,FA,SG,SG,FREEAGENT,0,ACTIVE,0.05,0,0.03,140.0,,,0,False,14.0,,8.0,2.143,1.0,0.357,0.0,0.929,2.143,1.071,3.071,6.286,0.929,1.071,1.429,0.714,0.0,0.0,17.214,0.4886,0.8667,0,,,,,,,,,,,,,,,,,,,,,0,,,,,,,,,,,,,,,,,,,,,0,,,,,,,,,,,,,,,,,,,,,0,,,,,,,,,,,,,,,,,,,,,,,,,,,,,,,,,,,,,,,,,
2751,Monta Ellis,IND,SG,SG,FREEAGENT,0,ACTIVE,0.05,-0.01,0.02,140.0,,,0,False,0,,,,,,,,,,,,,,,,,,,,,0,,,,,,,,,,,,,,,,,,,,,0,,,,,,,,,,,,,,,,,,,,,0,,,,,,,,,,,,,,,,,,,,,0,,,,,,,,,,,,,,,,,,,,,,,,,,,,,,,,,,,,,,,,,
3079021,James Webb III,BKN,PF,PF,FREEAGENT,0,ACTIVE,0.05,0,0.02,140.0,,,0,False,0,,,,,,,,,,,,,,,,,,,,,0,,,,,,,,,,,,,,,,,,,,,0,,,,,,,,,,,,,,,,,,,,,0,,,,,,,,,,,,,,,,,,,,,0,,,,,,,,,,,,,,,,,,,,,,,,,,,,,,,,,,,,,,,,,
2325499,C.J. Williams,BKN,SF,SF,FREEAGENT,0,ACTIVE,0.05,0,0.03,140.0,,,0,False,0,,,,,,,,,,,,,,,,,,,,,0,,,,,,,,,,,,,,,,,,,,,0,,,,,,,,,,,,,,,,,,,,,0,,,,,,,,,,,,,,,,,,,,,0,,,,,,,,,,,,,,,,,,,,,,,,,,,,,,,,,,,,,,,,,
3055,J.J. Barea,DAL,PG,PG,FREEAGENT,0,ACTIVE,0.05,0,0.02,140.0,,,0,False,0,,,,,,,,,,,,,,,,,,,,,0,,,,,,,,,,,,,,,,,,,,,0,,,,,,,,,,,,,,,,,,,,,0,,,,,,,,,,,,,,,,,,,,,0,,,,,,,,,,,,,,,,,,,,,,,,,,,,,,,,,,,,,,,,,
4279318,Daeqwon Plowden,SAC,SG,SG,FREEAGENT,0,ACTIVE,0.05,0.01,0.02,140.0,,,0,False,32.0,,10.75,3.031,1.281,0.719,0.219,1.938,5.812,0.812,3.75,8.719,1.312,1.531,1.031,2.0,0.0,0.0,26.344,0.4301,0.8571,0,,,,,,,,,,,,,,,,,,,,,0,,,,,,,,,,,,,,,,,,,,,0,,,,,,,,,,,,,,,,,,,,,0,,,,,,,,,,,,,,,,,,,,,,,,,,,,,,,,,,,,,,,,,
4433623,Caleb Houstan,NOP,SF,SF,FREEAGENT,0,ACTIVE,0.04,0,0.02,140.0,366,0,0,False,18.0,,2.333,0.611,0.222,0.111,0.056,0.611,1.167,0.222,0.778,1.444,0.167,0.167,0.278,0.333,0.0,0.0,4.167,0.5385,1.0,0,,,,,,,,,,,,,,,,,,,,,0,,,,,,,,,,,,,,,,,,,,,0,,,,,,,,,,,,,,,,,,,,,0,,,,,,,,,,,,,,,,,,,,,,,,,,,,,,,,,,,,,,,,,
4565201,Malaki Branham,ORL,SG,SG,FREEAGENT,0,ACTIVE,0.04,-0.01,0.02,140.0,370,0,0,False,28.0,,4.571,1.571,0.821,0.357,0.107,0.5,1.321,0.536,1.536,3.25,1.0,1.214,0.429,1.143,0.0,0.0,9.857,0.4725,0.8235,0,,,,,,,,,,,,,,,,,,,,,0,,,,,,,,,,,,,,,,,,,,,0,,,,,,,,,,,,,,,,,,,,,0,,,,,,,,,,,,,,,,,,,,,,,,,,,,,,,,,,,,,,,,,
3209,Jeff Green,FA,PF,PF,FREEAGENT,0,ACTIVE,0.04,-0.01,0.02,140.0,379,0,0,False,30.0,,2.233,0.833,0.267,0.067,0.067,0.4,1.467,0.133,0.833,2.267,0.167,0.167,0.233,0.6,0.0,0.0,5.867,0.3676,1.0,0,,,,,,,,,,,,,,,,,,,,,0,,,,,,,,,,,,,,,,,,,,,0,,,,,,,,,,,,,,,,,,,,,0,,,,,,,,,,,,,,,,,,,,,,,,,,,,,,,,,,,,,,,,,
3913180,Garrison Mathews,FA,SG,SG,FREEAGENT,0,ACTIVE,0.04,-0.01,0.02,140.0,393,0,0,False,15.0,,5.2,1.133,0.667,0.4,0.2,1.133,3.067,0.2,1.4,3.467,1.267,1.533,0.133,1.0,0.0,0.0,13.067,0.4038,0.8261,0,,,,,,,,,,,,,,,,,,,,,0,,,,,,,,,,,,,,,,,,,,,0,,,,,,,,,,,,,,,,,,,,,0,,,,,,,,,,,,,,,,,,,,,,,,,,,,,,,,,,,,,,,,,
3102532,Vasilije Micic,FA,PG,PG,FREEAGENT,0,ACTIVE,0.04,-0.01,0.02,140.0,394,0,0,False,0,,,,,,,,,,,,,,,,,,,,,0,,,,,,,,,,,,,,,,,,,,,0,,,,,,,,,,,,,,,,,,,,,0,,,,,,,,,,,,,,,,,,,,,0,,,,,,,,,,,,,,,,,,,,,,,,,,,,,,,,,,,,,,,,,
3922230,Aaron Holiday,FA,PG,PG,FREEAGENT,0,ACTIVE,0.04,0,0.03,140.0,401,0,0,False,57.0,,5.474,1.018,1.053,0.474,0.088,1.175,2.982,0.667,1.842,4.421,0.614,0.719,0.228,0.789,0.0,0.0,13.667,0.4167,0.8537,0,,,,,,,,,,,,,,,,,,,,,0,,,,,,,,,,,,,,,,,,,,,0,,,,,,,,,,,,,,,,,,,,,0,,,,,,,,,,,,,,,,,,,,,,,,,,,,,,,,,,,,,,,,,
2530751,Michael Cobbins,OKC,PF,PF,FREEAGENT,0,ACTIVE,0.04,0,0.02,140.0,,,0,False,0,,,,,,,,,,,,,,,,,,,,,0,,,,,,,,,,,,,,,,,,,,,0,,,,,,,,,,,,,,,,,,,,,0,,,,,,,,,,,,,,,,,,,,,0,,,,,,,,,,,,,,,,,,,,,,,,,,,,,,,,,,,,,,,,,
3999,James Johnson,IND,PF,PF,FREEAGENT,0,ACTIVE,0.04,0,0.03,140.0,,,0,False,0,,,,,,,,,,,,,,,,,,,,,0,,,,,,,,,,,,,,,,,,,,,0,,,,,,,,,,,,,,,,,,,,,0,,,,,,,,,,,,,,,,,,,,,0,,,,,,,,,,,,,,,,,,,,,,,,,,,,,,,,,,,,,,,,,
4004,Patty Mills,LAC,PG,PG,FREEAGENT,0,ACTIVE,0.04,-0.01,0.02,140.0,,,0,False,0,,,,,,,,,,,,,,,,,,,,,0,,,,,,,,,,,,,,,,,,,,,0,,,,,,,,,,,,,,,,,,,,,0,,,,,,,,,,,,,,,,,,,,,0,,,,,,,,,,,,,,,,,,,,,,,,,,,,,,,,,,,,,,,,,
4431893,Jamison Battle,TOR,SF,SF,FREEAGENT,0,DAY_TO_DAY,0.04,0,0.02,140.0,,,0,False,61.0,,3.148,1.459,0.393,0.115,0.049,0.574,1.393,0.311,1.213,2.377,0.148,0.23,0.328,1.131,0.0,0.0,8.508,0.5103,0.6429,0,,,,,,,,,,,,,,,,,,,,,0,,,,,,,,,,,,,,,,,,,,,0,,,,,,,,,,,,,,,,,,,,,0,,,,,,,,,,,,,,,,,,,,,,,,,,,,,,,,,,,,,,,,,
2594920,Greg Whittington,DEN,SF,SF,FREEAGENT,0,ACTIVE,0.04,0,0.02,140.0,,,0,False,0,,,,,,,,,,,,,,,,,,,,,0,,,,,,,,,,,,,,,,,,,,,0,,,,,,,,,,,,,,,,,,,,,0,,,,,,,,,,,,,,,,,,,,,0,,,,,,,,,,,,,,,,,,,,,,,,,,,,,,,,,,,,,,,,,
3078286,Troy Williams,SAC,SF,SF,FREEAGENT,0,ACTIVE,0.04,0,0.03,140.0,,,0,False,0,,,,,,,,,,,,,,,,,,,,,0,,,,,,,,,,,,,,,,,,,,,0,,,,,,,,,,,,,,,,,,,,,0,,,,,,,,,,,,,,,,,,,,,0,,,,,,,,,,,,,,,,,,,,,,,,,,,,,,,,,,,,,,,,,
4432180,Hunter Dickinson,FA,C,C,FREEAGENT,0,ACTIVE,0.04,0,0.02,140.0,,,0,False,5.0,,2.4,1.0,0.4,0.2,0.4,0.0,0.8,0.6,1.0,2.8,0.4,0.4,0.4,0.6,0.0,0.0,8.6,0.3571,1.0,0,,,,,,,,,,,,,,,,,,,,,0,,,,,,,,,,,,,,,,,,,,,0,,,,,,,,,,,,,,,,,,,,,0,,,,,,,,,,,,,,,,,,,,,,,,,,,,,,,,,,,,,,,,,
4684208,Brooks Barnhizer,OKC,SF,SF,FREEAGENT,0,ACTIVE,0.04,0,0.02,140.0,,,0,False,40.0,,1.7,1.95,0.55,0.275,0.125,0.175,0.6,0.25,0.675,1.775,0.175,0.25,0.475,1.475,0.0,0.0,8.725,0.3803,0.7,0,,,,,,,,,,,,,,,,,,,,,0,,,,,,,,,,,,,,,,,,,,,0,,,,,,,,,,,,,,,,,,,,,0,,,,,,,,,,,,,,,,,,,,,,,,,,,,,,,,,,,,,,,,,
4592216,Alondes Williams,WAS,SG,SG,FREEAGENT,0,ACTIVE,0.04,0,0.02,140.0,,,0,False,4.0,,11.0,6.25,3.0,0.75,0.75,1.25,3.5,1.25,4.0,6.5,1.75,2.0,1.25,5.0,0.25,0.0,25.0,0.6154,0.875,0,,,,,,,,,,,,,,,,,,,,,0,,,,,,,,,,,,,,,,,,,,,0,,,,,,,,,,,,,,,,,,,,,0,,,,,,,,,,,,,,,,,,,,,,,,,,,,,,,,,,,,,,,,,
2491063,Shayne Whittington,IND,C,C,FREEAGENT,0,ACTIVE,0.04,0,0.02,140.0,,,0,False,0,,,,,,,,,,,,,,,,,,,,,0,,,,,,,,,,,,,,,,,,,,,0,,,,,,,,,,,,,,,,,,,,,0,,,,,,,,,,,,,,,,,,,,,0,,,,,,,,,,,,,,,,,,,,,,,,,,,,,,,,,,,,,,,,,
4432646,Kennedy Chandler,PHO,PG,PG,FREEAGENT,0,ACTIVE,0.04,0,0.01,140.0,,,0,False,11.0,,15.0,3.364,6.727,1.0,0.182,1.364,3.455,2.091,5.545,12.455,2.545,3.909,0.545,2.818,0.091,0.0,32.182,0.4453,0.6512,0,,,,,,,,,,,,,,,,,,,,,0,,,,,,,,,,,,,,,,,,,,,0,,,,,,,,,,,,,,,,,,,,,0,,,,,,,,,,,,,,,,,,,,,,,,,,,,,,,,,,,,,,,,,
4700818,Vladislav Goldin,MIA,C,C,FREEAGENT,0,ACTIVE,0.04,0,0.02,140.0,,,0,False,9.0,,0.778,1.0,0.333,0.0,0.333,0.0,0.0,0.333,0.333,0.444,0.111,0.111,0.333,0.667,0.0,0.0,2.556,0.75,1.0,0,,,,,,,,,,,,,,,,,,,,,0,,,,,,,,,,,,,,,,,,,,,0,,,,,,,,,,,,,,,,,,,,,0,,,,,,,,,,,,,,,,,,,,,,,,,,,,,,,,,,,,,,,,,
3064528,Johnathan Williams,WAS,C,C,FREEAGENT,0,ACTIVE,0.04,0,0.02,140.0,,,0,False,0,,,,,,,,,,,,,,,,,,,,,0,,,,,,,,,,,,,,,,,,,,,0,,,,,,,,,,,,,,,,,,,,,0,,,,,,,,,,,,,,,,,,,,,0,,,,,,,,,,,,,,,,,,,,,,,,,,,,,,,,,,,,,,,,,
4700852,Chaz Lanier,DET,SG,SG,FREEAGENT,0,ACTIVE,0.04,0,0.02,140.0,,,0,False,34.0,,2.353,0.676,0.5,0.206,0.0,0.559,1.971,0.088,0.824,2.618,0.147,0.176,0.235,0.441,0.0,0.0,7.765,0.3146,0.8333,0,,,,,,,,,,,,,,,,,,,,,0,,,,,,,,,,,,,,,,,,,,,0,,,,,,,,,,,,,,,,,,,,,0,,,,,,,,,,,,,,,,,,,,,,,,,,,,,,,,,,,,,,,,,
4606840,Jamir Watkins,WAS,SG,SG,FREEAGENT,0,OUT,0.04,0,0.01,140.0,,,0,False,50.0,,7.36,3.88,1.34,1.08,0.5,0.94,3.16,0.8,2.64,5.92,1.14,1.64,0.98,2.9,0.0,0.0,20.6,0.4459,0.6951,0,,,,,,,,,,,,,,,,,,,,,0,,,,,,,,,,,,,,,,,,,,,0,,,,,,,,,,,,,,,,,,,,,0,,,,,,,,,,,,,,,,,,,,,,,,,,,,,,,,,,,,,,,,,
2579326,Alan Williams,BKN,PF,PF,FREEAGENT,0,ACTIVE,0.04,0,0.02,140.0,,,0,False,0,,,,,,,,,,,,,,,,,,,,,0,,,,,,,,,,,,,,,,,,,,,0,,,,,,,,,,,,,,,,,,,,,0,,,,,,,,,,,,,,,,,,,,,0,,,,,,,,,,,,,,,,,,,,,,,,,,,,,,,,,,,,,,,,,
2528096,Mike James,BKN,PG,PG,FREEAGENT,0,ACTIVE,0.04,0,0.03,140.0,,,0,False,0,,,,,,,,,,,,,,,,,,,,,0,,,,,,,,,,,,,,,,,,,,,0,,,,,,,,,,,,,,,,,,,,,0,,,,,,,,,,,,,,,,,,,,,0,,,,,,,,,,,,,,,,,,,,,,,,,,,,,,,,,,,,,,,,,
4432827,Oscar Tshiebwe,HOU,C,C,FREEAGENT,0,ACTIVE,0.04,0,0.01,140.0,,,0,False,27.0,,7.815,6.63,1.185,0.593,0.185,0.0,0.0,0.778,3.407,5.37,1.0,1.815,2.852,3.778,0.111,0.0,16.556,0.6345,0.551,0,,,,,,,,,,,,,,,,,,,,,0,,,,,,,,,,,,,,,,,,,,,0,,,,,,,,,,,,,,,,,,,,,0,,,,,,,,,,,,,,,,,,,,,,,,,,,,,,,,,,,,,,,,,
4701208,Moussa Cisse,DAL,C,C,FREEAGENT,0,ACTIVE,0.04,0,0.01,140.0,,,0,False,38.0,,4.474,5.684,0.237,0.5,1.184,0.0,0.0,0.789,1.737,3.026,1.0,2.132,2.342,3.342,0.053,0.0,13.947,0.5739,0.4691,0,,,,,,,,,,,,,,,,,,,,,0,,,,,,,,,,,,,,,,,,,,,0,,,,,,,,,,,,,,,,,,,,,0,,,,,,,,,,,,,,,,,,,,,,,,,,,,,,,,,,,,,,,,,
4592712,Boo Buie,FA,PG,PG,FREEAGENT,0,ACTIVE,0.04,0,0.02,140.0,,,0,False,0,,,,,,,,,,,,,,,,,,,,,0,,,,,,,,,,,,,,,,,,,,,0,,,,,,,,,,,,,,,,,,,,,0,,,,,,,,,,,,,,,,,,,,,0,,,,,,,,,,,,,,,,,,,,,,,,,,,,,,,,,,,,,,,,,
5108969,Lajae Jones,FA,SG,SG,FREEAGENT,0,ACTIVE,0.04,0,0.03,140.0,,,0,False,,,,,,,,,,,,,,,,,,,,,,0,,,,,,,,,,,,,,,,,,,,,0,,,,,,,,,,,,,,,,,,,,,0,,,,,,,,,,,,,,,,,,,,,0,,,,,,,,,,,,,,,,,,,,,,,,,,,,,,,,,,,,,,,,,
3276,Anthony Tolliver,NOP,PF,PF,FREEAGENT,0,ACTIVE,0.04,0,0.03,140.0,,,0,False,0,,,,,,,,,,,,,,,,,,,,,0,,,,,,,,,,,,,,,,,,,,,0,,,,,,,,,,,,,,,,,,,,,0,,,,,,,,,,,,,,,,,,,,,0,,,,,,,,,,,,,,,,,,,,,,,,,,,,,,,,,,,,,,,,,
2528473,Okaro White,WAS,PF,PF,FREEAGENT,0,ACTIVE,0.04,0,0.02,140.0,,,0,False,0,,,,,,,,,,,,,,,,,,,,,0,,,,,,,,,,,,,,,,,,,,,0,,,,,,,,,,,,,,,,,,,,,0,,,,,,,,,,,,,,,,,,,,,0,,,,,,,,,,,,,,,,,,,,,,,,,,,,,,,,,,,,,,,,,
4395620,Hunter Tyson,FA,SF,SF,FREEAGENT,0,ACTIVE,0.03,0,0.02,140.0,387,0,0,False,21.0,,2.19,1.714,0.81,0.095,0.048,0.333,1.571,0.238,0.667,2.476,0.524,0.619,0.19,1.524,0.0,0.0,7.714,0.2692,0.8462,0,,,,,,,,,,,,,,,,,,,,,0,,,,,,,,,,,,,,,,,,,,,0,,,,,,,,,,,,,,,,,,,,,0,,,,,,,,,,,,,,,,,,,,,,,,,,,,,,,,,,,,,,,,,
6429,Alec Burks,FA,SG,SG,FREEAGENT,0,ACTIVE,0.03,0,0.02,140.0,402,0,0,False,0,,,,,,,,,,,,,,,,,,,,,0,,,,,,,,,,,,,,,,,,,,,0,,,,,,,,,,,,,,,,,,,,,0,,,,,,,,,,,,,,,,,,,,,0,,,,,,,,,,,,,,,,,,,,,,,,,,,,,,,,,,,,,,,,,
2489785,Ian Clark,NOP,SG,SG,FREEAGENT,0,ACTIVE,0.03,0,0.01,140.0,,,0,False,0,,,,,,,,,,,,,,,,,,,,,0,,,,,,,,,,,,,,,,,,,,,0,,,,,,,,,,,,,,,,,,,,,0,,,,,,,,,,,,,,,,,,,,,0,,,,,,,,,,,,,,,,,,,,,,,,,,,,,,,,,,,,,,,,,
3059266,Cat Barber,ATL,PG,PG,FREEAGENT,0,ACTIVE,0.03,0,0.01,140.0,,,0,False,0,,,,,,,,,,,,,,,,,,,,,0,,,,,,,,,,,,,,,,,,,,,0,,,,,,,,,,,,,,,,,,,,,0,,,,,,,,,,,,,,,,,,,,,0,,,,,,,,,,,,,,,,,,,,,,,,,,,,,,,,,,,,,,,,,
4277880,Malik Williams,SAS,C,C,FREEAGENT,0,ACTIVE,0.03,0,0.02,140.0,,,0,False,0,,,,,,,,,,,,,,,,,,,,,0,,,,,,,,,,,,,,,,,,,,,0,,,,,,,,,,,,,,,,,,,,,0,,,,,,,,,,,,,,,,,,,,,0,,,,,,,,,,,,,,,,,,,,,,,,,,,,,,,,,,,,,,,,,
4277890,Lonnie Walker IV,DEN,SG,SG,FREEAGENT,0,ACTIVE,0.03,0,0.01,140.0,,,0,False,0,,,,,,,,,,,,,,,,,,,,,0,,,,,,,,,,,,,,,,,,,,,0,,,,,,,,,,,,,,,,,,,,,0,,,,,,,,,,,,,,,,,,,,,0,,,,,,,,,,,,,,,,,,,,,,,,,,,,,,,,,,,,,,,,,
2489897,Will Cherry,GSW,SG,SG,FREEAGENT,0,ACTIVE,0.03,0.01,0.01,140.0,,,0,False,0,,,,,,,,,,,,,,,,,,,,,0,,,,,,,,,,,,,,,,,,,,,0,,,,,,,,,,,,,,,,,,,,,0,,,,,,,,,,,,,,,,,,,,,0,,,,,,,,,,,,,,,,,,,,,,,,,,,,,,,,,,,,,,,,,
2993875,Shabazz Muhammad,MIL,SF,SF,FREEAGENT,0,ACTIVE,0.03,0,0.02,140.0,,,0,False,0,,,,,,,,,,,,,,,,,,,,,0,,,,,,,,,,,,,,,,,,,,,0,,,,,,,,,,,,,,,,,,,,,0,,,,,,,,,,,,,,,,,,,,,0,,,,,,,,,,,,,,,,,,,,,,,,,,,,,,,,,,,,,,,,,
4411057,Kevin McCullar Jr.,NYK,SF,SF,FREEAGENT,0,ACTIVE,0.03,0,0.02,140.0,,,0,False,21.0,,2.381,1.333,0.952,0.429,0.0,0.381,1.143,0.571,0.952,2.238,0.095,0.238,0.524,0.81,0.0,0.0,7.381,0.4255,0.4,0,,,,,,,,,,,,,,,,,,,,,0,,,,,,,,,,,,,,,,,,,,,0,,,,,,,,,,,,,,,,,,,,,0,,,,,,,,,,,,,,,,,,,,,,,,,,,,,,,,,,,,,,,,,
5037878,Ugonna Onyenso,DET,C,C,FREEAGENT,0,ACTIVE,0.03,-0.01,0.01,140.0,,,0,False,,,,,,,,,,,,,,,,,,,,,,0,,,,,,,,,,,,,,,,,,,,,0,,,,,,,,,,,,,,,,,,,,,0,,,,,,,,,,,,,,,,,,,,,0,,,,,,,,,,,,,,,,,,,,,,,,,,,,,,,,,,,,,,,,,
2328418,Scotty Hopson,OKC,SG,SG,FREEAGENT,0,ACTIVE,0.03,0,0.01,140.0,,,0,False,0,,,,,,,,,,,,,,,,,,,,,0,,,,,,,,,,,,,,,,,,,,,0,,,,,,,,,,,,,,,,,,,,,0,,,,,,,,,,,,,,,,,,,,,0,,,,,,,,,,,,,,,,,,,,,,,,,,,,,,,,,,,,,,,,,
5105626,Tyler Bilodeau,BKN,PF,PF,FREEAGENT,0,ACTIVE,0.03,0,0.01,140.0,,,0,False,,,,,,,,,,,,,,,,,,,,,,0,,,,,,,,,,,,,,,,,,,,,0,,,,,,,,,,,,,,,,,,,,,0,,,,,,,,,,,,,,,,,,,,,0,,,,,,,,,,,,,,,,,,,,,,,,,,,,,,,,,,,,,,,,,
4683749,TyTy Washington Jr.,FA,PG,PG,FREEAGENT,0,ACTIVE,0.03,0,0.02,140.0,,,0,False,16.0,,1.312,0.375,1.062,0.375,0.188,0.188,0.5,0.188,0.562,1.188,0.0,0.0,0.062,0.312,0.0,0.0,5.375,0.4737,0.0,0,,,,,,,,,,,,,,,,,,,,,0,,,,,,,,,,,,,,,,,,,,,0,,,,,,,,,,,,,,,,,,,,,0,,,,,,,,,,,,,,,,,,,,,,,,,,,,,,,,,,,,,,,,,
4032,Wesley Matthews,FA,SF,SF,FREEAGENT,0,ACTIVE,0.03,0,0.02,140.0,,,0,False,0,,,,,,,,,,,,,,,,,,,,,0,,,,,,,,,,,,,,,,,,,,,0,,,,,,,,,,,,,,,,,,,,,0,,,,,,,,,,,,,,,,,,,,,0,,,,,,,,,,,,,,,,,,,,,,,,,,,,,,,,,,,,,,,,,
4431772,Myron Gardner,MIA,SF,SF,FREEAGENT,0,ACTIVE,0.03,0,0.01,140.0,,,0,False,45.0,,3.622,2.711,0.978,0.444,0.178,0.578,1.422,0.378,1.311,2.733,0.422,0.578,0.867,1.844,0.022,0.0,9.156,0.4797,0.7308,0,,,,,,,,,,,,,,,,,,,,,0,,,,,,,,,,,,,,,,,,,,,0,,,,,,,,,,,,,,,,,,,,,0,,,,,,,,,,,,,,,,,,,,,,,,,,,,,,,,,,,,,,,,,
4431786,Keshad Johnson,MIA,PF,PF,FREEAGENT,0,OUT,0.03,0,0.01,140.0,,,0,False,32.0,,4.25,1.938,0.25,0.469,0.25,0.406,1.375,0.406,1.594,3.25,0.656,0.906,0.812,1.125,0.031,0.0,8.719,0.4904,0.7241,0,,,,,,,,,,,,,,,,,,,,,0,,,,,,,,,,,,,,,,,,,,,0,,,,,,,,,,,,,,,,,,,,,0,,,,,,,,,,,,,,,,,,,,,,,,,,,,,,,,,,,,,,,,,
4280245,Jamaree Bouyea,PHO,PG,PG,FREEAGENT,0,ACTIVE,0.03,0,0.01,140.0,,,0,False,46.0,,5.717,1.783,1.783,0.63,0.348,0.5,1.696,0.652,2.348,5.13,0.522,0.761,0.391,1.391,0.0,0.0,14.022,0.4576,0.6857,0,,,,,,,,,,,,,,,,,,,,,0,,,,,,,,,,,,,,,,,,,,,0,,,,,,,,,,,,,,,,,,,,,0,,,,,,,,,,,,,,,,,,,,,,,,,,,,,,,,,,,,,,,,,
4397179,Tyrese Martin,FA,SF,SF,FREEAGENT,0,ACTIVE,0.03,0,0.02,140.0,,,0,False,46.0,,6.304,2.522,1.696,0.543,0.13,1.152,3.587,0.87,2.37,6.022,0.413,0.609,0.739,1.783,0.0,0.0,16.848,0.3935,0.6786,0,,,,,,,,,,,,,,,,,,,,,0,,,,,,,,,,,,,,,,,,,,,0,,,,,,,,,,,,,,,,,,,,,0,,,,,,,,,,,,,,,,,,,,,,,,,,,,,,,,,,,,,,,,,
4702233,JT Thor,FA,PF,PF,FREEAGENT,0,ACTIVE,0.03,0,0.01,140.0,,,0,False,0,,,,,,,,,,,,,,,,,,,,,0,,,,,,,,,,,,,,,,,,,,,0,,,,,,,,,,,,,,,,,,,,,0,,,,,,,,,,,,,,,,,,,,,0,,,,,,,,,,,,,,,,,,,,,,,,,,,,,,,,,,,,,,,,,
4305,Ish Smith,FA,PG,PG,FREEAGENT,0,ACTIVE,0.03,-0.01,0.02,140.0,,,0,False,0,,,,,,,,,,,,,,,,,,,,,0,,,,,,,,,,,,,,,,,,,,,0,,,,,,,,,,,,,,,,,,,,,0,,,,,,,,,,,,,,,,,,,,,0,,,,,,,,,,,,,,,,,,,,,,,,,,,,,,,,,,,,,,,,,
3907822,Malik Beasley,FA,SG,SG,FREEAGENT,0,ACTIVE,0.03,0,0.02,140.0,,,0,False,0,,,,,,,,,,,,,,,,,,,,,0,,,,,,,,,,,,,,,,,,,,,0,,,,,,,,,,,,,,,,,,,,,0,,,,,,,,,,,,,,,,,,,,,0,,,,,,,,,,,,,,,,,,,,,,,,,,,,,,,,,,,,,,,,,
4341,Nicolo Melli,DAL,PF,PF,FREEAGENT,0,ACTIVE,0.03,-0.01,0.02,140.0,,,0,False,0,,,,,,,,,,,,,,,,,,,,,0,,,,,,,,,,,,,,,,,,,,,0,,,,,,,,,,,,,,,,,,,,,0,,,,,,,,,,,,,,,,,,,,,0,,,,,,,,,,,,,,,,,,,,,,,,,,,,,,,,,,,,,,,,,
5105841,Felix Okpara,WAS,PF,PF,FREEAGENT,0,ACTIVE,0.03,0,0.01,140.0,,,0,False,,,,,,,,,,,,,,,,,,,,,,0,,,,,,,,,,,,,,,,,,,,,0,,,,,,,,,,,,,,,,,,,,,0,,,,,,,,,,,,,,,,,,,,,0,,,,,,,,,,,,,,,,,,,,,,,,,,,,,,,,,,,,,,,,,
6474,Tristan Thompson,FA,C,C,FREEAGENT,0,ACTIVE,0.03,0,0.01,140.0,,,0,False,0,,,,,,,,,,,,,,,,,,,,,0,,,,,,,,,,,,,,,,,,,,,0,,,,,,,,,,,,,,,,,,,,,0,,,,,,,,,,,,,,,,,,,,,0,,,,,,,,,,,,,,,,,,,,,,,,,,,,,,,,,,,,,,,,,
3058030,Paul Watson,OKC,SG,SG,FREEAGENT,0,ACTIVE,0.03,0,0.01,140.0,,,0,False,0,,,,,,,,,,,,,,,,,,,,,0,,,,,,,,,,,,,,,,,,,,,0,,,,,,,,,,,,,,,,,,,,,0,,,,,,,,,,,,,,,,,,,,,0,,,,,,,,,,,,,,,,,,,,,,,,,,,,,,,,,,,,,,,,,
4065653,Jack White,FA,SF,SF,FREEAGENT,0,ACTIVE,0.03,0,0.02,140.0,,,0,False,0,,,,,,,,,,,,,,,,,,,,,0,,,,,,,,,,,,,,,,,,,,,0,,,,,,,,,,,,,,,,,,,,,0,,,,,,,,,,,,,,,,,,,,,0,,,,,,,,,,,,,,,,,,,,,,,,,,,,,,,,,,,,,,,,,
6507,Brad Wanamaker,WAS,PG,PG,FREEAGENT,0,ACTIVE,0.03,0,0.01,140.0,,,0,False,0,,,,,,,,,,,,,,,,,,,,,0,,,,,,,,,,,,,,,,,,,,,0,,,,,,,,,,,,,,,,,,,,,0,,,,,,,,,,,,,,,,,,,,,0,,,,,,,,,,,,,,,,,,,,,,,,,,,,,,,,,,,,,,,,,
2595175,Aaron White,WAS,SF,SF,FREEAGENT,0,ACTIVE,0.03,0,0.01,140.0,,,0,False,0,,,,,,,,,,,,,,,,,,,,,0,,,,,,,,,,,,,,,,,,,,,0,,,,,,,,,,,,,,,,,,,,,0,,,,,,,,,,,,,,,,,,,,,0,,,,,,,,,,,,,,,,,,,,,,,,,,,,,,,,,,,,,,,,,
2580913,Dewayne Dedmon,PHL,C,C,FREEAGENT,0,ACTIVE,0.03,0,0.02,140.0,,,0,False,0,,,,,,,,,,,,,,,,,,,,,0,,,,,,,,,,,,,,,,,,,,,0,,,,,,,,,,,,,,,,,,,,,0,,,,,,,,,,,,,,,,,,,,,0,,,,,,,,,,,,,,,,,,,,,,,,,,,,,,,,,,,,,,,,,
2982330,Brice Johnson,DET,PF,PF,FREEAGENT,0,ACTIVE,0.03,0,0.02,140.0,,,0,False,0,,,,,,,,,,,,,,,,,,,,,0,,,,,,,,,,,,,,,,,,,,,0,,,,,,,,,,,,,,,,,,,,,0,,,,,,,,,,,,,,,,,,,,,0,,,,,,,,,,,,,,,,,,,,,,,,,,,,,,,,,,,,,,,,,
3133874,Jaylen Adams,MIL,PG,PG,FREEAGENT,0,ACTIVE,0.03,0,0.01,140.0,,,0,False,0,,,,,,,,,,,,,,,,,,,,,0,,,,,,,,,,,,,,,,,,,,,0,,,,,,,,,,,,,,,,,,,,,0,,,,,,,,,,,,,,,,,,,,,0,,,,,,,,,,,,,,,,,,,,,,,,,,,,,,,,,,,,,,,,,
3138120,Mindaugas Kuzminskas,NYK,PF,PF,FREEAGENT,0,ACTIVE,0.03,0,0.01,140.0,,,0,False,0,,,,,,,,,,,,,,,,,,,,,0,,,,,,,,,,,,,,,,,,,,,0,,,,,,,,,,,,,,,,,,,,,0,,,,,,,,,,,,,,,,,,,,,0,,,,,,,,,,,,,,,,,,,,,,,,,,,,,,,,,,,,,,,,,
4395623,Trey Jemison III,TOR,C,C,FREEAGENT,0,ACTIVE,0.03,0,0.01,140.0,,,0,False,13.0,,1.0,1.385,0.385,0.077,0.154,0.0,0.0,0.769,0.462,0.769,0.077,0.077,0.615,0.769,0.0,0.0,6.308,0.6,1.0,0,,,,,,,,,,,,,,,,,,,,,0,,,,,,,,,,,,,,,,,,,,,0,,,,,,,,,,,,,,,,,,,,,0,,,,,,,,,,,,,,,,,,,,,,,,,,,,,,,,,,,,,,,,,
4397689,Drew Peterson,CHI,SF,SF,FREEAGENT,0,ACTIVE,0.03,0,0.02,140.0,,,0,False,6.0,,0.833,1.5,0.333,0.5,0.167,0.0,2.0,0.0,0.333,2.667,0.167,0.333,0.5,1.0,0.0,0.0,10.833,0.125,0.5,0,,,,,,,,,,,,,,,,,,,,,0,,,,,,,,,,,,,,,,,,,,,0,,,,,,,,,,,,,,,,,,,,,0,,,,,,,,,,,,,,,,,,,,,,,,,,,,,,,,,,,,,,,,,
2488945,Tim Frazier,CLE,PG,PG,FREEAGENT,0,ACTIVE,0.03,0,0.01,140.0,,,0,False,0,,,,,,,,,,,,,,,,,,,,,0,,,,,,,,,,,,,,,,,,,,,0,,,,,,,,,,,,,,,,,,,,,0,,,,,,,,,,,,,,,,,,,,,0,,,,,,,,,,,,,,,,,,,,,,,,,,,,,,,,,,,,,,,,,
3113587,Cristiano Felicio,CHI,C,C,FREEAGENT,0,ACTIVE,0.03,0,0.01,140.0,,,0,False,0,,,,,,,,,,,,,,,,,,,,,0,,,,,,,,,,,,,,,,,,,,,0,,,,,,,,,,,,,,,,,,,,,0,,,,,,,,,,,,,,,,,,,,,0,,,,,,,,,,,,,,,,,,,,,,,,,,,,,,,,,,,,,,,,,
3902067,Satnam Singh Bhamara,DAL,C,C,FREEAGENT,0,ACTIVE,0.03,0,0.01,140.0,,,0,False,0,,,,,,,,,,,,,,,,,,,,,0,,,,,,,,,,,,,,,,,,,,,0,,,,,,,,,,,,,,,,,,,,,0,,,,,,,,,,,,,,,,,,,,,0,,,,,,,,,,,,,,,,,,,,,,,,,,,,,,,,,,,,,,,,,
3056273,Derrick Walton Jr.,DET,PG,PG,FREEAGENT,0,ACTIVE,0.03,0,0.02,140.0,,,0,False,0,,,,,,,,,,,,,,,,,,,,,0,,,,,,,,,,,,,,,,,,,,,0,,,,,,,,,,,,,,,,,,,,,0,,,,,,,,,,,,,,,,,,,,,0,,,,,,,,,,,,,,,,,,,,,,,,,,,,,,,,,,,,,,,,,
3138256,DeVaughn Akoon-Purcell,OKC,SG,SG,FREEAGENT,0,ACTIVE,0.03,0,0.02,140.0,,,0,False,0,,,,,,,,,,,,,,,,,,,,,0,,,,,,,,,,,,,,,,,,,,,0,,,,,,,,,,,,,,,,,,,,,0,,,,,,,,,,,,,,,,,,,,,0,,,,,,,,,,,,,,,,,,,,,,,,,,,,,,,,,,,,,,,,,
4565698,Bryce Hopkins,DEN,SF,SF,FREEAGENT,0,ACTIVE,0.03,0,0,140.0,,,0,False,,,,,,,,,,,,,,,,,,,,,,0,,,,,,,,,,,,,,,,,,,,,0,,,,,,,,,,,,,,,,,,,,,0,,,,,,,,,,,,,,,,,,,,,0,,,,,,,,,,,,,,,,,,,,,,,,,,,,,,,,,,,,,,,,,
4576086,Bryce McGowens,NOP,SG,SG,FREEAGENT,0,DAY_TO_DAY,0.03,0,0.01,140.0,,,0,False,42.0,,8.095,2.095,1.476,0.643,0.214,0.905,2.214,0.405,2.714,5.643,1.762,2.262,0.286,1.81,0.0,0.0,20.976,0.481,0.7789,0,,,,,,,,,,,,,,,,,,,,,0,,,,,,,,,,,,,,,,,,,,,0,,,,,,,,,,,,,,,,,,,,,0,,,,,,,,,,,,,,,,,,,,,,,,,,,,,,,,,,,,,,,,,
5214989,Bogoljub Markovic,MIL,PF,PF,FREEAGENT,0,ACTIVE,0.03,0,0.01,140.0,,,0,False,0,,,,,,,,,,,,,,,,,,,,,0,,,,,,,,,,,,,,,,,,,,,0,,,,,,,,,,,,,,,,,,,,,0,,,,,,,,,,,,,,,,,,,,,0,,,,,,,,,,,,,,,,,,,,,,,,,,,,,,,,,,,,,,,,,
2995079,Jacob Wiley,BKN,SF,SF,FREEAGENT,0,ACTIVE,0.03,0,0.02,140.0,,,0,False,0,,,,,,,,,,,,,,,,,,,,,0,,,,,,,,,,,,,,,,,,,,,0,,,,,,,,,,,,,,,,,,,,,0,,,,,,,,,,,,,,,,,,,,,0,,,,,,,,,,,,,,,,,,,,,,,,,,,,,,,,,,,,,,,,,
2990972,Andrew White III,NYK,SG,SG,FREEAGENT,0,ACTIVE,0.03,0,0.02,140.0,,,0,False,0,,,,,,,,,,,,,,,,,,,,,0,,,,,,,,,,,,,,,,,,,,,0,,,,,,,,,,,,,,,,,,,,,0,,,,,,,,,,,,,,,,,,,,,0,,,,,,,,,,,,,,,,,,,,,,,,,,,,,,,,,,,,,,,,,
4432815,Isaiah Mobley,PHL,PF,PF,FREEAGENT,0,ACTIVE,0.03,0,0.01,140.0,,,0,False,0,,,,,,,,,,,,,,,,,,,,,0,,,,,,,,,,,,,,,,,,,,,0,,,,,,,,,,,,,,,,,,,,,0,,,,,,,,,,,,,,,,,,,,,0,,,,,,,,,,,,,,,,,,,,,,,,,,,,,,,,,,,,,,,,,
4066268,Duop Reath,PHO,C,C,FREEAGENT,0,ACTIVE,0.03,0,0.01,140.0,,,0,False,32.0,,2.938,1.188,0.312,0.156,0.25,0.719,1.719,0.219,1.031,2.312,0.156,0.188,0.312,0.875,0.0,0.0,8.0,0.4459,0.8333,0,,,,,,,,,,,,,,,,,,,,,0,,,,,,,,,,,,,,,,,,,,,0,,,,,,,,,,,,,,,,,,,,,0,,,,,,,,,,,,,,,,,,,,,,,,,,,,,,,,,,,,,,,,,
3136479,Angel Delgado,LAC,C,C,FREEAGENT,0,ACTIVE,0.03,0,0.01,140.0,,,0,False,0,,,,,,,,,,,,,,,,,,,,,0,,,,,,,,,,,,,,,,,,,,,0,,,,,,,,,,,,,,,,,,,,,0,,,,,,,,,,,,,,,,,,,,,0,,,,,,,,,,,,,,,,,,,,,,,,,,,,,,,,,,,,,,,,,
2991178,AJ Hammons,MIA,C,C,FREEAGENT,0,ACTIVE,0.03,0,0.01,140.0,,,0,False,0,,,,,,,,,,,,,,,,,,,,,0,,,,,,,,,,,,,,,,,,,,,0,,,,,,,,,,,,,,,,,,,,,0,,,,,,,,,,,,,,,,,,,,,0,,,,,,,,,,,,,,,,,,,,,,,,,,,,,,,,,,,,,,,,,
2327577,JaMychal Green,GSW,PF,PF,FREEAGENT,0,ACTIVE,0.03,0,0.01,140.0,,,0,False,0,,,,,,,,,,,,,,,,,,,,,0,,,,,,,,,,,,,,,,,,,,,0,,,,,,,,,,,,,,,,,,,,,0,,,,,,,,,,,,,,,,,,,,,0,,,,,,,,,,,,,,,,,,,,,,,,,,,,,,,,,,,,,,,,,
4398207,Jalen Slawson,IND,SF,SF,FREEAGENT,0,ACTIVE,0.03,0,0.02,140.0,,,0,False,13.0,,7.308,4.385,2.769,1.538,1.077,1.154,3.077,1.308,2.615,5.923,0.923,1.308,0.538,3.846,0.0,0.0,23.923,0.4416,0.7059,0,,,,,,,,,,,,,,,,,,,,,0,,,,,,,,,,,,,,,,,,,,,0,,,,,,,,,,,,,,,,,,,,,0,,,,,,,,,,,,,,,,,,,,,,,,,,,,,,,,,,,,,,,,,
2579492,Julian Washburn,GSW,SF,SF,FREEAGENT,0,ACTIVE,0.03,0,0.01,140.0,,,0,False,0,,,,,,,,,,,,,,,,,,,,,0,,,,,,,,,,,,,,,,,,,,,0,,,,,,,,,,,,,,,,,,,,,0,,,,,,,,,,,,,,,,,,,,,0,,,,,,,,,,,,,,,,,,,,,,,,,,,,,,,,,,,,,,,,,
4432946,Jalen Bridges,FA,SF,SF,FREEAGENT,0,ACTIVE,0.03,0,0.02,140.0,,,0,False,0,,,,,,,,,,,,,,,,,,,,,0,,,,,,,,,,,,,,,,,,,,,0,,,,,,,,,,,,,,,,,,,,,0,,,,,,,,,,,,,,,,,,,,,0,,,,,,,,,,,,,,,,,,,,,,,,,,,,,,,,,,,,,,,,,
4592699,Enrique Freeman,MIN,PF,PF,FREEAGENT,0,ACTIVE,0.03,0,0.02,140.0,,,0,False,4.0,,3.25,2.5,0.5,0.5,0.75,0.5,1.0,0.5,1.0,2.0,0.75,1.0,0.5,2.0,0.0,0.0,9.25,0.5,0.75,0,,,,,,,,,,,,,,,,,,,,,0,,,,,,,,,,,,,,,,,,,,,0,,,,,,,,,,,,,,,,,,,,,0,,,,,,,,,,,,,,,,,,,,,,,,,,,,,,,,,,,,,,,,,
4697268,Kam Jones,MIL,PG,PG,FREEAGENT,0,ACTIVE,0.03,0,0.02,140.0,,,0,False,37.0,,4.378,1.622,3.216,0.486,0.0,0.595,2.027,0.973,1.838,4.568,0.108,0.216,0.405,1.216,0.027,0.0,16.649,0.4024,0.5,0,,,,,,,,,,,,,,,,,,,,,0,,,,,,,,,,,,,,,,,,,,,0,,,,,,,,,,,,,,,,,,,,,0,,,,,,,,,,,,,,,,,,,,,,,,,,,,,,,,,,,,,,,,,
2489563,DJ Stephens,MEM,SG,SG,FREEAGENT,0,ACTIVE,0.03,0,0.02,140.0,,,0,False,0,,,,,,,,,,,,,,,,,,,,,0,,,,,,,,,,,,,,,,,,,,,0,,,,,,,,,,,,,,,,,,,,,0,,,,,,,,,,,,,,,,,,,,,0,,,,,,,,,,,,,,,,,,,,,,,,,,,,,,,,,,,,,,,,,
2596110,Rakeem Christmas,IND,PF,PF,FREEAGENT,0,ACTIVE,0.03,0,0.02,140.0,,,0,False,0,,,,,,,,,,,,,,,,,,,,,0,,,,,,,,,,,,,,,,,,,,,0,,,,,,,,,,,,,,,,,,,,,0,,,,,,,,,,,,,,,,,,,,,0,,,,,,,,,,,,,,,,,,,,,,,,,,,,,,,,,,,,,,,,,
2489716,Matthew Dellavedova,SAC,PG,PG,FREEAGENT,0,ACTIVE,0.03,0,0.01,140.0,,,0,False,0,,,,,,,,,,,,,,,,,,,,,0,,,,,,,,,,,,,,,,,,,,,0,,,,,,,,,,,,,,,,,,,,,0,,,,,,,,,,,,,,,,,,,,,0,,,,,,,,,,,,,,,,,,,,,,,,,,,,,,,,,,,,,,,,,
2528646,Eric Griffin,UTA,SF,SF,FREEAGENT,0,ACTIVE,0.03,0,0.01,140.0,,,0,False,0,,,,,,,,,,,,,,,,,,,,,0,,,,,,,,,,,,,,,,,,,,,0,,,,,,,,,,,,,,,,,,,,,0,,,,,,,,,,,,,,,,,,,,,0,,,,,,,,,,,,,,,,,,,,,,,,,,,,,,,,,,,,,,,,,
2489693,Ryan Broekhoff,PHL,SG,SG,FREEAGENT,0,ACTIVE,0.03,0,0.02,140.0,,,0,False,0,,,,,,,,,,,,,,,,,,,,,0,,,,,,,,,,,,,,,,,,,,,0,,,,,,,,,,,,,,,,,,,,,0,,,,,,,,,,,,,,,,,,,,,0,,,,,,,,,,,,,,,,,,,,,,,,,,,,,,,,,,,,,,,,,
4066636,Markelle Fultz,TOR,PG,PG,FREEAGENT,0,ACTIVE,0.03,0,0.01,140.0,,,0,False,5.0,,0.8,0.2,1.6,0.4,0.0,0.0,0.0,0.8,0.4,2.2,0.0,0.0,0.0,0.2,0.0,0.0,7.0,0.1818,0.0,0,,,,,,,,,,,,,,,,,,,,,0,,,,,,,,,,,,,,,,,,,,,0,,,,,,,,,,,,,,,,,,,,,0,,,,,,,,,,,,,,,,,,,,,,,,,,,,,,,,,,,,,,,,,
3065284,Eric Mika,SAC,C,C,FREEAGENT,0,ACTIVE,0.02,0,0.01,140.0,,,0,False,0,,,,,,,,,,,,,,,,,,,,,0,,,,,,,,,,,,,,,,,,,,,0,,,,,,,,,,,,,,,,,,,,,0,,,,,,,,,,,,,,,,,,,,,0,,,,,,,,,,,,,,,,,,,,,,,,,,,,,,,,,,,,,,,,,
2583962,Kevin Pangos,CLE,PG,PG,FREEAGENT,0,ACTIVE,0.02,0,0.01,140.0,,,0,False,0,,,,,,,,,,,,,,,,,,,,,0,,,,,,,,,,,,,,,,,,,,,0,,,,,,,,,,,,,,,,,,,,,0,,,,,,,,,,,,,,,,,,,,,0,,,,,,,,,,,,,,,,,,,,,,,,,,,,,,,,,,,,,,,,,
5144067,Nikola Durisic,FA,SF,SF,FREEAGENT,0,ACTIVE,0.02,0,0.01,140.0,,,0,False,0,,,,,,,,,,,,,,,,,,,,,0,,,,,,,,,,,,,,,,,,,,,0,,,,,,,,,,,,,,,,,,,,,0,,,,,,,,,,,,,,,,,,,,,0,,,,,,,,,,,,,,,,,,,,,,,,,,,,,,,,,,,,,,,,,
5144059,James Nnaji,CHA,C,C,FREEAGENT,0,ACTIVE,0.02,0,0.01,140.0,,,0,False,0,,,,,,,,,,,,,,,,,,,,,0,,,,,,,,,,,,,,,,,,,,,0,,,,,,,,,,,,,,,,,,,,,0,,,,,,,,,,,,,,,,,,,,,0,,,,,,,,,,,,,,,,,,,,,,,,,,,,,,,,,,,,,,,,,
3913220,DaQuan Jeffries,SAC,SG,SG,FREEAGENT,0,ACTIVE,0.02,0,0.01,140.0,,,0,False,3.0,,10.333,1.667,0.333,0.667,0.0,1.333,3.0,0.0,3.667,6.333,1.667,1.667,1.0,0.667,0.0,0.0,20.0,0.5789,1.0,0,,,,,,,,,,,,,,,,,,,,,0,,,,,,,,,,,,,,,,,,,,,0,,,,,,,,,,,,,,,,,,,,,0,,,,,,,,,,,,,,,,,,,,,,,,,,,,,,,,,,,,,,,,,
4593043,John Tonje,POR,SF,SF,FREEAGENT,0,ACTIVE,0.02,0,0.02,140.0,,,0,False,6.0,,2.5,1.0,0.333,0.333,0.0,0.5,1.667,0.0,0.667,2.333,0.667,0.667,0.0,1.0,0.0,0.0,7.0,0.2857,1.0,0,,,,,,,,,,,,,,,,,,,,,0,,,,,,,,,,,,,,,,,,,,,0,,,,,,,,,,,,,,,,,,,,,0,,,,,,,,,,,,,,,,,,,,,,,,,,,,,,,,,,,,,,,,,
2326015,Willie Reed,CHI,C,C,FREEAGENT,0,ACTIVE,0.02,0,0.01,140.0,,,0,False,0,,,,,,,,,,,,,,,,,,,,,0,,,,,,,,,,,,,,,,,,,,,0,,,,,,,,,,,,,,,,,,,,,0,,,,,,,,,,,,,,,,,,,,,0,,,,,,,,,,,,,,,,,,,,,,,,,,,,,,,,,,,,,,,,,
4066790,Anthony Lamb,GSW,SF,SF,FREEAGENT,0,ACTIVE,0.02,0,0.01,140.0,,,0,False,0,,,,,,,,,,,,,,,,,,,,,0,,,,,,,,,,,,,,,,,,,,,0,,,,,,,,,,,,,,,,,,,,,0,,,,,,,,,,,,,,,,,,,,,0,,,,,,,,,,,,,,,,,,,,,,,,,,,,,,,,,,,,,,,,,
4066786,Jeff Dowtin Jr.,FA,PG,PG,FREEAGENT,0,ACTIVE,0.02,0,0.01,140.0,,,0,False,0,,,,,,,,,,,,,,,,,,,,,0,,,,,,,,,,,,,,,,,,,,,0,,,,,,,,,,,,,,,,,,,,,0,,,,,,,,,,,,,,,,,,,,,0,,,,,,,,,,,,,,,,,,,,,,,,,,,,,,,,,,,,,,,,,
2325975,Chris Johnson,HOU,SF,SF,FREEAGENT,0,ACTIVE,0.02,0,0.01,140.0,,,0,False,0,,,,,,,,,,,,,,,,,,,,,0,,,,,,,,,,,,,,,,,,,,,0,,,,,,,,,,,,,,,,,,,,,0,,,,,,,,,,,,,,,,,,,,,0,,,,,,,,,,,,,,,,,,,,,,,,,,,,,,,,,,,,,,,,,
4064730,Tim Quarterman,HOU,SG,SG,FREEAGENT,0,ACTIVE,0.02,0,0.01,140.0,,,0,False,0,,,,,,,,,,,,,,,,,,,,,0,,,,,,,,,,,,,,,,,,,,,0,,,,,,,,,,,,,,,,,,,,,0,,,,,,,,,,,,,,,,,,,,,0,,,,,,,,,,,,,,,,,,,,,,,,,,,,,,,,,,,,,,,,,
2596402,Sim Bhullar,SAC,C,C,FREEAGENT,0,ACTIVE,0.02,0,0,140.0,,,0,False,0,,,,,,,,,,,,,,,,,,,,,0,,,,,,,,,,,,,,,,,,,,,0,,,,,,,,,,,,,,,,,,,,,0,,,,,,,,,,,,,,,,,,,,,0,,,,,,,,,,,,,,,,,,,,,,,,,,,,,,,,,,,,,,,,,
3057198,Brandon Goodwin,CLE,PG,PG,FREEAGENT,0,ACTIVE,0.02,0,0,140.0,,,0,False,0,,,,,,,,,,,,,,,,,,,,,0,,,,,,,,,,,,,,,,,,,,,0,,,,,,,,,,,,,,,,,,,,,0,,,,,,,,,,,,,,,,,,,,,0,,,,,,,,,,,,,,,,,,,,,,,,,,,,,,,,,,,,,,,,,
3135048,Jahlil Okafor,IND,C,C,FREEAGENT,0,ACTIVE,0.02,0,0.01,140.0,,,0,False,0,,,,,,,,,,,,,,,,,,,,,0,,,,,,,,,,,,,,,,,,,,,0,,,,,,,,,,,,,,,,,,,,,0,,,,,,,,,,,,,,,,,,,,,0,,,,,,,,,,,,,,,,,,,,,,,,,,,,,,,,,,,,,,,,,
2528787,Lorenzo Brown,TOR,SG,SG,FREEAGENT,0,ACTIVE,0.02,0,0.01,140.0,,,0,False,0,,,,,,,,,,,,,,,,,,,,,0,,,,,,,,,,,,,,,,,,,,,0,,,,,,,,,,,,,,,,,,,,,0,,,,,,,,,,,,,,,,,,,,,0,,,,,,,,,,,,,,,,,,,,,,,,,,,,,,,,,,,,,,,,,
4277882,Brian Bowen II,MIN,SG,SG,FREEAGENT,0,ACTIVE,0.02,0,0.01,140.0,,,0,False,0,,,,,,,,,,,,,,,,,,,,,0,,,,,,,,,,,,,,,,,,,,,0,,,,,,,,,,,,,,,,,,,,,0,,,,,,,,,,,,,,,,,,,,,0,,,,,,,,,,,,,,,,,,,,,,,,,,,,,,,,,,,,,,,,,
3059316,Wayne Selden,CHI,SG,SG,FREEAGENT,0,ACTIVE,0.02,0,0.01,140.0,,,0,False,0,,,,,,,,,,,,,,,,,,,,,0,,,,,,,,,,,,,,,,,,,,,0,,,,,,,,,,,,,,,,,,,,,0,,,,,,,,,,,,,,,,,,,,,0,,,,,,,,,,,,,,,,,,,,,,,,,,,,,,,,,,,,,,,,,
3059311,Matt Thomas,CHI,SG,SG,FREEAGENT,0,ACTIVE,0.02,0,0.01,140.0,,,0,False,0,,,,,,,,,,,,,,,,,,,,,0,,,,,,,,,,,,,,,,,,,,,0,,,,,,,,,,,,,,,,,,,,,0,,,,,,,,,,,,,,,,,,,,,0,,,,,,,,,,,,,,,,,,,,,,,,,,,,,,,,,,,,,,,,,
3059307,Ish Wainright,FA,PF,PF,FREEAGENT,0,ACTIVE,0.02,0,0.01,140.0,,,0,False,0,,,,,,,,,,,,,,,,,,,,,0,,,,,,,,,,,,,,,,,,,,,0,,,,,,,,,,,,,,,,,,,,,0,,,,,,,,,,,,,,,,,,,,,0,,,,,,,,,,,,,,,,,,,,,,,,,,,,,,,,,,,,,,,,,
3059336,Isaiah Taylor,TOR,PG,PG,FREEAGENT,0,ACTIVE,0.02,0,0.01,140.0,,,0,False,0,,,,,,,,,,,,,,,,,,,,,0,,,,,,,,,,,,,,,,,,,,,0,,,,,,,,,,,,,,,,,,,,,0,,,,,,,,,,,,,,,,,,,,,0,,,,,,,,,,,,,,,,,,,,,,,,,,,,,,,,,,,,,,,,,
2983551,Joel Bolomboy,MIL,PF,PF,FREEAGENT,0,ACTIVE,0.02,0,0.01,140.0,,,0,False,0,,,,,,,,,,,,,,,,,,,,,0,,,,,,,,,,,,,,,,,,,,,0,,,,,,,,,,,,,,,,,,,,,0,,,,,,,,,,,,,,,,,,,,,0,,,,,,,,,,,,,,,,,,,,,,,,,,,,,,,,,,,,,,,,,
2983512,Xavier Munford,MIL,SG,SG,FREEAGENT,0,ACTIVE,0.02,0,0.01,140.0,,,0,False,0,,,,,,,,,,,,,,,,,,,,,0,,,,,,,,,,,,,,,,,,,,,0,,,,,,,,,,,,,,,,,,,,,0,,,,,,,,,,,,,,,,,,,,,0,,,,,,,,,,,,,,,,,,,,,,,,,,,,,,,,,,,,,,,,,
5107251,Izaiyah Nelson,ORL,PF,PF,FREEAGENT,0,OUT,0.02,0,0,140.0,,,0,False,,,,,,,,,,,,,,,,,,,,,,0,,,,,,,,,,,,,,,,,,,,,0,,,,,,,,,,,,,,,,,,,,,0,,,,,,,,,,,,,,,,,,,,,0,,,,,,,,,,,,,,,,,,,,,,,,,,,,,,,,,,,,,,,,,
2608716,Cady Lalanne,SAS,C,C,FREEAGENT,0,ACTIVE,0.02,0,0.01,140.0,,,0,False,0,,,,,,,,,,,,,,,,,,,,,0,,,,,,,,,,,,,,,,,,,,,0,,,,,,,,,,,,,,,,,,,,,0,,,,,,,,,,,,,,,,,,,,,0,,,,,,,,,,,,,,,,,,,,,,,,,,,,,,,,,,,,,,,,,
3059280,BJ Johnson,ORL,SF,SF,FREEAGENT,0,ACTIVE,0.02,0,0.01,140.0,,,0,False,0,,,,,,,,,,,,,,,,,,,,,0,,,,,,,,,,,,,,,,,,,,,0,,,,,,,,,,,,,,,,,,,,,0,,,,,,,,,,,,,,,,,,,,,0,,,,,,,,,,,,,,,,,,,,,,,,,,,,,,,,,,,,,,,,,
3059276,Jamel Artis,LAC,SG,SG,FREEAGENT,0,ACTIVE,0.02,0,0.01,140.0,,,0,False,0,,,,,,,,,,,,,,,,,,,,,0,,,,,,,,,,,,,,,,,,,,,0,,,,,,,,,,,,,,,,,,,,,0,,,,,,,,,,,,,,,,,,,,,0,,,,,,,,,,,,,,,,,,,,,,,,,,,,,,,,,,,,,,,,,
2983526,Semaj Christon,OKC,PG,PG,FREEAGENT,0,ACTIVE,0.02,0,0.01,140.0,,,0,False,0,,,,,,,,,,,,,,,,,,,,,0,,,,,,,,,,,,,,,,,,,,,0,,,,,,,,,,,,,,,,,,,,,0,,,,,,,,,,,,,,,,,,,,,0,,,,,,,,,,,,,,,,,,,,,,,,,,,,,,,,,,,,,,,,,
2451037,Daniel Theis,FA,C,C,FREEAGENT,0,ACTIVE,0.02,0,0.01,140.0,,,0,False,0,,,,,,,,,,,,,,,,,,,,,0,,,,,,,,,,,,,,,,,,,,,0,,,,,,,,,,,,,,,,,,,,,0,,,,,,,,,,,,,,,,,,,,,0,,,,,,,,,,,,,,,,,,,,,,,,,,,,,,,,,,,,,,,,,
4433618,Harrison Ingram,UTA,SF,SF,FREEAGENT,0,ACTIVE,0.02,0,0.01,140.0,,,0,False,7.0,,1.571,0.429,0.143,0.0,0.0,0.143,0.143,0.143,0.714,0.857,0.0,0.0,0.429,0.0,0.0,0.0,3.714,0.8333,0.0,0,,,,,,,,,,,,,,,,,,,,,0,,,,,,,,,,,,,,,,,,,,,0,,,,,,,,,,,,,,,,,,,,,0,,,,,,,,,,,,,,,,,,,,,,,,,,,,,,,,,,,,,,,,,
4433620,Emoni Bates,FA,SF,SF,FREEAGENT,0,DAY_TO_DAY,0.02,0,0.01,140.0,,,0,False,0,,,,,,,,,,,,,,,,,,,,,0,,,,,,,,,,,,,,,,,,,,,0,,,,,,,,,,,,,,,,,,,,,0,,,,,,,,,,,,,,,,,,,,,0,,,,,,,,,,,,,,,,,,,,,,,,,,,,,,,,,,,,,,,,,
4017857,Ognjen Jaramaz,NYK,PG,PG,FREEAGENT,0,ACTIVE,0.02,0,0.01,140.0,,,0,False,0,,,,,,,,,,,,,,,,,,,,,0,,,,,,,,,,,,,,,,,,,,,0,,,,,,,,,,,,,,,,,,,,,0,,,,,,,,,,,,,,,,,,,,,0,,,,,,,,,,,,,,,,,,,,,,,,,,,,,,,,,,,,,,,,,
4017846,Georgios Papagiannis,POR,C,C,FREEAGENT,0,ACTIVE,0.02,0,0.02,140.0,,,0,False,0,,,,,,,,,,,,,,,,,,,,,0,,,,,,,,,,,,,,,,,,,,,0,,,,,,,,,,,,,,,,,,,,,0,,,,,,,,,,,,,,,,,,,,,0,,,,,,,,,,,,,,,,,,,,,,,,,,,,,,,,,,,,,,,,,
3057304,Vince Shamar Hunter,MEM,PF,PF,FREEAGENT,0,ACTIVE,0.02,0,0.01,140.0,,,0,False,0,,,,,,,,,,,,,,,,,,,,,0,,,,,,,,,,,,,,,,,,,,,0,,,,,,,,,,,,,,,,,,,,,0,,,,,,,,,,,,,,,,,,,,,0,,,,,,,,,,,,,,,,,,,,,,,,,,,,,,,,,,,,,,,,,
3892893,Nikola Milutinov,SAS,C,C,FREEAGENT,0,ACTIVE,0.02,0,0.01,140.0,,,0,False,0,,,,,,,,,,,,,,,,,,,,,0,,,,,,,,,,,,,,,,,,,,,0,,,,,,,,,,,,,,,,,,,,,0,,,,,,,,,,,,,,,,,,,,,0,,,,,,,,,,,,,,,,,,,,,,,,,,,,,,,,,,,,,,,,,
3059356,Billy Garrett Jr.,NYK,SG,SG,FREEAGENT,0,ACTIVE,0.02,0,0,140.0,,,0,False,0,,,,,,,,,,,,,,,,,,,,,0,,,,,,,,,,,,,,,,,,,,,0,,,,,,,,,,,,,,,,,,,,,0,,,,,,,,,,,,,,,,,,,,,0,,,,,,,,,,,,,,,,,,,,,,,,,,,,,,,,,,,,,,,,,
2531054,Bryce Cotton,MEM,SG,SG,FREEAGENT,0,ACTIVE,0.02,0.01,0.01,140.0,,,0,False,0,,,,,,,,,,,,,,,,,,,,,0,,,,,,,,,,,,,,,,,,,,,0,,,,,,,,,,,,,,,,,,,,,0,,,,,,,,,,,,,,,,,,,,,0,,,,,,,,,,,,,,,,,,,,,,,,,,,,,,,,,,,,,,,,,
2608891,JaKarr Sampson,IND,PF,PF,FREEAGENT,0,ACTIVE,0.02,0,0,140.0,,,0,False,0,,,,,,,,,,,,,,,,,,,,,0,,,,,,,,,,,,,,,,,,,,,0,,,,,,,,,,,,,,,,,,,,,0,,,,,,,,,,,,,,,,,,,,,0,,,,,,,,,,,,,,,,,,,,,,,,,,,,,,,,,,,,,,,,,
2531039,Vander Blue,LAL,SG,SG,FREEAGENT,0,ACTIVE,0.02,0,0.01,140.0,,,0,False,0,,,,,,,,,,,,,,,,,,,,,0,,,,,,,,,,,,,,,,,,,,,0,,,,,,,,,,,,,,,,,,,,,0,,,,,,,,,,,,,,,,,,,,,0,,,,,,,,,,,,,,,,,,,,,,,,,,,,,,,,,,,,,,,,,
4277957,Isaiah Livers,FA,PF,PF,FREEAGENT,0,ACTIVE,0.02,0,0,140.0,,,0,False,36.0,,1.806,1.694,0.583,0.361,0.222,0.333,1.111,0.333,0.611,1.778,0.25,0.333,0.528,1.167,0.0,0.0,9.694,0.3438,0.75,0,,,,,,,,,,,,,,,,,,,,,0,,,,,,,,,,,,,,,,,,,,,0,,,,,,,,,,,,,,,,,,,,,0,,,,,,,,,,,,,,,,,,,,,,,,,,,,,,,,,,,,,,,,,
2531045,Eric Atkins,UTA,PG,PG,FREEAGENT,0,ACTIVE,0.02,0,0.01,140.0,,,0,False,0,,,,,,,,,,,,,,,,,,,,,0,,,,,,,,,,,,,,,,,,,,,0,,,,,,,,,,,,,,,,,,,,,0,,,,,,,,,,,,,,,,,,,,,0,,,,,,,,,,,,,,,,,,,,,,,,,,,,,,,,,,,,,,,,,
4431695,Drew Timme,MIN,C,C,FREEAGENT,0,ACTIVE,0.02,0,0.02,140.0,,,0,False,27.0,,3.407,1.222,0.852,0.222,0.0,0.407,0.926,0.481,1.407,2.444,0.185,0.333,0.37,0.852,0.0,0.0,8.741,0.5758,0.5556,0,,,,,,,,,,,,,,,,,,,,,0,,,,,,,,,,,,,,,,,,,,,0,,,,,,,,,,,,,,,,,,,,,0,,,,,,,,,,,,,,,,,,,,,,,,,,,,,,,,,,,,,,,,,
4431705,Anton Watson,FA,PF,PF,FREEAGENT,0,ACTIVE,0.02,0,0.01,140.0,,,0,False,0,,,,,,,,,,,,,,,,,,,,,0,,,,,,,,,,,,,,,,,,,,,0,,,,,,,,,,,,,,,,,,,,,0,,,,,,,,,,,,,,,,,,,,,0,,,,,,,,,,,,,,,,,,,,,,,,,,,,,,,,,,,,,,,,,
2578240,Khem Birch,SAS,C,C,FREEAGENT,0,ACTIVE,0.02,0,0.01,140.0,,,0,False,0,,,,,,,,,,,,,,,,,,,,,0,,,,,,,,,,,,,,,,,,,,,0,,,,,,,,,,,,,,,,,,,,,0,,,,,,,,,,,,,,,,,,,,,0,,,,,,,,,,,,,,,,,,,,,,,,,,,,,,,,,,,,,,,,,
3102534,Damien Inglis,NYK,SF,SF,FREEAGENT,0,ACTIVE,0.02,0,0.01,140.0,,,0,False,0,,,,,,,,,,,,,,,,,,,,,0,,,,,,,,,,,,,,,,,,,,,0,,,,,,,,,,,,,,,,,,,,,0,,,,,,,,,,,,,,,,,,,,,0,,,,,,,,,,,,,,,,,,,,,,,,,,,,,,,,,,,,,,,,,
4431734,Tristan Enaruna,CLE,SF,SF,FREEAGENT,0,ACTIVE,0.02,0,0.01,140.0,,,0,False,9.0,,4.111,1.556,0.778,0.556,0.0,0.333,1.111,0.333,1.556,3.111,0.667,0.889,0.778,0.778,0.0,0.0,9.556,0.5,0.75,0,,,,,,,,,,,,,,,,,,,,,0,,,,,,,,,,,,,,,,,,,,,0,,,,,,,,,,,,,,,,,,,,,0,,,,,,,,,,,,,,,,,,,,,,,,,,,,,,,,,,,,,,,,,
4278046,Olivier Sarr,FA,C,C,FREEAGENT,0,ACTIVE,0.02,0,0.01,140.0,,,0,False,4.0,,3.5,2.75,1.25,0.5,0.75,0.5,0.75,0.5,1.25,1.75,0.5,1.25,0.5,2.25,0.0,0.0,9.75,0.7143,0.4,0,,,,,,,,,,,,,,,,,,,,,0,,,,,,,,,,,,,,,,,,,,,0,,,,,,,,,,,,,,,,,,,,,0,,,,,,,,,,,,,,,,,,,,,,,,,,,,,,,,,,,,,,,,,
2580349,Ron Baker,WAS,SG,SG,FREEAGENT,0,ACTIVE,0.02,0,0.01,140.0,,,0,False,0,,,,,,,,,,,,,,,,,,,,,0,,,,,,,,,,,,,,,,,,,,,0,,,,,,,,,,,,,,,,,,,,,0,,,,,,,,,,,,,,,,,,,,,0,,,,,,,,,,,,,,,,,,,,,,,,,,,,,,,,,,,,,,,,,
4701992,Max Shulga,FA,PG,PG,FREEAGENT,0,ACTIVE,0.02,0,0.01,140.0,,,0,False,11.0,,0.636,0.545,0.182,0.091,0.0,0.091,0.364,0.273,0.182,0.727,0.182,0.182,0.273,0.273,0.0,0.0,3.364,0.25,1.0,0,,,,,,,,,,,,,,,,,,,,,0,,,,,,,,,,,,,,,,,,,,,0,,,,,,,,,,,,,,,,,,,,,0,,,,,,,,,,,,,,,,,,,,,,,,,,,,,,,,,,,,,,,,,
4845363,Cam Christie,LAC,SG,SG,FREEAGENT,0,ACTIVE,0.02,0,0.01,140.0,,,0,False,55.0,,2.836,1.418,0.564,0.291,0.055,0.218,0.891,0.4,0.964,2.527,0.691,0.909,0.345,1.073,0.0,0.0,8.709,0.3813,0.76,0,,,,,,,,,,,,,,,,,,,,,0,,,,,,,,,,,,,,,,,,,,,0,,,,,,,,,,,,,,,,,,,,,0,,,,,,,,,,,,,,,,,,,,,,,,,,,,,,,,,,,,,,,,,
2578259,Darrun Hilliard,SAS,SF,SF,FREEAGENT,0,ACTIVE,0.02,0,0.01,140.0,,,0,False,0,,,,,,,,,,,,,,,,,,,,,0,,,,,,,,,,,,,,,,,,,,,0,,,,,,,,,,,,,,,,,,,,,0,,,,,,,,,,,,,,,,,,,,,0,,,,,,,,,,,,,,,,,,,,,,,,,,,,,,,,,,,,,,,,,
4702159,Dillon Jones,PHL,SF,SF,FREEAGENT,0,ACTIVE,0.02,0,0.01,140.0,,,0,False,7.0,,1.286,1.0,0.571,0.429,0.0,0.143,0.714,0.0,0.286,1.286,0.571,0.571,0.286,0.714,0.0,0.0,5.571,0.2222,1.0,0,,,,,,,,,,,,,,,,,,,,,0,,,,,,,,,,,,,,,,,,,,,0,,,,,,,,,,,,,,,,,,,,,0,,,,,,,,,,,,,,,,,,,,,,,,,,,,,,,,,,,,,,,,,
3033031,Edy Tavares,CLE,C,C,FREEAGENT,0,ACTIVE,0.02,0,0.01,140.0,,,0,False,0,,,,,,,,,,,,,,,,,,,,,0,,,,,,,,,,,,,,,,,,,,,0,,,,,,,,,,,,,,,,,,,,,0,,,,,,,,,,,,,,,,,,,,,0,,,,,,,,,,,,,,,,,,,,,,,,,,,,,,,,,,,,,,,,,
2326411,James Nunnally,NOP,SG,SG,FREEAGENT,0,ACTIVE,0.02,0,0.01,140.0,,,0,False,0,,,,,,,,,,,,,,,,,,,,,0,,,,,,,,,,,,,,,,,,,,,0,,,,,,,,,,,,,,,,,,,,,0,,,,,,,,,,,,,,,,,,,,,0,,,,,,,,,,,,,,,,,,,,,,,,,,,,,,,,,,,,,,,,,
3032980,Lucas Nogueira,TOR,C,C,FREEAGENT,0,ACTIVE,0.02,0,0.01,140.0,,,0,False,0,,,,,,,,,,,,,,,,,,,,,0,,,,,,,,,,,,,,,,,,,,,0,,,,,,,,,,,,,,,,,,,,,0,,,,,,,,,,,,,,,,,,,,,0,,,,,,,,,,,,,,,,,,,,,,,,,,,,,,,,,,,,,,,,,
4237215,Vincent Poirier,NYK,C,C,FREEAGENT,0,ACTIVE,0.02,0,0.01,140.0,,,0,False,0,,,,,,,,,,,,,,,,,,,,,0,,,,,,,,,,,,,,,,,,,,,0,,,,,,,,,,,,,,,,,,,,,0,,,,,,,,,,,,,,,,,,,,,0,,,,,,,,,,,,,,,,,,,,,,,,,,,,,,,,,,,,,,,,,
4396963,Blake Hinson,UTA,SF,SF,FREEAGENT,0,ACTIVE,0.02,0,0.01,140.0,,,0,False,14.0,,11.929,2.357,1.143,0.357,0.143,2.643,5.643,0.357,4.214,8.214,0.857,1.143,0.786,1.571,0.0,0.0,20.429,0.513,0.75,0,,,,,,,,,,,,,,,,,,,,,0,,,,,,,,,,,,,,,,,,,,,0,,,,,,,,,,,,,,,,,,,,,0,,,,,,,,,,,,,,,,,,,,,,,,,,,,,,,,,,,,,,,,,
4702134,Norchad Omier,MIN,PF,PF,FREEAGENT,0,ACTIVE,0.02,0,0.01,140.0,,,0,False,6.0,,2.833,1.167,0.333,0.167,0.0,0.0,0.167,0.0,1.167,1.667,0.5,0.5,0.667,0.5,0.0,0.0,3.833,0.7,1.0,0,,,,,,,,,,,,,,,,,,,,,0,,,,,,,,,,,,,,,,,,,,,0,,,,,,,,,,,,,,,,,,,,,0,,,,,,,,,,,,,,,,,,,,,,,,,,,,,,,,,,,,,,,,,
4397134,Cole Swider,LAL,PF,PF,FREEAGENT,0,ACTIVE,0.02,0,0.01,140.0,,,0,False,0,,,,,,,,,,,,,,,,,,,,,0,,,,,,,,,,,,,,,,,,,,,0,,,,,,,,,,,,,,,,,,,,,0,,,,,,,,,,,,,,,,,,,,,0,,,,,,,,,,,,,,,,,,,,,,,,,,,,,,,,,,,,,,,,,
5107818,Isaac Jones,DET,PF,PF,FREEAGENT,0,ACTIVE,0.02,0,0.01,140.0,,,0,False,7.0,,1.286,0.714,0.143,0.0,0.143,0.0,0.286,0.143,0.429,1.0,0.429,0.571,0.286,0.429,0.0,0.0,5.143,0.4286,0.75,0,,,,,,,,,,,,,,,,,,,,,0,,,,,,,,,,,,,,,,,,,,,0,,,,,,,,,,,,,,,,,,,,,0,,,,,,,,,,,,,,,,,,,,,,,,,,,,,,,,,,,,,,,,,
2328615,Mitchell Watt,FA,PF,PF,FREEAGENT,0,ACTIVE,0.02,0,0.01,140.0,,,0,False,0,,,,,,,,,,,,,,,,,,,,,0,,,,,,,,,,,,,,,,,,,,,0,,,,,,,,,,,,,,,,,,,,,0,,,,,,,,,,,,,,,,,,,,,0,,,,,,,,,,,,,,,,,,,,,,,,,,,,,,,,,,,,,,,,,
4423887,Jalen Lecque,MIL,PG,PG,FREEAGENT,0,ACTIVE,0.02,0,0.01,140.0,,,0,False,0,,,,,,,,,,,,,,,,,,,,,0,,,,,,,,,,,,,,,,,,,,,0,,,,,,,,,,,,,,,,,,,,,0,,,,,,,,,,,,,,,,,,,,,0,,,,,,,,,,,,,,,,,,,,,,,,,,,,,,,,,,,,,,,,,
3137733,Rashad Vaughn,DAL,SF,SF,FREEAGENT,0,ACTIVE,0.02,0,0,140.0,,,0,False,0,,,,,,,,,,,,,,,,,,,,,0,,,,,,,,,,,,,,,,,,,,,0,,,,,,,,,,,,,,,,,,,,,0,,,,,,,,,,,,,,,,,,,,,0,,,,,,,,,,,,,,,,,,,,,,,,,,,,,,,,,,,,,,,,,
3133600,Cliff Alexander,NOP,PF,PF,FREEAGENT,0,ACTIVE,0.02,0,0.01,140.0,,,0,False,0,,,,,,,,,,,,,,,,,,,,,0,,,,,,,,,,,,,,,,,,,,,0,,,,,,,,,,,,,,,,,,,,,0,,,,,,,,,,,,,,,,,,,,,0,,,,,,,,,,,,,,,,,,,,,,,,,,,,,,,,,,,,,,,,,
3137694,Gian Clavell,DAL,SG,SG,FREEAGENT,0,ACTIVE,0.02,0,0,140.0,,,0,False,0,,,,,,,,,,,,,,,,,,,,,0,,,,,,,,,,,,,,,,,,,,,0,,,,,,,,,,,,,,,,,,,,,0,,,,,,,,,,,,,,,,,,,,,0,,,,,,,,,,,,,,,,,,,,,,,,,,,,,,,,,,,,,,,,,
4401416,Juan Toscano-Anderson,FA,SF,SF,FREEAGENT,0,ACTIVE,0.02,0,0.02,140.0,,,0,False,0,,,,,,,,,,,,,,,,,,,,,0,,,,,,,,,,,,,,,,,,,,,0,,,,,,,,,,,,,,,,,,,,,0,,,,,,,,,,,,,,,,,,,,,0,,,,,,,,,,,,,,,,,,,,,,,,,,,,,,,,,,,,,,,,,
4397204,Colin Castleton,ORL,C,C,FREEAGENT,0,ACTIVE,0.02,0,0.01,140.0,,,0,False,4.0,,1.25,2.0,0.25,0.25,0.0,0.0,0.0,0.5,0.5,1.25,0.25,0.25,0.5,1.5,0.0,0.0,5.25,0.4,1.0,0,,,,,,,,,,,,,,,,,,,,,0,,,,,,,,,,,,,,,,,,,,,0,,,,,,,,,,,,,,,,,,,,,0,,,,,,,,,,,,,,,,,,,,,,,,,,,,,,,,,,,,,,,,,
5105832,Nick Martinelli,LAC,SF,SF,FREEAGENT,0,ACTIVE,0.02,0,0.01,140.0,,,0,False,,,,,,,,,,,,,,,,,,,,,,0,,,,,,,,,,,,,,,,,,,,,0,,,,,,,,,,,,,,,,,,,,,0,,,,,,,,,,,,,,,,,,,,,0,,,,,,,,,,,,,,,,,,,,,,,,,,,,,,,,,,,,,,,,,
4683935,Blake Wesley,LAC,SG,SG,FREEAGENT,0,ACTIVE,0.02,0,0.01,140.0,,,0,False,31.0,,4.774,1.258,2.0,0.516,0.161,0.323,1.161,1.0,1.806,4.0,0.839,1.516,0.258,1.0,0.0,0.0,11.71,0.4516,0.5532,0,,,,,,,,,,,,,,,,,,,,,0,,,,,,,,,,,,,,,,,,,,,0,,,,,,,,,,,,,,,,,,,,,0,,,,,,,,,,,,,,,,,,,,,,,,,,,,,,,,,,,,,,,,,
4683934,Jahmai Mashack,MEM,SG,SG,FREEAGENT,0,ACTIVE,0.02,0,0.01,140.0,,,0,False,31.0,,6.194,2.613,2.226,1.194,0.452,0.613,2.419,1.581,2.484,6.29,0.613,1.129,0.742,1.871,0.065,0.032,21.613,0.3949,0.5429,0,,,,,,,,,,,,,,,,,,,,,0,,,,,,,,,,,,,,,,,,,,,0,,,,,,,,,,,,,,,,,,,,,0,,,,,,,,,,,,,,,,,,,,,,,,,,,,,,,,,,,,,,,,,
4683933,Tamar Bates,UTA,SG,SG,FREEAGENT,0,ACTIVE,0.02,0,0.01,140.0,,,0,False,0,,,,,,,,,,,,,,,,,,,,,0,,,,,,,,,,,,,,,,,,,,,0,,,,,,,,,,,,,,,,,,,,,0,,,,,,,,,,,,,,,,,,,,,0,,,,,,,,,,,,,,,,,,,,,,,,,,,,,,,,,,,,,,,,,
2490620,Robert Covington,FA,PF,PF,FREEAGENT,0,ACTIVE,0.02,0,0.01,140.0,,,0,False,0,,,,,,,,,,,,,,,,,,,,,0,,,,,,,,,,,,,,,,,,,,,0,,,,,,,,,,,,,,,,,,,,,0,,,,,,,,,,,,,,,,,,,,,0,,,,,,,,,,,,,,,,,,,,,,,,,,,,,,,,,,,,,,,,,
4397233,Pete Nance,MIL,PF,PF,FREEAGENT,0,ACTIVE,0.02,0,0.01,140.0,,,0,False,47.0,,5.404,2.66,1.021,0.298,0.298,1.064,2.532,0.553,2.128,4.128,0.085,0.234,0.574,2.085,0.021,0.0,15.574,0.5155,0.3636,0,,,,,,,,,,,,,,,,,,,,,0,,,,,,,,,,,,,,,,,,,,,0,,,,,,,,,,,,,,,,,,,,,0,,,,,,,,,,,,,,,,,,,,,,,,,,,,,,,,,,,,,,,,,
3911893,Jack McVeigh,HOU,PF,PF,FREEAGENT,0,ACTIVE,0.02,0,0.01,140.0,,,0,False,0,,,,,,,,,,,,,,,,,,,,,0,,,,,,,,,,,,,,,,,,,,,0,,,,,,,,,,,,,,,,,,,,,0,,,,,,,,,,,,,,,,,,,,,0,,,,,,,,,,,,,,,,,,,,,,,,,,,,,,,,,,,,,,,,,
6428,MarShon Brooks,CHI,SG,SG,FREEAGENT,0,ACTIVE,0.02,0,0.01,140.0,,,0,False,0,,,,,,,,,,,,,,,,,,,,,0,,,,,,,,,,,,,,,,,,,,,0,,,,,,,,,,,,,,,,,,,,,0,,,,,,,,,,,,,,,,,,,,,0,,,,,,,,,,,,,,,,,,,,,,,,,,,,,,,,,,,,,,,,,
6443,Reggie Jackson,FA,PG,PG,FREEAGENT,0,ACTIVE,0.02,0,0.01,140.0,,,0,False,0,,,,,,,,,,,,,,,,,,,,,0,,,,,,,,,,,,,,,,,,,,,0,,,,,,,,,,,,,,,,,,,,,0,,,,,,,,,,,,,,,,,,,,,0,,,,,,,,,,,,,,,,,,,,,,,,,,,,,,,,,,,,,,,,,
2982185,Jameel Warney,DAL,PF,PF,FREEAGENT,0,ACTIVE,0.02,0,0.01,140.0,,,0,False,0,,,,,,,,,,,,,,,,,,,,,0,,,,,,,,,,,,,,,,,,,,,0,,,,,,,,,,,,,,,,,,,,,0,,,,,,,,,,,,,,,,,,,,,0,,,,,,,,,,,,,,,,,,,,,,,,,,,,,,,,,,,,,,,,,
3899662,Luka Mitrovic,PHL,SF,SF,FREEAGENT,0,ACTIVE,0.02,0,0,140.0,,,0,False,0,,,,,,,,,,,,,,,,,,,,,0,,,,,,,,,,,,,,,,,,,,,0,,,,,,,,,,,,,,,,,,,,,0,,,,,,,,,,,,,,,,,,,,,0,,,,,,,,,,,,,,,,,,,,,,,,,,,,,,,,,,,,,,,,,
4397449,Elijah Harkless,DET,SG,SG,FREEAGENT,0,ACTIVE,0.02,0,0,140.0,,,0,False,26.0,,6.846,2.038,2.885,1.192,0.231,0.808,3.385,1.0,2.077,6.192,1.885,2.462,0.385,1.654,0.038,0.0,20.962,0.3354,0.7656,0,,,,,,,,,,,,,,,,,,,,,0,,,,,,,,,,,,,,,,,,,,,0,,,,,,,,,,,,,,,,,,,,,0,,,,,,,,,,,,,,,,,,,,,,,,,,,,,,,,,,,,,,,,,
2488689,Sean Kilpatrick,CHI,SG,SG,FREEAGENT,0,ACTIVE,0.02,0,0.01,140.0,,,0,False,0,,,,,,,,,,,,,,,,,,,,,0,,,,,,,,,,,,,,,,,,,,,0,,,,,,,,,,,,,,,,,,,,,0,,,,,,,,,,,,,,,,,,,,,0,,,,,,,,,,,,,,,,,,,,,,,,,,,,,,,,,,,,,,,,,
6485,Lance Thomas,BKN,PF,PF,FREEAGENT,0,ACTIVE,0.02,0,0.01,140.0,,,0,False,0,,,,,,,,,,,,,,,,,,,,,0,,,,,,,,,,,,,,,,,,,,,0,,,,,,,,,,,,,,,,,,,,,0,,,,,,,,,,,,,,,,,,,,,0,,,,,,,,,,,,,,,,,,,,,,,,,,,,,,,,,,,,,,,,,
4065650,Javin DeLaurier,MIL,C,C,FREEAGENT,0,ACTIVE,0.02,0,0,140.0,,,0,False,0,,,,,,,,,,,,,,,,,,,,,0,,,,,,,,,,,,,,,,,,,,,0,,,,,,,,,,,,,,,,,,,,,0,,,,,,,,,,,,,,,,,,,,,0,,,,,,,,,,,,,,,,,,,,,,,,,,,,,,,,,,,,,,,,,
4397347,Liam Robbins,MIL,C,C,FREEAGENT,0,ACTIVE,0.02,0,0.01,140.0,,,0,False,0,,,,,,,,,,,,,,,,,,,,,0,,,,,,,,,,,,,,,,,,,,,0,,,,,,,,,,,,,,,,,,,,,0,,,,,,,,,,,,,,,,,,,,,0,,,,,,,,,,,,,,,,,,,,,,,,,,,,,,,,,,,,,,,,,
6503,Dwight Buycks,DET,PG,PG,FREEAGENT,0,ACTIVE,0.02,0,0.01,140.0,,,0,False,0,,,,,,,,,,,,,,,,,,,,,0,,,,,,,,,,,,,,,,,,,,,0,,,,,,,,,,,,,,,,,,,,,0,,,,,,,,,,,,,,,,,,,,,0,,,,,,,,,,,,,,,,,,,,,,,,,,,,,,,,,,,,,,,,,
4432179,MarJon Beauchamp,FA,SG,SG,FREEAGENT,0,ACTIVE,0.02,0,0.01,140.0,,,0,False,14.0,,6.786,2.286,1.071,0.643,0.286,1.143,3.357,0.929,2.357,5.429,0.929,1.357,0.5,1.786,0.0,0.0,14.0,0.4342,0.6842,0,,,,,,,,,,,,,,,,,,,,,0,,,,,,,,,,,,,,,,,,,,,0,,,,,,,,,,,,,,,,,,,,,0,,,,,,,,,,,,,,,,,,,,,,,,,,,,,,,,,,,,,,,,,
4432185,Micah Peavy,MEM,SF,SF,FREEAGENT,0,DAY_TO_DAY,0.02,0,0.01,140.0,,,0,False,61.0,,4.295,1.918,1.0,0.705,0.148,0.459,1.77,0.328,1.738,4.508,0.361,0.475,0.754,1.164,0.0,0.0,14.967,0.3855,0.7586,0,,,,,,,,,,,,,,,,,,,,,0,,,,,,,,,,,,,,,,,,,,,0,,,,,,,,,,,,,,,,,,,,,0,,,,,,,,,,,,,,,,,,,,,,,,,,,,,,,,,,,,,,,,,
2988387,Charles Cooke,MIA,SG,SG,FREEAGENT,0,ACTIVE,0.02,0,0.01,140.0,,,0,False,0,,,,,,,,,,,,,,,,,,,,,0,,,,,,,,,,,,,,,,,,,,,0,,,,,,,,,,,,,,,,,,,,,0,,,,,,,,,,,,,,,,,,,,,0,,,,,,,,,,,,,,,,,,,,,,,,,,,,,,,,,,,,,,,,,
3064237,Antonius Cleveland,OKC,SG,SG,FREEAGENT,0,ACTIVE,0.02,0,0.01,140.0,,,0,False,0,,,,,,,,,,,,,,,,,,,,,0,,,,,,,,,,,,,,,,,,,,,0,,,,,,,,,,,,,,,,,,,,,0,,,,,,,,,,,,,,,,,,,,,0,,,,,,,,,,,,,,,,,,,,,,,,,,,,,,,,,,,,,,,,,
2982331,J.P. Tokoto,NYK,SG,SG,FREEAGENT,0,ACTIVE,0.02,0,0.01,140.0,,,0,False,0,,,,,,,,,,,,,,,,,,,,,0,,,,,,,,,,,,,,,,,,,,,0,,,,,,,,,,,,,,,,,,,,,0,,,,,,,,,,,,,,,,,,,,,0,,,,,,,,,,,,,,,,,,,,,,,,,,,,,,,,,,,,,,,,,
2488721,Lamar Patterson,ATL,SG,SG,FREEAGENT,0,ACTIVE,0.02,0,0.01,140.0,,,0,False,0,,,,,,,,,,,,,,,,,,,,,0,,,,,,,,,,,,,,,,,,,,,0,,,,,,,,,,,,,,,,,,,,,0,,,,,,,,,,,,,,,,,,,,,0,,,,,,,,,,,,,,,,,,,,,,,,,,,,,,,,,,,,,,,,,
6581,Jae Crowder,FA,PF,PF,FREEAGENT,0,ACTIVE,0.02,0,0.02,140.0,,,0,False,0,,,,,,,,,,,,,,,,,,,,,0,,,,,,,,,,,,,,,,,,,,,0,,,,,,,,,,,,,,,,,,,,,0,,,,,,,,,,,,,,,,,,,,,0,,,,,,,,,,,,,,,,,,,,,,,,,,,,,,,,,,,,,,,,,
2595229,Briante Weber,MIA,PG,PG,FREEAGENT,0,ACTIVE,0.02,0,0.01,140.0,,,0,False,0,,,,,,,,,,,,,,,,,,,,,0,,,,,,,,,,,,,,,,,,,,,0,,,,,,,,,,,,,,,,,,,,,0,,,,,,,,,,,,,,,,,,,,,0,,,,,,,,,,,,,,,,,,,,,,,,,,,,,,,,,,,,,,,,,
4997530,Khalifa Diop,CLE,C,C,FREEAGENT,0,ACTIVE,0.02,0,0.01,140.0,,,0,False,0,,,,,,,,,,,,,,,,,,,,,0,,,,,,,,,,,,,,,,,,,,,0,,,,,,,,,,,,,,,,,,,,,0,,,,,,,,,,,,,,,,,,,,,0,,,,,,,,,,,,,,,,,,,,,,,,,,,,,,,,,,,,,,,,,
4997539,Luke Travers,FA,SG,SG,FREEAGENT,0,ACTIVE,0.02,0,0.01,140.0,,,0,False,12.0,,2.333,2.0,0.75,0.583,0.333,0.083,1.333,0.25,0.75,3.0,0.75,0.75,0.75,1.25,0.0,0.0,8.75,0.25,1.0,0,,,,,,,,,,,,,,,,,,,,,0,,,,,,,,,,,,,,,,,,,,,0,,,,,,,,,,,,,,,,,,,,,0,,,,,,,,,,,,,,,,,,,,,,,,,,,,,,,,,,,,,,,,,
6634,Hollis Thompson,SAC,SF,SF,FREEAGENT,0,ACTIVE,0.02,0,0.01,140.0,,,0,False,0,,,,,,,,,,,,,,,,,,,,,0,,,,,,,,,,,,,,,,,,,,,0,,,,,,,,,,,,,,,,,,,,,0,,,,,,,,,,,,,,,,,,,,,0,,,,,,,,,,,,,,,,,,,,,,,,,,,,,,,,,,,,,,,,,
6637,Kent Bazemore,SAC,SG,SG,FREEAGENT,0,ACTIVE,0.02,0,0.01,140.0,,,0,False,0,,,,,,,,,,,,,,,,,,,,,0,,,,,,,,,,,,,,,,,,,,,0,,,,,,,,,,,,,,,,,,,,,0,,,,,,,,,,,,,,,,,,,,,0,,,,,,,,,,,,,,,,,,,,,,,,,,,,,,,,,,,,,,,,,
3926491,Isaac Humphries,ORL,C,C,FREEAGENT,0,ACTIVE,0.02,0,0.01,140.0,,,0,False,0,,,,,,,,,,,,,,,,,,,,,0,,,,,,,,,,,,,,,,,,,,,0,,,,,,,,,,,,,,,,,,,,,0,,,,,,,,,,,,,,,,,,,,,0,,,,,,,,,,,,,,,,,,,,,,,,,,,,,,,,,,,,,,,,,
2982349,Tyler Cavanaugh,UTA,PF,PF,FREEAGENT,0,ACTIVE,0.02,0,0.01,140.0,,,0,False,0,,,,,,,,,,,,,,,,,,,,,0,,,,,,,,,,,,,,,,,,,,,0,,,,,,,,,,,,,,,,,,,,,0,,,,,,,,,,,,,,,,,,,,,0,,,,,,,,,,,,,,,,,,,,,,,,,,,,,,,,,,,,,,,,,
4702656,Alijah Martin,TOR,SG,SG,FREEAGENT,0,DAY_TO_DAY,0.02,0,0.01,140.0,,,0,False,23.0,,2.217,0.913,0.522,0.348,0.174,0.174,0.913,0.348,0.696,2.174,0.652,0.826,0.391,0.522,0.0,0.0,6.304,0.32,0.7895,0,,,,,,,,,,,,,,,,,,,,,0,,,,,,,,,,,,,,,,,,,,,0,,,,,,,,,,,,,,,,,,,,,0,,,,,,,,,,,,,,,,,,,,,,,,,,,,,,,,,,,,,,,,,
4397511,Javon Freeman-Liberty,FA,PG,PG,FREEAGENT,0,ACTIVE,0.02,0,0.01,140.0,,,0,False,0,,,,,,,,,,,,,,,,,,,,,0,,,,,,,,,,,,,,,,,,,,,0,,,,,,,,,,,,,,,,,,,,,0,,,,,,,,,,,,,,,,,,,,,0,,,,,,,,,,,,,,,,,,,,,,,,,,,,,,,,,,,,,,,,,
3947078,Tyler Davis,OKC,C,C,FREEAGENT,0,ACTIVE,0.02,0,0.01,140.0,,,0,False,0,,,,,,,,,,,,,,,,,,,,,0,,,,,,,,,,,,,,,,,,,,,0,,,,,,,,,,,,,,,,,,,,,0,,,,,,,,,,,,,,,,,,,,,0,,,,,,,,,,,,,,,,,,,,,,,,,,,,,,,,,,,,,,,,,
2284101,Justin Holiday,FA,SG,SG,FREEAGENT,0,ACTIVE,0.02,0,0.01,140.0,,,0,False,0,,,,,,,,,,,,,,,,,,,,,0,,,,,,,,,,,,,,,,,,,,,0,,,,,,,,,,,,,,,,,,,,,0,,,,,,,,,,,,,,,,,,,,,0,,,,,,,,,,,,,,,,,,,,,,,,,,,,,,,,,,,,,,,,,
4395627,Cam Reddish,FA,SF,SF,FREEAGENT,0,ACTIVE,0.02,0,0.01,140.0,,,0,False,0,,,,,,,,,,,,,,,,,,,,,0,,,,,,,,,,,,,,,,,,,,,0,,,,,,,,,,,,,,,,,,,,,0,,,,,,,,,,,,,,,,,,,,,0,,,,,,,,,,,,,,,,,,,,,,,,,,,,,,,,,,,,,,,,,
4065805,Markus Howard,DEN,PG,PG,FREEAGENT,0,ACTIVE,0.02,0,0.01,140.0,,,0,False,0,,,,,,,,,,,,,,,,,,,,,0,,,,,,,,,,,,,,,,,,,,,0,,,,,,,,,,,,,,,,,,,,,0,,,,,,,,,,,,,,,,,,,,,0,,,,,,,,,,,,,,,,,,,,,,,,,,,,,,,,,,,,,,,,,
5184016,Malique Lewis,FA,SF,SF,FREEAGENT,0,ACTIVE,0.02,0,0.01,140.0,,,0,False,,,,,,,,,,,,,,,,,,,,,,0,,,,,,,,,,,,,,,,,,,,,0,,,,,,,,,,,,,,,,,,,,,0,,,,,,,,,,,,,,,,,,,,,0,,,,,,,,,,,,,,,,,,,,,,,,,,,,,,,,,,,,,,,,,
3138155,Joel Berry II,LAL,PG,PG,FREEAGENT,0,ACTIVE,0.02,0,0.01,140.0,,,0,False,0,,,,,,,,,,,,,,,,,,,,,0,,,,,,,,,,,,,,,,,,,,,0,,,,,,,,,,,,,,,,,,,,,0,,,,,,,,,,,,,,,,,,,,,0,,,,,,,,,,,,,,,,,,,,,,,,,,,,,,,,,,,,,,,,,
3902065,Nikola Radicevic,DEN,PG,PG,FREEAGENT,0,ACTIVE,0.02,0,0.01,140.0,,,0,False,0,,,,,,,,,,,,,,,,,,,,,0,,,,,,,,,,,,,,,,,,,,,0,,,,,,,,,,,,,,,,,,,,,0,,,,,,,,,,,,,,,,,,,,,0,,,,,,,,,,,,,,,,,,,,,,,,,,,,,,,,,,,,,,,,,
4713010,David Jones Garcia,SAS,SF,SF,FREEAGENT,0,DAY_TO_DAY,0.02,0,0,140.0,,,0,False,11.0,,2.909,1.182,1.636,0.545,0.091,0.273,0.455,0.455,1.182,2.273,0.273,0.545,0.364,0.818,0.0,0.0,6.364,0.52,0.5,0,,,,,,,,,,,,,,,,,,,,,0,,,,,,,,,,,,,,,,,,,,,0,,,,,,,,,,,,,,,,,,,,,0,,,,,,,,,,,,,,,,,,,,,,,,,,,,,,,,,,,,,,,,,
2566745,Quinn Cook,SAC,PG,PG,FREEAGENT,0,ACTIVE,0.02,0,0.01,140.0,,,0,False,0,,,,,,,,,,,,,,,,,,,,,0,,,,,,,,,,,,,,,,,,,,,0,,,,,,,,,,,,,,,,,,,,,0,,,,,,,,,,,,,,,,,,,,,0,,,,,,,,,,,,,,,,,,,,,,,,,,,,,,,,,,,,,,,,,
3058269,Joe Chealey,CHA,PG,PG,FREEAGENT,0,ACTIVE,0.02,0,0.01,140.0,,,0,False,0,,,,,,,,,,,,,,,,,,,,,0,,,,,,,,,,,,,,,,,,,,,0,,,,,,,,,,,,,,,,,,,,,0,,,,,,,,,,,,,,,,,,,,,0,,,,,,,,,,,,,,,,,,,,,,,,,,,,,,,,,,,,,,,,,
5159486,Yongxi Cui,BKN,SG,SG,FREEAGENT,0,ACTIVE,0.02,0,0.01,140.0,,,0,False,0,,,,,,,,,,,,,,,,,,,,,0,,,,,,,,,,,,,,,,,,,,,0,,,,,,,,,,,,,,,,,,,,,0,,,,,,,,,,,,,,,,,,,,,0,,,,,,,,,,,,,,,,,,,,,,,,,,,,,,,,,,,,,,,,,
2581184,Anthony Gill,WAS,PF,PF,FREEAGENT,0,ACTIVE,0.02,0,0.02,140.0,,,0,False,55.0,,5.836,2.873,1.255,0.564,0.382,0.309,0.873,0.655,2.455,3.909,0.618,0.836,1.055,1.818,0.0,0.0,17.327,0.6279,0.7391,0,,,,,,,,,,,,,,,,,,,,,0,,,,,,,,,,,,,,,,,,,,,0,,,,,,,,,,,,,,,,,,,,,0,,,,,,,,,,,,,,,,,,,,,,,,,,,,,,,,,,,,,,,,,
2581180,Shawn Long,HOU,PF,PF,FREEAGENT,0,ACTIVE,0.02,0,0.01,140.0,,,0,False,0,,,,,,,,,,,,,,,,,,,,,0,,,,,,,,,,,,,,,,,,,,,0,,,,,,,,,,,,,,,,,,,,,0,,,,,,,,,,,,,,,,,,,,,0,,,,,,,,,,,,,,,,,,,,,,,,,,,,,,,,,,,,,,,,,
3074748,Amida Brimah,DEN,C,C,FREEAGENT,0,ACTIVE,0.02,0,0.01,140.0,,,0,False,0,,,,,,,,,,,,,,,,,,,,,0,,,,,,,,,,,,,,,,,,,,,0,,,,,,,,,,,,,,,,,,,,,0,,,,,,,,,,,,,,,,,,,,,0,,,,,,,,,,,,,,,,,,,,,,,,,,,,,,,,,,,,,,,,,
3947156,Mamadi Diakite,FA,PF,PF,FREEAGENT,0,ACTIVE,0.02,0,0.01,140.0,,,0,False,0,,,,,,,,,,,,,,,,,,,,,0,,,,,,,,,,,,,,,,,,,,,0,,,,,,,,,,,,,,,,,,,,,0,,,,,,,,,,,,,,,,,,,,,0,,,,,,,,,,,,,,,,,,,,,,,,,,,,,,,,,,,,,,,,,
4897438,Trey Kaufman-Renn,MIN,PF,PF,FREEAGENT,0,ACTIVE,0.02,0,0.01,140.0,,,0,False,,,,,,,,,,,,,,,,,,,,,,0,,,,,,,,,,,,,,,,,,,,,0,,,,,,,,,,,,,,,,,,,,,0,,,,,,,,,,,,,,,,,,,,,0,,,,,,,,,,,,,,,,,,,,,,,,,,,,,,,,,,,,,,,,,
4395688,Jaylen Hoard,OKC,SF,SF,FREEAGENT,0,ACTIVE,0.02,0,0.01,140.0,,,0,False,0,,,,,,,,,,,,,,,,,,,,,0,,,,,,,,,,,,,,,,,,,,,0,,,,,,,,,,,,,,,,,,,,,0,,,,,,,,,,,,,,,,,,,,,0,,,,,,,,,,,,,,,,,,,,,,,,,,,,,,,,,,,,,,,,,
2282205,Malcolm Delaney,ATL,PG,PG,FREEAGENT,0,ACTIVE,0.02,0,0.01,140.0,,,0,False,0,,,,,,,,,,,,,,,,,,,,,0,,,,,,,,,,,,,,,,,,,,,0,,,,,,,,,,,,,,,,,,,,,0,,,,,,,,,,,,,,,,,,,,,0,,,,,,,,,,,,,,,,,,,,,,,,,,,,,,,,,,,,,,,,,
2560823,Zoran Dragic,BOS,SG,SG,FREEAGENT,0,ACTIVE,0.02,0,0.01,140.0,,,0,False,0,,,,,,,,,,,,,,,,,,,,,0,,,,,,,,,,,,,,,,,,,,,0,,,,,,,,,,,,,,,,,,,,,0,,,,,,,,,,,,,,,,,,,,,0,,,,,,,,,,,,,,,,,,,,,,,,,,,,,,,,,,,,,,,,,
4576085,JD Davison,ORL,PG,PG,FREEAGENT,0,ACTIVE,0.02,0,0.01,140.0,,,0,False,28.0,,2.464,1.214,1.25,0.214,0.214,0.286,1.143,0.25,0.857,2.286,0.464,0.679,0.107,1.107,0.0,0.0,7.821,0.375,0.6842,0,,,,,,,,,,,,,,,,,,,,,0,,,,,,,,,,,,,,,,,,,,,0,,,,,,,,,,,,,,,,,,,,,0,,,,,,,,,,,,,,,,,,,,,,,,,,,,,,,,,,,,,,,,,
2968334,Facundo Campazzo,DAL,PG,PG,FREEAGENT,0,ACTIVE,0.02,0,0.01,140.0,,,0,False,0,,,,,,,,,,,,,,,,,,,,,0,,,,,,,,,,,,,,,,,,,,,0,,,,,,,,,,,,,,,,,,,,,0,,,,,,,,,,,,,,,,,,,,,0,,,,,,,,,,,,,,,,,,,,,,,,,,,,,,,,,,,,,,,,,
2990968,Naz Mitrou-Long,IND,SG,SG,FREEAGENT,0,ACTIVE,0.02,0,0.01,140.0,,,0,False,0,,,,,,,,,,,,,,,,,,,,,0,,,,,,,,,,,,,,,,,,,,,0,,,,,,,,,,,,,,,,,,,,,0,,,,,,,,,,,,,,,,,,,,,0,,,,,,,,,,,,,,,,,,,,,,,,,,,,,,,,,,,,,,,,,
2968439,Aron Baynes,TOR,C,C,FREEAGENT,0,ACTIVE,0.02,0,0.01,140.0,,,0,False,0,,,,,,,,,,,,,,,,,,,,,0,,,,,,,,,,,,,,,,,,,,,0,,,,,,,,,,,,,,,,,,,,,0,,,,,,,,,,,,,,,,,,,,,0,,,,,,,,,,,,,,,,,,,,,,,,,,,,,,,,,,,,,,,,,
4590360,Chucky Hepburn,TOR,PG,PG,FREEAGENT,0,ACTIVE,0.02,0,0.01,140.0,,,0,False,2.0,,0.0,0.5,1.0,0.5,0.0,0.0,2.5,0.5,0.0,3.0,0.0,0.0,0.0,0.5,0.0,0.0,6.5,0.0,0.0,0,,,,,,,,,,,,,,,,,,,,,0,,,,,,,,,,,,,,,,,,,,,0,,,,,,,,,,,,,,,,,,,,,0,,,,,,,,,,,,,,,,,,,,,,,,,,,,,,,,,,,,,,,,,
2990983,Isaiah Cousins,UTA,SG,SG,FREEAGENT,0,ACTIVE,0.02,0,0.01,140.0,,,0,False,0,,,,,,,,,,,,,,,,,,,,,0,,,,,,,,,,,,,,,,,,,,,0,,,,,,,,,,,,,,,,,,,,,0,,,,,,,,,,,,,,,,,,,,,0,,,,,,,,,,,,,,,,,,,,,,,,,,,,,,,,,,,,,,,,,
4397882,Tolu Smith,DET,PF,PF,FREEAGENT,0,ACTIVE,0.02,0,0.01,140.0,,,0,False,15.0,,3.733,3.267,0.867,0.133,0.4,0.0,0.0,0.467,1.2,2.4,1.333,2.0,1.467,1.8,0.0,0.0,9.133,0.5,0.6667,0,,,,,,,,,,,,,,,,,,,,,0,,,,,,,,,,,,,,,,,,,,,0,,,,,,,,,,,,,,,,,,,,,0,,,,,,,,,,,,,,,,,,,,,,,,,,,,,,,,,,,,,,,,,
2327449,Jorge Gutierrez,DEN,PG,PG,FREEAGENT,0,ACTIVE,0.02,0,0.01,140.0,,,0,False,0,,,,,,,,,,,,,,,,,,,,,0,,,,,,,,,,,,,,,,,,,,,0,,,,,,,,,,,,,,,,,,,,,0,,,,,,,,,,,,,,,,,,,,,0,,,,,,,,,,,,,,,,,,,,,,,,,,,,,,,,,,,,,,,,,
2327465,Drew Gordon,PHL,PF,PF,FREEAGENT,0,ACTIVE,0.02,0,0.01,140.0,,,0,False,0,,,,,,,,,,,,,,,,,,,,,0,,,,,,,,,,,,,,,,,,,,,0,,,,,,,,,,,,,,,,,,,,,0,,,,,,,,,,,,,,,,,,,,,0,,,,,,,,,,,,,,,,,,,,,,,,,,,,,,,,,,,,,,,,,
3924880,Diamond Stone,CHI,C,C,FREEAGENT,0,ACTIVE,0.02,0,0.01,140.0,,,0,False,0,,,,,,,,,,,,,,,,,,,,,0,,,,,,,,,,,,,,,,,,,,,0,,,,,,,,,,,,,,,,,,,,,0,,,,,,,,,,,,,,,,,,,,,0,,,,,,,,,,,,,,,,,,,,,,,,,,,,,,,,,,,,,,,,,
4703115,Jaron Pierre Jr.,NOP,SG,SG,FREEAGENT,0,ACTIVE,0.02,0,0.01,140.0,,,0,False,,,,,,,,,,,,,,,,,,,,,,0,,,,,,,,,,,,,,,,,,,,,0,,,,,,,,,,,,,,,,,,,,,0,,,,,,,,,,,,,,,,,,,,,0,,,,,,,,,,,,,,,,,,,,,,,,,,,,,,,,,,,,,,,,,
4066303,Xavier Sneed,CHA,SF,SF,FREEAGENT,0,ACTIVE,0.02,0,0.01,140.0,,,0,False,0,,,,,,,,,,,,,,,,,,,,,0,,,,,,,,,,,,,,,,,,,,,0,,,,,,,,,,,,,,,,,,,,,0,,,,,,,,,,,,,,,,,,,,,0,,,,,,,,,,,,,,,,,,,,,,,,,,,,,,,,,,,,,,,,,
2325495,Larry Drew II,DET,SG,SG,FREEAGENT,0,ACTIVE,0.02,0,0,140.0,,,0,False,0,,,,,,,,,,,,,,,,,,,,,0,,,,,,,,,,,,,,,,,,,,,0,,,,,,,,,,,,,,,,,,,,,0,,,,,,,,,,,,,,,,,,,,,0,,,,,,,,,,,,,,,,,,,,,,,,,,,,,,,,,,,,,,,,,
2579458,Marcus Thornton,CLE,SG,SG,FREEAGENT,0,ACTIVE,0.02,0,0.01,140.0,,,0,False,0,,,,,,,,,,,,,,,,,,,,,0,,,,,,,,,,,,,,,,,,,,,0,,,,,,,,,,,,,,,,,,,,,0,,,,,,,,,,,,,,,,,,,,,0,,,,,,,,,,,,,,,,,,,,,,,,,,,,,,,,,,,,,,,,,
3136469,Ben Bentil,DAL,PF,PF,FREEAGENT,0,ACTIVE,0.02,0,0.01,140.0,,,0,False,0,,,,,,,,,,,,,,,,,,,,,0,,,,,,,,,,,,,,,,,,,,,0,,,,,,,,,,,,,,,,,,,,,0,,,,,,,,,,,,,,,,,,,,,0,,,,,,,,,,,,,,,,,,,,,,,,,,,,,,,,,,,,,,,,,
2991054,Mangok Mathiang,CHA,PF,PF,FREEAGENT,0,ACTIVE,0.02,0,0.01,140.0,,,0,False,0,,,,,,,,,,,,,,,,,,,,,0,,,,,,,,,,,,,,,,,,,,,0,,,,,,,,,,,,,,,,,,,,,0,,,,,,,,,,,,,,,,,,,,,0,,,,,,,,,,,,,,,,,,,,,,,,,,,,,,,,,,,,,,,,,
3136483,J.P. Macura,CLE,SG,SG,FREEAGENT,0,ACTIVE,0.02,0,0.01,140.0,,,0,False,0,,,,,,,,,,,,,,,,,,,,,0,,,,,,,,,,,,,,,,,,,,,0,,,,,,,,,,,,,,,,,,,,,0,,,,,,,,,,,,,,,,,,,,,0,,,,,,,,,,,,,,,,,,,,,,,,,,,,,,,,,,,,,,,,,
3001308,Josh Gray,BKN,PG,PG,FREEAGENT,0,ACTIVE,0.02,0,0.01,140.0,,,0,False,0,,,,,,,,,,,,,,,,,,,,,0,,,,,,,,,,,,,,,,,,,,,0,,,,,,,,,,,,,,,,,,,,,0,,,,,,,,,,,,,,,,,,,,,0,,,,,,,,,,,,,,,,,,,,,,,,,,,,,,,,,,,,,,,,,
2530276,Tyler Johnson,SAS,PG,PG,FREEAGENT,0,ACTIVE,0.02,0,0.01,140.0,,,0,False,0,,,,,,,,,,,,,,,,,,,,,0,,,,,,,,,,,,,,,,,,,,,0,,,,,,,,,,,,,,,,,,,,,0,,,,,,,,,,,,,,,,,,,,,0,,,,,,,,,,,,,,,,,,,,,,,,,,,,,,,,,,,,,,,,,
4066367,Tyler Cook,CHI,PF,PF,FREEAGENT,0,ACTIVE,0.02,0,0.01,140.0,,,0,False,0,,,,,,,,,,,,,,,,,,,,,0,,,,,,,,,,,,,,,,,,,,,0,,,,,,,,,,,,,,,,,,,,,0,,,,,,,,,,,,,,,,,,,,,0,,,,,,,,,,,,,,,,,,,,,,,,,,,,,,,,,,,,,,,,,
4291678,Haywood Highsmith,PHO,SF,SF,FREEAGENT,0,ACTIVE,0.02,0,0.01,140.0,,,0,False,7.0,,5.429,1.857,1.0,0.571,0.0,1.143,2.0,0.0,1.714,3.286,0.857,1.0,0.857,1.0,0.0,0.0,13.0,0.5217,0.8571,0,,,,,,,,,,,,,,,,,,,,,0,,,,,,,,,,,,,,,,,,,,,0,,,,,,,,,,,,,,,,,,,,,0,,,,,,,,,,,,,,,,,,,,,,,,,,,,,,,,,,,,,,,,,
4066317,Lindy Waters III,FA,SG,SG,FREEAGENT,0,ACTIVE,0.02,0,0.01,140.0,,,0,False,40.0,,2.375,0.725,0.475,0.15,0.025,0.675,1.975,0.175,0.825,2.2,0.05,0.075,0.075,0.65,0.0,0.0,7.175,0.375,0.6667,0,,,,,,,,,,,,,,,,,,,,,0,,,,,,,,,,,,,,,,,,,,,0,,,,,,,,,,,,,,,,,,,,,0,,,,,,,,,,,,,,,,,,,,,,,,,,,,,,,,,,,,,,,,,
5149711,Jaylen Martin,FA,SF,SF,FREEAGENT,0,ACTIVE,0.02,0,0.01,140.0,,,0,False,0,,,,,,,,,,,,,,,,,,,,,0,,,,,,,,,,,,,,,,,,,,,0,,,,,,,,,,,,,,,,,,,,,0,,,,,,,,,,,,,,,,,,,,,0,,,,,,,,,,,,,,,,,,,,,,,,,,,,,,,,,,,,,,,,,
4701225,PJ Hall,CHA,PF,PF,FREEAGENT,0,DAY_TO_DAY,0.02,0,0.01,140.0,,,0,False,19.0,,4.526,3.947,0.526,0.158,0.526,0.158,0.263,0.842,1.579,3.105,1.211,1.526,1.737,2.211,0.053,0.0,11.263,0.5085,0.7931,0,,,,,,,,,,,,,,,,,,,,,0,,,,,,,,,,,,,,,,,,,,,0,,,,,,,,,,,,,,,,,,,,,0,,,,,,,,,,,,,,,,,,,,,,,,,,,,,,,,,,,,,,,,,
2991227,Cleanthony Early,NYK,SF,SF,FREEAGENT,0,ACTIVE,0.02,0,0.01,140.0,,,0,False,0,,,,,,,,,,,,,,,,,,,,,0,,,,,,,,,,,,,,,,,,,,,0,,,,,,,,,,,,,,,,,,,,,0,,,,,,,,,,,,,,,,,,,,,0,,,,,,,,,,,,,,,,,,,,,,,,,,,,,,,,,,,,,,,,,
2327630,Dee Bost,FA,PG,PG,FREEAGENT,0,ACTIVE,0.02,0,0.01,140.0,,,0,False,0,,,,,,,,,,,,,,,,,,,,,0,,,,,,,,,,,,,,,,,,,,,0,,,,,,,,,,,,,,,,,,,,,0,,,,,,,,,,,,,,,,,,,,,0,,,,,,,,,,,,,,,,,,,,,,,,,,,,,,,,,,,,,,,,,
4066405,Lamar Stevens,FA,SF,SF,FREEAGENT,0,ACTIVE,0.02,0,0.01,140.0,,,0,False,0,,,,,,,,,,,,,,,,,,,,,0,,,,,,,,,,,,,,,,,,,,,0,,,,,,,,,,,,,,,,,,,,,0,,,,,,,,,,,,,,,,,,,,,0,,,,,,,,,,,,,,,,,,,,,,,,,,,,,,,,,,,,,,,,,
4592686,Antonio Reeves,MIN,SG,SG,FREEAGENT,0,ACTIVE,0.02,0.01,0.01,140.0,,,0,False,10.0,,2.7,0.8,0.3,0.1,0.0,0.7,1.3,0.1,1.0,2.0,0.0,0.0,0.2,0.6,0.0,0.0,6.9,0.5,0.0,0,,,,,,,,,,,,,,,,,,,,,0,,,,,,,,,,,,,,,,,,,,,0,,,,,,,,,,,,,,,,,,,,,0,,,,,,,,,,,,,,,,,,,,,,,,,,,,,,,,,,,,,,,,,
2528354,Cameron Bairstow,DET,PF,PF,FREEAGENT,0,ACTIVE,0.02,0,0.01,140.0,,,0,False,0,,,,,,,,,,,,,,,,,,,,,0,,,,,,,,,,,,,,,,,,,,,0,,,,,,,,,,,,,,,,,,,,,0,,,,,,,,,,,,,,,,,,,,,0,,,,,,,,,,,,,,,,,,,,,,,,,,,,,,,,,,,,,,,,,
4592857,Isaiah Crawford,HOU,SF,SF,FREEAGENT,0,ACTIVE,0.02,0,0.01,140.0,,,0,False,14.0,,2.0,1.143,0.357,0.143,0.214,0.214,0.929,0.286,0.714,1.714,0.357,0.429,0.214,0.929,0.0,0.0,6.714,0.4167,0.8333,0,,,,,,,,,,,,,,,,,,,,,0,,,,,,,,,,,,,,,,,,,,,0,,,,,,,,,,,,,,,,,,,,,0,,,,,,,,,,,,,,,,,,,,,,,,,,,,,,,,,,,,,,,,,
2489530,Troy Daniels,DEN,SG,SG,FREEAGENT,0,ACTIVE,0.02,0,0,140.0,,,0,False,0,,,,,,,,,,,,,,,,,,,,,0,,,,,,,,,,,,,,,,,,,,,0,,,,,,,,,,,,,,,,,,,,,0,,,,,,,,,,,,,,,,,,,,,0,,,,,,,,,,,,,,,,,,,,,,,,,,,,,,,,,,,,,,,,,
4066486,Jarron Cumberland,FA,SG,SG,FREEAGENT,0,ACTIVE,0.02,0,0.01,140.0,,,0,False,0,,,,,,,,,,,,,,,,,,,,,0,,,,,,,,,,,,,,,,,,,,,0,,,,,,,,,,,,,,,,,,,,,0,,,,,,,,,,,,,,,,,,,,,0,,,,,,,,,,,,,,,,,,,,,,,,,,,,,,,,,,,,,,,,,
2991295,Matt Williams Jr.,MIA,SG,SG,FREEAGENT,0,ACTIVE,0.02,0,0.02,140.0,,,0,False,0,,,,,,,,,,,,,,,,,,,,,0,,,,,,,,,,,,,,,,,,,,,0,,,,,,,,,,,,,,,,,,,,,0,,,,,,,,,,,,,,,,,,,,,0,,,,,,,,,,,,,,,,,,,,,,,,,,,,,,,,,,,,,,,,,
4279532,Stanley Umude,FA,SG,SG,FREEAGENT,0,ACTIVE,0.02,0,0.01,140.0,,,0,False,2.0,,1.0,0.0,0.5,0.5,0.0,0.0,0.5,0.0,0.5,1.0,0.0,0.0,0.0,0.0,0.0,0.0,3.0,0.5,0.0,0,,,,,,,,,,,,,,,,,,,,,0,,,,,,,,,,,,,,,,,,,,,0,,,,,,,,,,,,,,,,,,,,,0,,,,,,,,,,,,,,,,,,,,,,,,,,,,,,,,,,,,,,,,,
2991274,Shaquille Harrison,MEM,SG,SG,FREEAGENT,0,ACTIVE,0.02,0,0.01,140.0,,,0,False,0,,,,,,,,,,,,,,,,,,,,,0,,,,,,,,,,,,,,,,,,,,,0,,,,,,,,,,,,,,,,,,,,,0,,,,,,,,,,,,,,,,,,,,,0,,,,,,,,,,,,,,,,,,,,,,,,,,,,,,,,,,,,,,,,,
5358755,Vsevolod Ishchenko,DAL,SG,SG,FREEAGENT,0,ACTIVE,0.02,0,0.01,140.0,,,0,False,,,,,,,,,,,,,,,,,,,,,,0,,,,,,,,,,,,,,,,,,,,,0,,,,,,,,,,,,,,,,,,,,,0,,,,,,,,,,,,,,,,,,,,,0,,,,,,,,,,,,,,,,,,,,,,,,,,,,,,,,,,,,,,,,,
3149036,Matt Mooney,NYK,SG,SG,FREEAGENT,0,ACTIVE,0.02,0,0.01,140.0,,,0,False,0,,,,,,,,,,,,,,,,,,,,,0,,,,,,,,,,,,,,,,,,,,,0,,,,,,,,,,,,,,,,,,,,,0,,,,,,,,,,,,,,,,,,,,,0,,,,,,,,,,,,,,,,,,,,,,,,,,,,,,,,,,,,,,,,,
3929321,Gabriel Deck,OKC,SF,SF,FREEAGENT,0,ACTIVE,0.02,0,0.01,140.0,,,0,False,0,,,,,,,,,,,,,,,,,,,,,0,,,,,,,,,,,,,,,,,,,,,0,,,,,,,,,,,,,,,,,,,,,0,,,,,,,,,,,,,,,,,,,,,0,,,,,,,,,,,,,,,,,,,,,,,,,,,,,,,,,,,,,,,,,
2489664,David Stockton,FA,PG,PG,FREEAGENT,0,ACTIVE,0.02,0,0.01,140.0,,,0,False,0,,,,,,,,,,,,,,,,,,,,,0,,,,,,,,,,,,,,,,,,,,,0,,,,,,,,,,,,,,,,,,,,,0,,,,,,,,,,,,,,,,,,,,,0,,,,,,,,,,,,,,,,,,,,,,,,,,,,,,,,,,,,,,,,,
4433246,Patrick Baldwin Jr.,FA,SF,SF,FREEAGENT,0,ACTIVE,0.02,0,0.01,140.0,,,0,False,9.0,,3.667,2.556,0.556,0.333,0.556,0.667,1.556,0.556,1.222,3.0,0.556,0.778,1.333,1.222,0.0,0.0,11.444,0.4074,0.7143,0,,,,,,,,,,,,,,,,,,,,,0,,,,,,,,,,,,,,,,,,,,,0,,,,,,,,,,,,,,,,,,,,,0,,,,,,,,,,,,,,,,,,,,,,,,,,,,,,,,,,,,,,,,,
2596158,Shane Larkin,BOS,PG,PG,FREEAGENT,0,ACTIVE,0.02,0,0.01,140.0,,,0,False,0,,,,,,,,,,,,,,,,,,,,,0,,,,,,,,,,,,,,,,,,,,,0,,,,,,,,,,,,,,,,,,,,,0,,,,,,,,,,,,,,,,,,,,,0,,,,,,,,,,,,,,,,,,,,,,,,,,,,,,,,,,,,,,,,,
2528586,Walt Lemon Jr.,IND,PG,PG,FREEAGENT,0,ACTIVE,0.02,0,0.02,140.0,,,0,False,0,,,,,,,,,,,,,,,,,,,,,0,,,,,,,,,,,,,,,,,,,,,0,,,,,,,,,,,,,,,,,,,,,0,,,,,,,,,,,,,,,,,,,,,0,,,,,,,,,,,,,,,,,,,,,,,,,,,,,,,,,,,,,,,,,
2530572,Langston Galloway,IND,SG,SG,FREEAGENT,0,ACTIVE,0.02,0,0.01,140.0,,,0,False,0,,,,,,,,,,,,,,,,,,,,,0,,,,,,,,,,,,,,,,,,,,,0,,,,,,,,,,,,,,,,,,,,,0,,,,,,,,,,,,,,,,,,,,,0,,,,,,,,,,,,,,,,,,,,,,,,,,,,,,,,,,,,,,,,,
2596107,Alex Len,FA,C,C,FREEAGENT,0,ACTIVE,0.02,0,0.02,140.0,,,0,False,0,,,,,,,,,,,,,,,,,,,,,0,,,,,,,,,,,,,,,,,,,,,0,,,,,,,,,,,,,,,,,,,,,0,,,,,,,,,,,,,,,,,,,,,0,,,,,,,,,,,,,,,,,,,,,,,,,,,,,,,,,,,,,,,,,
4433268,Trey Alexander,UTA,SG,SG,FREEAGENT,0,ACTIVE,0.02,0,0.01,140.0,,,0,False,9.0,,5.222,1.222,1.0,0.667,0.222,0.667,1.333,0.333,2.111,4.111,0.333,0.556,0.111,1.111,0.0,0.0,12.333,0.5135,0.6,0,,,,,,,,,,,,,,,,,,,,,0,,,,,,,,,,,,,,,,,,,,,0,,,,,,,,,,,,,,,,,,,,,0,,,,,,,,,,,,,,,,,,,,,,,,,,,,,,,,,,,,,,,,,
2327832,Trey McKinney-Jones,IND,SG,SG,FREEAGENT,0,ACTIVE,0.02,0,0.01,140.0,,,0,False,0,,,,,,,,,,,,,,,,,,,,,0,,,,,,,,,,,,,,,,,,,,,0,,,,,,,,,,,,,,,,,,,,,0,,,,,,,,,,,,,,,,,,,,,0,,,,,,,,,,,,,,,,,,,,,,,,,,,,,,,,,,,,,,,,,
3153165,Chris McCullough,DET,PF,PF,FREEAGENT,0,ACTIVE,0.02,0,0.01,140.0,,,0,False,0,,,,,,,,,,,,,,,,,,,,,0,,,,,,,,,,,,,,,,,,,,,0,,,,,,,,,,,,,,,,,,,,,0,,,,,,,,,,,,,,,,,,,,,0,,,,,,,,,,,,,,,,,,,,,,,,,,,,,,,,,,,,,,,,,
5174655,Chaney Johnson,BKN,SF,SF,FREEAGENT,0,ACTIVE,0.02,0,0.01,140.0,,,0,False,17.0,,8.176,4.647,2.118,0.882,0.529,0.529,1.765,1.176,3.0,5.529,1.647,2.059,1.941,2.706,0.059,0.0,20.294,0.5426,0.8,0,,,,,,,,,,,,,,,,,,,,,0,,,,,,,,,,,,,,,,,,,,,0,,,,,,,,,,,,,,,,,,,,,0,,,,,,,,,,,,,,,,,,,,,,,,,,,,,,,,,,,,,,,,,
4066668,Malachi Flynn,CHA,PG,PG,FREEAGENT,0,ACTIVE,0.02,0,0.01,140.0,,,0,False,0,,,,,,,,,,,,,,,,,,,,,0,,,,,,,,,,,,,,,,,,,,,0,,,,,,,,,,,,,,,,,,,,,0,,,,,,,,,,,,,,,,,,,,,0,,,,,,,,,,,,,,,,,,,,,,,,,,,,,,,,,,,,,,,,,
2528588,Doug McDermott,FA,SF,SF,FREEAGENT,0,ACTIVE,0.02,0,0.01,140.0,,,0,False,29.0,,5.655,1.276,0.759,0.207,0.138,1.655,4.241,0.448,1.862,4.793,0.276,0.31,0.241,1.034,0.0,0.0,15.138,0.3885,0.8889,0,,,,,,,,,,,,,,,,,,,,,0,,,,,,,,,,,,,,,,,,,,,0,,,,,,,,,,,,,,,,,,,,,0,,,,,,,,,,,,,,,,,,,,,,,,,,,,,,,,,,,,,,,,,
4066651,Killian Tillie,MEM,C,C,FREEAGENT,0,ACTIVE,0.02,0,0.01,140.0,,,0,False,0,,,,,,,,,,,,,,,,,,,,,0,,,,,,,,,,,,,,,,,,,,,0,,,,,,,,,,,,,,,,,,,,,0,,,,,,,,,,,,,,,,,,,,,0,,,,,,,,,,,,,,,,,,,,,,,,,,,,,,,,,,,,,,,,,
4066649,Zach Norvell Jr.,CHI,SG,SG,FREEAGENT,0,ACTIVE,0.02,0,0.01,140.0,,,0,False,0,,,,,,,,,,,,,,,,,,,,,0,,,,,,,,,,,,,,,,,,,,,0,,,,,,,,,,,,,,,,,,,,,0,,,,,,,,,,,,,,,,,,,,,0,,,,,,,,,,,,,,,,,,,,,,,,,,,,,,,,,,,,,,,,,
4433378,Colby Jones,FA,SG,SG,FREEAGENT,0,ACTIVE,0.01,0,0,140.0,,,0,False,1.0,,2.0,4.0,2.0,0.0,0.0,0.0,2.0,0.0,1.0,3.0,0.0,0.0,0.0,4.0,0.0,0.0,7.0,0.3333,0.0,0,,,,,,,,,,,,,,,,,,,,,0,,,,,,,,,,,,,,,,,,,,,0,,,,,,,,,,,,,,,,,,,,,0,,,,,,,,,,,,,,,,,,,,,,,,,,,,,,,,,,,,,,,,,
2596247,Keifer Sykes,IND,SG,SG,FREEAGENT,0,ACTIVE,0.01,0,0.01,140.0,,,0,False,0,,,,,,,,,,,,,,,,,,,,,0,,,,,,,,,,,,,,,,,,,,,0,,,,,,,,,,,,,,,,,,,,,0,,,,,,,,,,,,,,,,,,,,,0,,,,,,,,,,,,,,,,,,,,,,,,,,,,,,,,,,,,,,,,,
3906977,Devin Cannady,ORL,PG,PG,FREEAGENT,0,ACTIVE,0.01,0,0,140.0,,,0,False,0,,,,,,,,,,,,,,,,,,,,,0,,,,,,,,,,,,,,,,,,,,,0,,,,,,,,,,,,,,,,,,,,,0,,,,,,,,,,,,,,,,,,,,,0,,,,,,,,,,,,,,,,,,,,,,,,,,,,,,,,,,,,,,,,,
2530722,Phil Pressey,GSW,PG,PG,FREEAGENT,0,ACTIVE,0.01,0,0.01,140.0,,,0,False,0,,,,,,,,,,,,,,,,,,,,,0,,,,,,,,,,,,,,,,,,,,,0,,,,,,,,,,,,,,,,,,,,,0,,,,,,,,,,,,,,,,,,,,,0,,,,,,,,,,,,,,,,,,,,,,,,,,,,,,,,,,,,,,,,,
5144071,Eli John Ndiaye,FA,PF,PF,FREEAGENT,0,DAY_TO_DAY,0.01,0,0,140.0,,,0,False,0,,,,,,,,,,,,,,,,,,,,,0,,,,,,,,,,,,,,,,,,,,,0,,,,,,,,,,,,,,,,,,,,,0,,,,,,,,,,,,,,,,,,,,,0,,,,,,,,,,,,,,,,,,,,,,,,,,,,,,,,,,,,,,,,,
5144070,Juan Nunez,FA,PG,PG,FREEAGENT,0,ACTIVE,0.01,0,0.01,140.0,,,0,False,0,,,,,,,,,,,,,,,,,,,,,0,,,,,,,,,,,,,,,,,,,,,0,,,,,,,,,,,,,,,,,,,,,0,,,,,,,,,,,,,,,,,,,,,0,,,,,,,,,,,,,,,,,,,,,,,,,,,,,,,,,,,,,,,,,
4279815,Terry Taylor,FA,PF,PF,FREEAGENT,0,ACTIVE,0.01,0,0.01,140.0,,,0,False,0,,,,,,,,,,,,,,,,,,,,,0,,,,,,,,,,,,,,,,,,,,,0,,,,,,,,,,,,,,,,,,,,,0,,,,,,,,,,,,,,,,,,,,,0,,,,,,,,,,,,,,,,,,,,,,,,,,,,,,,,,,,,,,,,,
4593041,David Roddy,FA,PF,PF,FREEAGENT,0,ACTIVE,0.01,0,0,140.0,,,0,False,5.0,,8.0,4.0,0.8,0.8,0.2,0.6,2.2,0.4,3.0,6.0,1.4,1.4,1.6,2.4,0.2,0.0,14.6,0.5,1.0,0,,,,,,,,,,,,,,,,,,,,,0,,,,,,,,,,,,,,,,,,,,,0,,,,,,,,,,,,,,,,,,,,,0,,,,,,,,,,,,,,,,,,,,,,,,,,,,,,,,,,,,,,,,,
4593049,Orlando Robinson,CHI,C,C,FREEAGENT,0,ACTIVE,0.01,0,0,140.0,,,0,False,4.0,,1.75,1.0,0.75,0.25,0.0,0.25,0.5,0.0,0.75,1.25,0.0,0.0,0.5,0.5,0.0,0.0,6.25,0.6,0.0,0,,,,,,,,,,,,,,,,,,,,,0,,,,,,,,,,,,,,,,,,,,,0,,,,,,,,,,,,,,,,,,,,,0,,,,,,,,,,,,,,,,,,,,,,,,,,,,,,,,,,,,,,,,,
4230554,Marko Guduric,MEM,SG,SG,FREEAGENT,0,ACTIVE,0.01,0,0,140.0,,,0,False,0,,,,,,,,,,,,,,,,,,,,,0,,,,,,,,,,,,,,,,,,,,,0,,,,,,,,,,,,,,,,,,,,,0,,,,,,,,,,,,,,,,,,,,,0,,,,,,,,,,,,,,,,,,,,,,,,,,,,,,,,,,,,,,,,,
4230557,Vlatko Cancar,FA,SF,SF,FREEAGENT,0,ACTIVE,0.01,0,0.01,140.0,,,0,False,0,,,,,,,,,,,,,,,,,,,,,0,,,,,,,,,,,,,,,,,,,,,0,,,,,,,,,,,,,,,,,,,,,0,,,,,,,,,,,,,,,,,,,,,0,,,,,,,,,,,,,,,,,,,,,,,,,,,,,,,,,,,,,,,,,
4066808,Taze Moore,FA,SG,SG,FREEAGENT,0,ACTIVE,0.01,0,0.01,140.0,,,0,False,0,,,,,,,,,,,,,,,,,,,,,0,,,,,,,,,,,,,,,,,,,,,0,,,,,,,,,,,,,,,,,,,,,0,,,,,,,,,,,,,,,,,,,,,0,,,,,,,,,,,,,,,,,,,,,,,,,,,,,,,,,,,,,,,,,
4066796,DeJon Jarreau,MEM,PG,PG,FREEAGENT,0,ACTIVE,0.01,0,0.01,140.0,,,0,False,11.0,,8.0,4.636,3.273,0.909,0.727,0.364,2.727,2.364,3.0,7.545,1.636,2.091,1.091,3.545,0.0,0.0,20.909,0.3976,0.7826,0,,,,,,,,,,,,,,,,,,,,,0,,,,,,,,,,,,,,,,,,,,,0,,,,,,,,,,,,,,,,,,,,,0,,,,,,,,,,,,,,,,,,,,,,,,,,,,,,,,,,,,,,,,,
4064727,Josh Magette,ORL,PG,PG,FREEAGENT,0,ACTIVE,0.01,0,0,140.0,,,0,False,0,,,,,,,,,,,,,,,,,,,,,0,,,,,,,,,,,,,,,,,,,,,0,,,,,,,,,,,,,,,,,,,,,0,,,,,,,,,,,,,,,,,,,,,0,,,,,,,,,,,,,,,,,,,,,,,,,,,,,,,,,,,,,,,,,
3136991,Dakota Mathias,MEM,SG,SG,FREEAGENT,0,ACTIVE,0.01,0,0,140.0,,,0,False,0,,,,,,,,,,,,,,,,,,,,,0,,,,,,,,,,,,,,,,,,,,,0,,,,,,,,,,,,,,,,,,,,,0,,,,,,,,,,,,,,,,,,,,,0,,,,,,,,,,,,,,,,,,,,,,,,,,,,,,,,,,,,,,,,,
4066889,Jackson Rowe,FA,PF,PF,FREEAGENT,0,ACTIVE,0.01,0,0.01,140.0,,,0,False,0,,,,,,,,,,,,,,,,,,,,,0,,,,,,,,,,,,,,,,,,,,,0,,,,,,,,,,,,,,,,,,,,,0,,,,,,,,,,,,,,,,,,,,,0,,,,,,,,,,,,,,,,,,,,,,,,,,,,,,,,,,,,,,,,,
4277842,Trevon Duval,HOU,PG,PG,FREEAGENT,0,ACTIVE,0.01,0,0,140.0,,,0,False,0,,,,,,,,,,,,,,,,,,,,,0,,,,,,,,,,,,,,,,,,,,,0,,,,,,,,,,,,,,,,,,,,,0,,,,,,,,,,,,,,,,,,,,,0,,,,,,,,,,,,,,,,,,,,,,,,,,,,,,,,,,,,,,,,,
4396629,Nate Hinton,FA,SG,SG,FREEAGENT,0,DAY_TO_DAY,0.01,0,0,140.0,,,0,False,0,,,,,,,,,,,,,,,,,,,,,0,,,,,,,,,,,,,,,,,,,,,0,,,,,,,,,,,,,,,,,,,,,0,,,,,,,,,,,,,,,,,,,,,0,,,,,,,,,,,,,,,,,,,,,,,,,,,,,,,,,,,,,,,,,
3059247,Xavier Rathan-Mayes,NYK,PG,PG,FREEAGENT,0,ACTIVE,0.01,0,0.01,140.0,,,0,False,0,,,,,,,,,,,,,,,,,,,,,0,,,,,,,,,,,,,,,,,,,,,0,,,,,,,,,,,,,,,,,,,,,0,,,,,,,,,,,,,,,,,,,,,0,,,,,,,,,,,,,,,,,,,,,,,,,,,,,,,,,,,,,,,,,
4277854,MJ Walker,FA,SG,SG,FREEAGENT,0,ACTIVE,0.01,0,0.01,140.0,,,0,False,0,,,,,,,,,,,,,,,,,,,,,0,,,,,,,,,,,,,,,,,,,,,0,,,,,,,,,,,,,,,,,,,,,0,,,,,,,,,,,,,,,,,,,,,0,,,,,,,,,,,,,,,,,,,,,,,,,,,,,,,,,,,,,,,,,
4277886,Freddie Gillespie,ORL,PF,PF,FREEAGENT,0,ACTIVE,0.01,0,0.01,140.0,,,0,False,0,,,,,,,,,,,,,,,,,,,,,0,,,,,,,,,,,,,,,,,,,,,0,,,,,,,,,,,,,,,,,,,,,0,,,,,,,,,,,,,,,,,,,,,0,,,,,,,,,,,,,,,,,,,,,,,,,,,,,,,,,,,,,,,,,
3057189,Ben Moore,SAS,PF,PF,FREEAGENT,0,ACTIVE,0.01,0,0.01,140.0,,,0,False,0,,,,,,,,,,,,,,,,,,,,,0,,,,,,,,,,,,,,,,,,,,,0,,,,,,,,,,,,,,,,,,,,,0,,,,,,,,,,,,,,,,,,,,,0,,,,,,,,,,,,,,,,,,,,,,,,,,,,,,,,,,,,,,,,,
4277892,Marcus Garrett,FA,SG,SG,FREEAGENT,0,ACTIVE,0.01,0,0.01,140.0,,,0,False,0,,,,,,,,,,,,,,,,,,,,,0,,,,,,,,,,,,,,,,,,,,,0,,,,,,,,,,,,,,,,,,,,,0,,,,,,,,,,,,,,,,,,,,,0,,,,,,,,,,,,,,,,,,,,,,,,,,,,,,,,,,,,,,,,,
4396682,Jaime Echenique,WAS,C,C,FREEAGENT,0,ACTIVE,0.01,0,0,140.0,,,0,False,0,,,,,,,,,,,,,,,,,,,,,0,,,,,,,,,,,,,,,,,,,,,0,,,,,,,,,,,,,,,,,,,,,0,,,,,,,,,,,,,,,,,,,,,0,,,,,,,,,,,,,,,,,,,,,,,,,,,,,,,,,,,,,,,,,
2530923,Alfonzo McKinnie,CHI,SF,SF,FREEAGENT,0,ACTIVE,0.01,0,0,140.0,,,0,False,0,,,,,,,,,,,,,,,,,,,,,0,,,,,,,,,,,,,,,,,,,,,0,,,,,,,,,,,,,,,,,,,,,0,,,,,,,,,,,,,,,,,,,,,0,,,,,,,,,,,,,,,,,,,,,,,,,,,,,,,,,,,,,,,,,
4597259,Javonte Cooke,FA,SG,SG,FREEAGENT,0,ACTIVE,0.01,0,0.01,140.0,,,0,False,19.0,,1.211,1.0,0.368,0.316,0.0,0.158,1.211,0.474,0.474,2.158,0.105,0.105,0.211,0.789,0.0,0.0,4.947,0.2195,1.0,0,,,,,,,,,,,,,,,,,,,,,0,,,,,,,,,,,,,,,,,,,,,0,,,,,,,,,,,,,,,,,,,,,0,,,,,,,,,,,,,,,,,,,,,,,,,,,,,,,,,,,,,,,,,
3059310,Monte Morris,FA,PG,PG,FREEAGENT,0,ACTIVE,0.01,0,0.01,140.0,,,0,False,6.0,,3.0,1.167,1.5,0.167,0.167,0.333,1.333,0.333,1.167,3.333,0.333,0.667,0.167,1.0,0.0,0.0,10.667,0.35,0.5,0,,,,,,,,,,,,,,,,,,,,,0,,,,,,,,,,,,,,,,,,,,,0,,,,,,,,,,,,,,,,,,,,,0,,,,,,,,,,,,,,,,,,,,,,,,,,,,,,,,,,,,,,,,,
3057240,Cameron Reynolds,HOU,SG,SG,FREEAGENT,0,ACTIVE,0.01,0,0.01,140.0,,,0,False,0,,,,,,,,,,,,,,,,,,,,,0,,,,,,,,,,,,,,,,,,,,,0,,,,,,,,,,,,,,,,,,,,,0,,,,,,,,,,,,,,,,,,,,,0,,,,,,,,,,,,,,,,,,,,,,,,,,,,,,,,,,,,,,,,,
3059286,London Perrantes,POR,PG,PG,FREEAGENT,0,ACTIVE,0.01,0,0.01,140.0,,,0,False,0,,,,,,,,,,,,,,,,,,,,,0,,,,,,,,,,,,,,,,,,,,,0,,,,,,,,,,,,,,,,,,,,,0,,,,,,,,,,,,,,,,,,,,,0,,,,,,,,,,,,,,,,,,,,,,,,,,,,,,,,,,,,,,,,,
3059281,Tyler Ennis,LAL,PG,PG,FREEAGENT,0,ACTIVE,0.01,0,0,140.0,,,0,False,0,,,,,,,,,,,,,,,,,,,,,0,,,,,,,,,,,,,,,,,,,,,0,,,,,,,,,,,,,,,,,,,,,0,,,,,,,,,,,,,,,,,,,,,0,,,,,,,,,,,,,,,,,,,,,,,,,,,,,,,,,,,,,,,,,
3919454,Terence Davis,FA,SG,SG,FREEAGENT,0,ACTIVE,0.01,0,0.01,140.0,,,0,False,0,,,,,,,,,,,,,,,,,,,,,0,,,,,,,,,,,,,,,,,,,,,0,,,,,,,,,,,,,,,,,,,,,0,,,,,,,,,,,,,,,,,,,,,0,,,,,,,,,,,,,,,,,,,,,,,,,,,,,,,,,,,,,,,,,
3147366,Chinanu Onuaku,POR,PF,PF,FREEAGENT,0,ACTIVE,0.01,0,0,140.0,,,0,False,0,,,,,,,,,,,,,,,,,,,,,0,,,,,,,,,,,,,,,,,,,,,0,,,,,,,,,,,,,,,,,,,,,0,,,,,,,,,,,,,,,,,,,,,0,,,,,,,,,,,,,,,,,,,,,,,,,,,,,,,,,,,,,,,,,
3059306,Johnathan Motley,PHO,PF,PF,FREEAGENT,0,ACTIVE,0.01,0,0,140.0,,,0,False,0,,,,,,,,,,,,,,,,,,,,,0,,,,,,,,,,,,,,,,,,,,,0,,,,,,,,,,,,,,,,,,,,,0,,,,,,,,,,,,,,,,,,,,,0,,,,,,,,,,,,,,,,,,,,,,,,,,,,,,,,,,,,,,,,,
4898369,Curtis Jones,CLE,SG,SG,FREEAGENT,0,ACTIVE,0.01,0,0,140.0,,,0,False,10.0,,2.9,1.1,1.0,0.4,0.0,0.6,1.8,0.2,1.1,2.7,0.1,0.2,0.2,0.9,0.0,0.0,8.7,0.4074,0.5,0,,,,,,,,,,,,,,,,,,,,,0,,,,,,,,,,,,,,,,,,,,,0,,,,,,,,,,,,,,,,,,,,,0,,,,,,,,,,,,,,,,,,,,,,,,,,,,,,,,,,,,,,,,,
2614962,Jarnell Stokes,MEM,PF,PF,FREEAGENT,0,ACTIVE,0.01,0,0,140.0,,,0,False,0,,,,,,,,,,,,,,,,,,,,,0,,,,,,,,,,,,,,,,,,,,,0,,,,,,,,,,,,,,,,,,,,,0,,,,,,,,,,,,,,,,,,,,,0,,,,,,,,,,,,,,,,,,,,,,,,,,,,,,,,,,,,,,,,,
4067017,A.J. Lawson,FA,SG,SG,FREEAGENT,0,ACTIVE,0.01,0,0.01,140.0,,,0,False,24.0,,4.208,1.792,0.292,0.5,0.167,0.792,1.875,0.25,1.417,3.25,0.583,0.75,0.375,1.417,0.0,0.0,9.417,0.4359,0.7778,0,,,,,,,,,,,,,,,,,,,,,0,,,,,,,,,,,,,,,,,,,,,0,,,,,,,,,,,,,,,,,,,,,0,,,,,,,,,,,,,,,,,,,,,,,,,,,,,,,,,,,,,,,,,
4433622,Chris Livingston,WAS,SF,SF,FREEAGENT,0,ACTIVE,0.01,0,0,140.0,,,0,False,3.0,,3.0,1.0,0.333,0.333,0.0,0.0,1.0,0.0,1.333,2.333,0.333,0.333,0.0,1.0,0.0,0.0,5.667,0.5714,1.0,0,,,,,,,,,,,,,,,,,,,,,0,,,,,,,,,,,,,,,,,,,,,0,,,,,,,,,,,,,,,,,,,,,0,,,,,,,,,,,,,,,,,,,,,,,,,,,,,,,,,,,,,,,,,
4017845,Isaia Cordinier,ATL,SG,SG,FREEAGENT,0,ACTIVE,0.01,0,0.01,140.0,,,0,False,0,,,,,,,,,,,,,,,,,,,,,0,,,,,,,,,,,,,,,,,,,,,0,,,,,,,,,,,,,,,,,,,,,0,,,,,,,,,,,,,,,,,,,,,0,,,,,,,,,,,,,,,,,,,,,,,,,,,,,,,,,,,,,,,,,
5170949,Alex Toohey,GSW,PF,PF,FREEAGENT,0,ACTIVE,0.01,0,0.01,140.0,,,0,False,0,,,,,,,,,,,,,,,,,,,,,0,,,,,,,,,,,,,,,,,,,,,0,,,,,,,,,,,,,,,,,,,,,0,,,,,,,,,,,,,,,,,,,,,0,,,,,,,,,,,,,,,,,,,,,,,,,,,,,,,,,,,,,,,,,
3059358,Deonte Burton,SAC,SG,SG,FREEAGENT,0,ACTIVE,0.01,0,0.01,140.0,,,0,False,0,,,,,,,,,,,,,,,,,,,,,0,,,,,,,,,,,,,,,,,,,,,0,,,,,,,,,,,,,,,,,,,,,0,,,,,,,,,,,,,,,,,,,,,0,,,,,,,,,,,,,,,,,,,,,,,,,,,,,,,,,,,,,,,,,
4067069,Nate Darling,FA,SG,SG,FREEAGENT,0,ACTIVE,0.01,0,0,140.0,,,0,False,0,,,,,,,,,,,,,,,,,,,,,0,,,,,,,,,,,,,,,,,,,,,0,,,,,,,,,,,,,,,,,,,,,0,,,,,,,,,,,,,,,,,,,,,0,,,,,,,,,,,,,,,,,,,,,,,,,,,,,,,,,,,,,,,,,
2993873,Jordan Adams,MEM,SG,SG,FREEAGENT,0,ACTIVE,0.01,0,0.01,140.0,,,0,False,0,,,,,,,,,,,,,,,,,,,,,0,,,,,,,,,,,,,,,,,,,,,0,,,,,,,,,,,,,,,,,,,,,0,,,,,,,,,,,,,,,,,,,,,0,,,,,,,,,,,,,,,,,,,,,,,,,,,,,,,,,,,,,,,,,
3952343,Jaylen Morris,SAS,SG,SG,FREEAGENT,0,ACTIVE,0.01,0,0.01,140.0,,,0,False,0,,,,,,,,,,,,,,,,,,,,,0,,,,,,,,,,,,,,,,,,,,,0,,,,,,,,,,,,,,,,,,,,,0,,,,,,,,,,,,,,,,,,,,,0,,,,,,,,,,,,,,,,,,,,,,,,,,,,,,,,,,,,,,,,,
4277952,Bruno Fernando,FA,C,C,FREEAGENT,0,ACTIVE,0.01,0,0.01,140.0,,,0,False,0,,,,,,,,,,,,,,,,,,,,,0,,,,,,,,,,,,,,,,,,,,,0,,,,,,,,,,,,,,,,,,,,,0,,,,,,,,,,,,,,,,,,,,,0,,,,,,,,,,,,,,,,,,,,,,,,,,,,,,,,,,,,,,,,,
2531038,Russ Smith,MEM,PG,PG,FREEAGENT,0,ACTIVE,0.01,0,0,140.0,,,0,False,0,,,,,,,,,,,,,,,,,,,,,0,,,,,,,,,,,,,,,,,,,,,0,,,,,,,,,,,,,,,,,,,,,0,,,,,,,,,,,,,,,,,,,,,0,,,,,,,,,,,,,,,,,,,,,,,,,,,,,,,,,,,,,,,,,
3059430,Zach Lofton,DET,SG,SG,FREEAGENT,0,ACTIVE,0.01,0,0.01,140.0,,,0,False,0,,,,,,,,,,,,,,,,,,,,,0,,,,,,,,,,,,,,,,,,,,,0,,,,,,,,,,,,,,,,,,,,,0,,,,,,,,,,,,,,,,,,,,,0,,,,,,,,,,,,,,,,,,,,,,,,,,,,,,,,,,,,,,,,,
4017875,David Michineau,LAC,SG,SG,FREEAGENT,0,ACTIVE,0.01,0,0,140.0,,,0,False,0,,,,,,,,,,,,,,,,,,,,,0,,,,,,,,,,,,,,,,,,,,,0,,,,,,,,,,,,,,,,,,,,,0,,,,,,,,,,,,,,,,,,,,,0,,,,,,,,,,,,,,,,,,,,,,,,,,,,,,,,,,,,,,,,,
2578232,DeAndre Daniels,FA,SF,SF,FREEAGENT,0,ACTIVE,0.01,0,0,140.0,,,0,False,0,,,,,,,,,,,,,,,,,,,,,0,,,,,,,,,,,,,,,,,,,,,0,,,,,,,,,,,,,,,,,,,,,0,,,,,,,,,,,,,,,,,,,,,0,,,,,,,,,,,,,,,,,,,,,,,,,,,,,,,,,,,,,,,,,
4280150,Joel Ayayi,WAS,PG,PG,FREEAGENT,0,ACTIVE,0.01,0,0.01,140.0,,,0,False,0,,,,,,,,,,,,,,,,,,,,,0,,,,,,,,,,,,,,,,,,,,,0,,,,,,,,,,,,,,,,,,,,,0,,,,,,,,,,,,,,,,,,,,,0,,,,,,,,,,,,,,,,,,,,,,,,,,,,,,,,,,,,,,,,,
5211984,Ulrich Chomche,FA,C,C,FREEAGENT,0,ACTIVE,0.01,0,0.01,140.0,,,0,False,0,,,,,,,,,,,,,,,,,,,,,0,,,,,,,,,,,,,,,,,,,,,0,,,,,,,,,,,,,,,,,,,,,0,,,,,,,,,,,,,,,,,,,,,0,,,,,,,,,,,,,,,,,,,,,,,,,,,,,,,,,,,,,,,,,
4431699,Kai Jones,FA,PF,PF,FREEAGENT,0,ACTIVE,0.01,0,0.01,140.0,,,0,False,0,,,,,,,,,,,,,,,,,,,,,0,,,,,,,,,,,,,,,,,,,,,0,,,,,,,,,,,,,,,,,,,,,0,,,,,,,,,,,,,,,,,,,,,0,,,,,,,,,,,,,,,,,,,,,,,,,,,,,,,,,,,,,,,,,
5211981,Melvin Ajinca,FA,SG,SG,FREEAGENT,0,ACTIVE,0.01,0,0,140.0,,,0,False,0,,,,,,,,,,,,,,,,,,,,,0,,,,,,,,,,,,,,,,,,,,,0,,,,,,,,,,,,,,,,,,,,,0,,,,,,,,,,,,,,,,,,,,,0,,,,,,,,,,,,,,,,,,,,,,,,,,,,,,,,,,,,,,,,,
3907386,Antonio Blakeney,CHI,SG,SG,FREEAGENT,0,ACTIVE,0.01,0,0,140.0,,,0,False,0,,,,,,,,,,,,,,,,,,,,,0,,,,,,,,,,,,,,,,,,,,,0,,,,,,,,,,,,,,,,,,,,,0,,,,,,,,,,,,,,,,,,,,,0,,,,,,,,,,,,,,,,,,,,,,,,,,,,,,,,,,,,,,,,,
3907385,Brandon Sampson,CHI,SG,SG,FREEAGENT,0,ACTIVE,0.01,0,0,140.0,,,0,False,0,,,,,,,,,,,,,,,,,,,,,0,,,,,,,,,,,,,,,,,,,,,0,,,,,,,,,,,,,,,,,,,,,0,,,,,,,,,,,,,,,,,,,,,0,,,,,,,,,,,,,,,,,,,,,,,,,,,,,,,,,,,,,,,,,
4278111,Justin Minaya,ORL,SF,SF,FREEAGENT,0,ACTIVE,0.01,0,0,140.0,,,0,False,0,,,,,,,,,,,,,,,,,,,,,0,,,,,,,,,,,,,,,,,,,,,0,,,,,,,,,,,,,,,,,,,,,0,,,,,,,,,,,,,,,,,,,,,0,,,,,,,,,,,,,,,,,,,,,,,,,,,,,,,,,,,,,,,,,
4278116,Yves Pons,MEM,SG,SG,FREEAGENT,0,ACTIVE,0.01,0,0.01,140.0,,,0,False,0,,,,,,,,,,,,,,,,,,,,,0,,,,,,,,,,,,,,,,,,,,,0,,,,,,,,,,,,,,,,,,,,,0,,,,,,,,,,,,,,,,,,,,,0,,,,,,,,,,,,,,,,,,,,,,,,,,,,,,,,,,,,,,,,,
4431720,Lester Quinones,MIA,SG,SG,FREEAGENT,0,ACTIVE,0.01,0,0,140.0,,,0,False,0,,,,,,,,,,,,,,,,,,,,,0,,,,,,,,,,,,,,,,,,,,,0,,,,,,,,,,,,,,,,,,,,,0,,,,,,,,,,,,,,,,,,,,,0,,,,,,,,,,,,,,,,,,,,,,,,,,,,,,,,,,,,,,,,,
2531097,Keith Appling,ORL,PG,PG,FREEAGENT,0,ACTIVE,0.01,0,0.01,140.0,,,0,False,0,,,,,,,,,,,,,,,,,,,,,0,,,,,,,,,,,,,,,,,,,,,0,,,,,,,,,,,,,,,,,,,,,0,,,,,,,,,,,,,,,,,,,,,0,,,,,,,,,,,,,,,,,,,,,,,,,,,,,,,,,,,,,,,,,
3893020,Alpha Kaba,ATL,PF,PF,FREEAGENT,0,ACTIVE,0.01,0,0,140.0,,,0,False,0,,,,,,,,,,,,,,,,,,,,,0,,,,,,,,,,,,,,,,,,,,,0,,,,,,,,,,,,,,,,,,,,,0,,,,,,,,,,,,,,,,,,,,,0,,,,,,,,,,,,,,,,,,,,,,,,,,,,,,,,,,,,,,,,,
3907359,Malik Newman,CLE,SG,SG,FREEAGENT,0,ACTIVE,0.01,0,0,140.0,,,0,False,0,,,,,,,,,,,,,,,,,,,,,0,,,,,,,,,,,,,,,,,,,,,0,,,,,,,,,,,,,,,,,,,,,0,,,,,,,,,,,,,,,,,,,,,0,,,,,,,,,,,,,,,,,,,,,,,,,,,,,,,,,,,,,,,,,
2578204,Pierre Deshawn Jackson,DAL,PG,PG,FREEAGENT,0,ACTIVE,0.01,0,0,140.0,,,0,False,0,,,,,,,,,,,,,,,,,,,,,0,,,,,,,,,,,,,,,,,,,,,0,,,,,,,,,,,,,,,,,,,,,0,,,,,,,,,,,,,,,,,,,,,0,,,,,,,,,,,,,,,,,,,,,,,,,,,,,,,,,,,,,,,,,
2531100,Adreian Payne,ORL,PF,PF,FREEAGENT,0,ACTIVE,0.01,0,0.01,140.0,,,0,False,0,,,,,,,,,,,,,,,,,,,,,0,,,,,,,,,,,,,,,,,,,,,0,,,,,,,,,,,,,,,,,,,,,0,,,,,,,,,,,,,,,,,,,,,0,,,,,,,,,,,,,,,,,,,,,,,,,,,,,,,,,,,,,,,,,
3893015,Arturas Gudaitis,CLE,C,C,FREEAGENT,0,ACTIVE,0.01,0,0,140.0,,,0,False,0,,,,,,,,,,,,,,,,,,,,,0,,,,,,,,,,,,,,,,,,,,,0,,,,,,,,,,,,,,,,,,,,,0,,,,,,,,,,,,,,,,,,,,,0,,,,,,,,,,,,,,,,,,,,,,,,,,,,,,,,,,,,,,,,,
4409222,Trevelin Queen,FA,SG,SG,FREEAGENT,0,ACTIVE,0.01,0,0,140.0,,,0,False,0,,,,,,,,,,,,,,,,,,,,,0,,,,,,,,,,,,,,,,,,,,,0,,,,,,,,,,,,,,,,,,,,,0,,,,,,,,,,,,,,,,,,,,,0,,,,,,,,,,,,,,,,,,,,,,,,,,,,,,,,,,,,,,,,,
4278031,Oshae Brissett,FA,PF,PF,FREEAGENT,0,ACTIVE,0.01,0,0,140.0,,,0,False,0,,,,,,,,,,,,,,,,,,,,,0,,,,,,,,,,,,,,,,,,,,,0,,,,,,,,,,,,,,,,,,,,,0,,,,,,,,,,,,,,,,,,,,,0,,,,,,,,,,,,,,,,,,,,,,,,,,,,,,,,,,,,,,,,,
4278045,Chaundee Brown Jr.,ATL,SG,SG,FREEAGENT,0,ACTIVE,0.01,0,0.01,140.0,,,0,False,0,,,,,,,,,,,,,,,,,,,,,0,,,,,,,,,,,,,,,,,,,,,0,,,,,,,,,,,,,,,,,,,,,0,,,,,,,,,,,,,,,,,,,,,0,,,,,,,,,,,,,,,,,,,,,,,,,,,,,,,,,,,,,,,,,
4278052,Chuma Okeke,FA,PF,PF,FREEAGENT,0,ACTIVE,0.01,0,0.01,140.0,,,0,False,0,,,,,,,,,,,,,,,,,,,,,0,,,,,,,,,,,,,,,,,,,,,0,,,,,,,,,,,,,,,,,,,,,0,,,,,,,,,,,,,,,,,,,,,0,,,,,,,,,,,,,,,,,,,,,,,,,,,,,,,,,,,,,,,,,
4278075,Kevin Knox II,ORL,SF,SF,FREEAGENT,0,ACTIVE,0.01,0,0.01,140.0,,,0,False,0,,,,,,,,,,,,,,,,,,,,,0,,,,,,,,,,,,,,,,,,,,,0,,,,,,,,,,,,,,,,,,,,,0,,,,,,,,,,,,,,,,,,,,,0,,,,,,,,,,,,,,,,,,,,,,,,,,,,,,,,,,,,,,,,,
2578269,Tyler Harvey,MEM,SG,SG,FREEAGENT,0,ACTIVE,0.01,0,0,140.0,,,0,False,0,,,,,,,,,,,,,,,,,,,,,0,,,,,,,,,,,,,,,,,,,,,0,,,,,,,,,,,,,,,,,,,,,0,,,,,,,,,,,,,,,,,,,,,0,,,,,,,,,,,,,,,,,,,,,,,,,,,,,,,,,,,,,,,,,
4702023,Adama Sanogo,FA,C,C,FREEAGENT,0,ACTIVE,0.01,0,0.01,140.0,,,0,False,0,,,,,,,,,,,,,,,,,,,,,0,,,,,,,,,,,,,,,,,,,,,0,,,,,,,,,,,,,,,,,,,,,0,,,,,,,,,,,,,,,,,,,,,0,,,,,,,,,,,,,,,,,,,,,,,,,,,,,,,,,,,,,,,,,
4431689,Keion Brooks Jr.,FA,SF,SF,FREEAGENT,0,ACTIVE,0.01,0,0.01,140.0,,,0,False,0,,,,,,,,,,,,,,,,,,,,,0,,,,,,,,,,,,,,,,,,,,,0,,,,,,,,,,,,,,,,,,,,,0,,,,,,,,,,,,,,,,,,,,,0,,,,,,,,,,,,,,,,,,,,,,,,,,,,,,,,,,,,,,,,,
3907408,Donta Hall,ORL,PF,PF,FREEAGENT,0,ACTIVE,0.01,0,0,140.0,,,0,False,0,,,,,,,,,,,,,,,,,,,,,0,,,,,,,,,,,,,,,,,,,,,0,,,,,,,,,,,,,,,,,,,,,0,,,,,,,,,,,,,,,,,,,,,0,,,,,,,,,,,,,,,,,,,,,,,,,,,,,,,,,,,,,,,,,
3907526,Chance Comanche,SAC,C,C,FREEAGENT,0,ACTIVE,0.01,0,0,140.0,,,0,False,0,,,,,,,,,,,,,,,,,,,,,0,,,,,,,,,,,,,,,,,,,,,0,,,,,,,,,,,,,,,,,,,,,0,,,,,,,,,,,,,,,,,,,,,0,,,,,,,,,,,,,,,,,,,,,,,,,,,,,,,,,,,,,,,,,
3907525,Allonzo Trier,NYK,SG,SG,FREEAGENT,0,ACTIVE,0.01,0,0,140.0,,,0,False,0,,,,,,,,,,,,,,,,,,,,,0,,,,,,,,,,,,,,,,,,,,,0,,,,,,,,,,,,,,,,,,,,,0,,,,,,,,,,,,,,,,,,,,,0,,,,,,,,,,,,,,,,,,,,,,,,,,,,,,,,,,,,,,,,,
4407254,Brodric Thomas,FA,SG,SG,FREEAGENT,0,ACTIVE,0.01,0,0,140.0,,,0,False,0,,,,,,,,,,,,,,,,,,,,,0,,,,,,,,,,,,,,,,,,,,,0,,,,,,,,,,,,,,,,,,,,,0,,,,,,,,,,,,,,,,,,,,,0,,,,,,,,,,,,,,,,,,,,,,,,,,,,,,,,,,,,,,,,,
4397016,Devon Dotson,WAS,PG,PG,FREEAGENT,0,ACTIVE,0.01,0,0.01,140.0,,,0,False,0,,,,,,,,,,,,,,,,,,,,,0,,,,,,,,,,,,,,,,,,,,,0,,,,,,,,,,,,,,,,,,,,,0,,,,,,,,,,,,,,,,,,,,,0,,,,,,,,,,,,,,,,,,,,,,,,,,,,,,,,,,,,,,,,,
5105638,Amari Bailey,FA,SG,SG,FREEAGENT,0,ACTIVE,0.01,0,0.01,140.0,,,0,False,0,,,,,,,,,,,,,,,,,,,,,0,,,,,,,,,,,,,,,,,,,,,0,,,,,,,,,,,,,,,,,,,,,0,,,,,,,,,,,,,,,,,,,,,0,,,,,,,,,,,,,,,,,,,,,,,,,,,,,,,,,,,,,,,,,
2531214,Richard Solomon,OKC,PF,PF,FREEAGENT,0,ACTIVE,0.01,0,0.01,140.0,,,0,False,0,,,,,,,,,,,,,,,,,,,,,0,,,,,,,,,,,,,,,,,,,,,0,,,,,,,,,,,,,,,,,,,,,0,,,,,,,,,,,,,,,,,,,,,0,,,,,,,,,,,,,,,,,,,,,,,,,,,,,,,,,,,,,,,,,
2994165,Erik McCree,UTA,SF,SF,FREEAGENT,0,ACTIVE,0.01,0,0.01,140.0,,,0,False,0,,,,,,,,,,,,,,,,,,,,,0,,,,,,,,,,,,,,,,,,,,,0,,,,,,,,,,,,,,,,,,,,,0,,,,,,,,,,,,,,,,,,,,,0,,,,,,,,,,,,,,,,,,,,,,,,,,,,,,,,,,,,,,,,,
4431766,Damion Baugh,FA,SG,SG,FREEAGENT,0,ACTIVE,0.01,0,0.01,140.0,,,0,False,0,,,,,,,,,,,,,,,,,,,,,0,,,,,,,,,,,,,,,,,,,,,0,,,,,,,,,,,,,,,,,,,,,0,,,,,,,,,,,,,,,,,,,,,0,,,,,,,,,,,,,,,,,,,,,,,,,,,,,,,,,,,,,,,,,
4067325,Nathan Knight,BOS,C,C,FREEAGENT,0,ACTIVE,0.01,0,0.01,140.0,,,0,False,0,,,,,,,,,,,,,,,,,,,,,0,,,,,,,,,,,,,,,,,,,,,0,,,,,,,,,,,,,,,,,,,,,0,,,,,,,,,,,,,,,,,,,,,0,,,,,,,,,,,,,,,,,,,,,,,,,,,,,,,,,,,,,,,,,
2594816,P.J. Hairston,HOU,SG,SG,FREEAGENT,0,ACTIVE,0.01,0,0,140.0,,,0,False,0,,,,,,,,,,,,,,,,,,,,,0,,,,,,,,,,,,,,,,,,,,,0,,,,,,,,,,,,,,,,,,,,,0,,,,,,,,,,,,,,,,,,,,,0,,,,,,,,,,,,,,,,,,,,,,,,,,,,,,,,,,,,,,,,,
4431778,Christian Koloko,NOP,C,C,FREEAGENT,0,ACTIVE,0.01,0,0.01,140.0,,,0,False,27.0,,2.704,3.0,0.667,0.519,0.852,0.037,0.333,0.593,1.148,2.741,0.37,0.556,1.148,1.852,0.0,0.0,13.259,0.4189,0.6667,0,,,,,,,,,,,,,,,,,,,,,0,,,,,,,,,,,,,,,,,,,,,0,,,,,,,,,,,,,,,,,,,,,0,,,,,,,,,,,,,,,,,,,,,,,,,,,,,,,,,,,,,,,,,
4431775,Seth Lundy,DAL,SG,SG,FREEAGENT,0,ACTIVE,0.01,0,0,140.0,,,0,False,0,,,,,,,,,,,,,,,,,,,,,0,,,,,,,,,,,,,,,,,,,,,0,,,,,,,,,,,,,,,,,,,,,0,,,,,,,,,,,,,,,,,,,,,0,,,,,,,,,,,,,,,,,,,,,,,,,,,,,,,,,,,,,,,,,
3911666,Luis Montero,DET,SG,SG,FREEAGENT,0,ACTIVE,0.01,0,0,140.0,,,0,False,0,,,,,,,,,,,,,,,,,,,,,0,,,,,,,,,,,,,,,,,,,,,0,,,,,,,,,,,,,,,,,,,,,0,,,,,,,,,,,,,,,,,,,,,0,,,,,,,,,,,,,,,,,,,,,,,,,,,,,,,,,,,,,,,,,
3033042,Daniel Diez,POR,SG,SG,FREEAGENT,0,ACTIVE,0.01,0,0,140.0,,,0,False,0,,,,,,,,,,,,,,,,,,,,,0,,,,,,,,,,,,,,,,,,,,,0,,,,,,,,,,,,,,,,,,,,,0,,,,,,,,,,,,,,,,,,,,,0,,,,,,,,,,,,,,,,,,,,,,,,,,,,,,,,,,,,,,,,,
4906923,Bobi Klintman,FA,PF,PF,FREEAGENT,0,ACTIVE,0.01,0,0.01,140.0,,,0,False,12.0,,1.833,1.583,0.5,0.25,0.0,0.333,1.083,0.5,0.75,2.25,0.0,0.25,0.417,1.167,0.0,0.0,6.167,0.3333,0.0,0,,,,,,,,,,,,,,,,,,,,,0,,,,,,,,,,,,,,,,,,,,,0,,,,,,,,,,,,,,,,,,,,,0,,,,,,,,,,,,,,,,,,,,,,,,,,,,,,,,,,,,,,,,,
4396991,Talen Horton-Tucker,FA,SG,SG,FREEAGENT,0,ACTIVE,0.01,0,0,140.0,,,0,False,0,,,,,,,,,,,,,,,,,,,,,0,,,,,,,,,,,,,,,,,,,,,0,,,,,,,,,,,,,,,,,,,,,0,,,,,,,,,,,,,,,,,,,,,0,,,,,,,,,,,,,,,,,,,,,,,,,,,,,,,,,,,,,,,,,
4431811,Dereon Seabron,FA,SG,SG,FREEAGENT,0,ACTIVE,0.01,0,0.01,140.0,,,0,False,0,,,,,,,,,,,,,,,,,,,,,0,,,,,,,,,,,,,,,,,,,,,0,,,,,,,,,,,,,,,,,,,,,0,,,,,,,,,,,,,,,,,,,,,0,,,,,,,,,,,,,,,,,,,,,,,,,,,,,,,,,,,,,,,,,
4431816,Jesse Edwards,FA,C,C,FREEAGENT,0,ACTIVE,0.01,0,0,140.0,,,0,False,0,,,,,,,,,,,,,,,,,,,,,0,,,,,,,,,,,,,,,,,,,,,0,,,,,,,,,,,,,,,,,,,,,0,,,,,,,,,,,,,,,,,,,,,0,,,,,,,,,,,,,,,,,,,,,,,,,,,,,,,,,,,,,,,,,
4597865,Tosan Evbuomwan,FA,SF,SF,FREEAGENT,0,ACTIVE,0.01,0,0,140.0,,,0,False,5.0,,0.0,0.4,0.0,0.0,0.0,0.0,0.0,0.0,0.0,0.2,0.0,0.0,0.2,0.2,0.0,0.0,1.6,0.0,0.0,0,,,,,,,,,,,,,,,,,,,,,0,,,,,,,,,,,,,,,,,,,,,0,,,,,,,,,,,,,,,,,,,,,0,,,,,,,,,,,,,,,,,,,,,,,,,,,,,,,,,,,,,,,,,
2594885,Sheldon Mac,CLE,SG,SG,FREEAGENT,0,ACTIVE,0.01,0,0.01,140.0,,,0,False,0,,,,,,,,,,,,,,,,,,,,,0,,,,,,,,,,,,,,,,,,,,,0,,,,,,,,,,,,,,,,,,,,,0,,,,,,,,,,,,,,,,,,,,,0,,,,,,,,,,,,,,,,,,,,,,,,,,,,,,,,,,,,,,,,,
4278378,Jacob Gilyard,FA,PG,PG,FREEAGENT,0,ACTIVE,0.01,0,0,140.0,,,0,False,0,,,,,,,,,,,,,,,,,,,,,0,,,,,,,,,,,,,,,,,,,,,0,,,,,,,,,,,,,,,,,,,,,0,,,,,,,,,,,,,,,,,,,,,0,,,,,,,,,,,,,,,,,,,,,,,,,,,,,,,,,,,,,,,,,
3936296,Skal Labissiere,WAS,PF,PF,FREEAGENT,0,ACTIVE,0.01,0,0.01,140.0,,,0,False,3.0,,4.333,3.0,1.0,0.667,0.333,0.333,1.667,0.333,2.0,3.333,0.0,0.0,1.0,2.0,0.0,0.0,12.667,0.6,0.0,0,,,,,,,,,,,,,,,,,,,,,0,,,,,,,,,,,,,,,,,,,,,0,,,,,,,,,,,,,,,,,,,,,0,,,,,,,,,,,,,,,,,,,,,,,,,,,,,,,,,,,,,,,,,
3936298,Mychal Mulder,MEM,SG,SG,FREEAGENT,0,ACTIVE,0.01,0,0,140.0,,,0,False,0,,,,,,,,,,,,,,,,,,,,,0,,,,,,,,,,,,,,,,,,,,,0,,,,,,,,,,,,,,,,,,,,,0,,,,,,,,,,,,,,,,,,,,,0,,,,,,,,,,,,,,,,,,,,,,,,,,,,,,,,,,,,,,,,,
3936294,Isaiah Briscoe,ORL,PG,PG,FREEAGENT,0,ACTIVE,0.01,0,0,140.0,,,0,False,0,,,,,,,,,,,,,,,,,,,,,0,,,,,,,,,,,,,,,,,,,,,0,,,,,,,,,,,,,,,,,,,,,0,,,,,,,,,,,,,,,,,,,,,0,,,,,,,,,,,,,,,,,,,,,,,,,,,,,,,,,,,,,,,,,
2531352,Eric Moreland,OKC,PF,PF,FREEAGENT,0,ACTIVE,0.01,0,0.01,140.0,,,0,False,0,,,,,,,,,,,,,,,,,,,,,0,,,,,,,,,,,,,,,,,,,,,0,,,,,,,,,,,,,,,,,,,,,0,,,,,,,,,,,,,,,,,,,,,0,,,,,,,,,,,,,,,,,,,,,,,,,,,,,,,,,,,,,,,,,
5105797,Jalen Hood-Schifino,FA,SG,SG,FREEAGENT,0,ACTIVE,0.01,0,0.01,140.0,,,0,False,0,,,,,,,,,,,,,,,,,,,,,0,,,,,,,,,,,,,,,,,,,,,0,,,,,,,,,,,,,,,,,,,,,0,,,,,,,,,,,,,,,,,,,,,0,,,,,,,,,,,,,,,,,,,,,,,,,,,,,,,,,,,,,,,,,
4585610,Kenneth Lofton Jr.,FA,PF,PF,FREEAGENT,0,ACTIVE,0.01,0,0.01,140.0,,,0,False,0,,,,,,,,,,,,,,,,,,,,,0,,,,,,,,,,,,,,,,,,,,,0,,,,,,,,,,,,,,,,,,,,,0,,,,,,,,,,,,,,,,,,,,,0,,,,,,,,,,,,,,,,,,,,,,,,,,,,,,,,,,,,,,,,,
2531364,Josh Huestis,SAS,SF,SF,FREEAGENT,0,ACTIVE,0.01,0,0.01,140.0,,,0,False,0,,,,,,,,,,,,,,,,,,,,,0,,,,,,,,,,,,,,,,,,,,,0,,,,,,,,,,,,,,,,,,,,,0,,,,,,,,,,,,,,,,,,,,,0,,,,,,,,,,,,,,,,,,,,,,,,,,,,,,,,,,,,,,,,,
5177362,Riley Minix,CLE,SF,SF,FREEAGENT,0,ACTIVE,0.01,0,0.01,140.0,,,0,False,9.0,,3.889,0.667,0.556,0.222,0.111,0.444,1.333,0.333,1.556,2.556,0.333,0.333,0.222,0.444,0.0,0.0,6.556,0.6087,1.0,0,,,,,,,,,,,,,,,,,,,,,0,,,,,,,,,,,,,,,,,,,,,0,,,,,,,,,,,,,,,,,,,,,0,,,,,,,,,,,,,,,,,,,,,,,,,,,,,,,,,,,,,,,,,
2992257,Tahjere McCall,ATL,SG,SG,FREEAGENT,0,ACTIVE,0.01,0,0,140.0,,,0,False,0,,,,,,,,,,,,,,,,,,,,,0,,,,,,,,,,,,,,,,,,,,,0,,,,,,,,,,,,,,,,,,,,,0,,,,,,,,,,,,,,,,,,,,,0,,,,,,,,,,,,,,,,,,,,,,,,,,,,,,,,,,,,,,,,,
4397103,Louis King,PHL,PF,PF,FREEAGENT,0,ACTIVE,0.01,0,0,140.0,,,0,False,0,,,,,,,,,,,,,,,,,,,,,0,,,,,,,,,,,,,,,,,,,,,0,,,,,,,,,,,,,,,,,,,,,0,,,,,,,,,,,,,,,,,,,,,0,,,,,,,,,,,,,,,,,,,,,,,,,,,,,,,,,,,,,,,,,
4683834,KJ Simpson,FA,PG,PG,FREEAGENT,0,ACTIVE,0.01,0,0,140.0,,,0,False,20.0,,4.55,1.85,2.15,0.8,0.0,0.6,2.0,1.25,1.7,4.95,0.55,0.9,0.45,1.4,0.0,0.0,12.85,0.3434,0.6111,0,,,,,,,,,,,,,,,,,,,,,0,,,,,,,,,,,,,,,,,,,,,0,,,,,,,,,,,,,,,,,,,,,0,,,,,,,,,,,,,,,,,,,,,,,,,,,,,,,,,,,,,,,,,
4397107,David Duke Jr.,FA,SG,SG,FREEAGENT,0,ACTIVE,0.01,0,0,140.0,,,0,False,0,,,,,,,,,,,,,,,,,,,,,0,,,,,,,,,,,,,,,,,,,,,0,,,,,,,,,,,,,,,,,,,,,0,,,,,,,,,,,,,,,,,,,,,0,,,,,,,,,,,,,,,,,,,,,,,,,,,,,,,,,,,,,,,,,
