scoring_period,date_ct,tip_ct,team,opp,home_away,game_id,tip_tbd
1,2026-10-20,14:00,BOS,DET,away,401909088,False
1,2026-10-20,14:00,DET,BOS,home,401909088,False
1,2026-10-20,18:00,NYK,PHL,home,401909089,False
1,2026-10-20,18:00,PHL,NYK,away,401909089,False
1,2026-10-20,20:30,OKC,SAS,away,401909090,False
1,2026-10-20,20:30,SAS,OKC,home,401909090,False
2,2026-10-21,18:00,ATL,ORL,away,401909834,False
2,2026-10-21,18:00,MIL,WAS,away,401909835,False
2,2026-10-21,18:00,ORL,ATL,home,401909834,False
2,2026-10-21,18:00,WAS,MIL,home,401909835,False
2,2026-10-21,18:30,BKN,CHA,home,401909836,False
2,2026-10-21,18:30,CHA,BKN,away,401909836,False
2,2026-10-21,18:30,CHI,TOR,away,401909837,False
2,2026-10-21,18:30,MIA,MIN,home,401909091,False
2,2026-10-21,18:30,MIN,MIA,away,401909091,False
2,2026-10-21,18:30,TOR,CHI,home,401909837,False
2,2026-10-21,19:00,IND,NOP,away,401909839,False
2,2026-10-21,19:00,MEM,UTA,home,401909838,False
2,2026-10-21,19:00,NOP,IND,home,401909839,False
2,2026-10-21,19:00,UTA,MEM,away,401909838,False
2,2026-10-21,19:30,DAL,HOU,away,401909840,False
2,2026-10-21,19:30,HOU,DAL,home,401909840,False
2,2026-10-21,21:00,GSW,LAL,away,401909092,False
2,2026-10-21,21:00,LAL,GSW,home,401909092,False
2,2026-10-21,21:00,PHO,POR,away,401909841,False
2,2026-10-21,21:00,POR,PHO,home,401909841,False
2,2026-10-21,21:30,LAC,SAC,home,401909842,False
2,2026-10-21,21:30,SAC,LAC,away,401909842,False
3,2026-10-22,18:00,CLE,PHL,away,401909093,False
3,2026-10-22,18:00,PHL,CLE,home,401909093,False
3,2026-10-22,20:30,DEN,OKC,away,401909094,False
3,2026-10-22,20:30,OKC,DEN,home,401909094,False
4,2026-10-23,18:00,ATL,CHA,away,401909843,False
4,2026-10-23,18:00,BOS,NYK,home,401909095,False
4,2026-10-23,18:00,CHA,ATL,home,401909843,False
4,2026-10-23,18:00,DAL,IND,away,401909844,False
4,2026-10-23,18:00,IND,DAL,home,401909844,False
4,2026-10-23,18:00,MIN,ORL,away,401909845,False
4,2026-10-23,18:00,NYK,BOS,away,401909095,False
4,2026-10-23,18:00,ORL,MIN,home,401909845,False
4,2026-10-23,18:00,TOR,WAS,away,401909846,False
4,2026-10-23,18:00,WAS,TOR,home,401909846,False
4,2026-10-23,19:00,CHI,MIL,away,401909848,False
4,2026-10-23,19:00,DET,MIA,away,401909847,False
4,2026-10-23,19:00,MIA,DET,home,401909847,False
4,2026-10-23,19:00,MIL,CHI,home,401909848,False
4,2026-10-23,20:30,HOU,SAS,away,401909096,False
4,2026-10-23,20:30,NOP,UTA,away,401909849,False
4,2026-10-23,20:30,SAS,HOU,home,401909096,False
4,2026-10-23,20:30,UTA,NOP,home,401909849,False
4,2026-10-23,21:00,GSW,MEM,home,401909850,False
4,2026-10-23,21:00,LAC,LAL,away,401909851,False
4,2026-10-23,21:00,LAL,LAC,home,401909851,False
4,2026-10-23,21:00,MEM,GSW,away,401909850,False
4,2026-10-23,21:00,POR,SAC,away,401909852,False
4,2026-10-23,21:00,SAC,POR,home,401909852,False
5,2026-10-24,17:00,CHA,MIA,home,401909853,False
5,2026-10-24,17:00,MIA,CHA,away,401909853,False
5,2026-10-24,18:30,BKN,CLE,away,401909854,False
5,2026-10-24,18:30,CLE,BKN,home,401909854,False
5,2026-10-24,18:30,MIL,PHL,away,401909855,False
5,2026-10-24,18:30,PHL,MIL,home,401909855,False
5,2026-10-24,19:00,ATL,HOU,home,401909856,False
5,2026-10-24,19:00,CHI,WAS,home,401909857,False
5,2026-10-24,19:00,DAL,SAS,home,401909858,False
5,2026-10-24,19:00,HOU,ATL,away,401909856,False
5,2026-10-24,19:00,SAS,DAL,away,401909858,False
5,2026-10-24,19:00,WAS,CHI,away,401909857,False
5,2026-10-24,20:00,DEN,NOP,home,401909859,False
5,2026-10-24,20:00,NOP,DEN,away,401909859,False
5,2026-10-24,21:00,GSW,PHO,away,401909860,False
5,2026-10-24,21:00,PHO,GSW,home,401909860,False
6,2026-10-25,16:00,LAL,UTA,away,401909861,False
6,2026-10-25,16:00,UTA,LAL,home,401909861,False
6,2026-10-25,17:00,BKN,IND,home,401909862,False
6,2026-10-25,17:00,IND,BKN,away,401909862,False
6,2026-10-25,18:00,LAC,OKC,away,401909865,False
6,2026-10-25,18:00,MIN,TOR,home,401909864,False
6,2026-10-25,18:00,NYK,ORL,home,401909863,False
6,2026-10-25,18:00,OKC,LAC,home,401909865,False
6,2026-10-25,18:00,ORL,NYK,away,401909863,False
6,2026-10-25,18:00,TOR,MIN,away,401909864,False
6,2026-10-25,18:30,DET,PHL,away,401909866,False
6,2026-10-25,18:30,PHL,DET,home,401909866,False
6,2026-10-25,20:00,MEM,SAC,away,401909867,False
6,2026-10-25,20:00,SAC,MEM,home,401909867,False
7,2026-10-26,18:00,CHA,WAS,home,401909868,False
7,2026-10-26,18:00,CLE,MIN,home,401909869,False
7,2026-10-26,18:00,MIN,CLE,away,401909869,False
7,2026-10-26,18:00,WAS,CHA,away,401909868,False
7,2026-10-26,18:30,BOS,CHI,home,401909870,False
7,2026-10-26,18:30,CHI,BOS,away,401909870,False
7,2026-10-26,18:30,DAL,MIA,away,401909871,False
7,2026-10-26,18:30,MIA,DAL,home,401909871,False
7,2026-10-26,19:00,IND,MIL,away,401909872,False
7,2026-10-26,19:00,MIL,IND,home,401909872,False
7,2026-10-26,19:00,OKC,PHO,home,401909873,False
7,2026-10-26,19:00,PHO,OKC,away,401909873,False
7,2026-10-26,19:30,ATL,HOU,away,401909874,False
7,2026-10-26,19:30,HOU,ATL,home,401909874,False
7,2026-10-26,20:00,MEM,UTA,away,401909875,False
7,2026-10-26,20:00,UTA,MEM,home,401909875,False
7,2026-10-26,21:00,DEN,GSW,home,401909876,False
7,2026-10-26,21:00,GSW,DEN,away,401909876,False
8,2026-10-27,18:30,BKN,BOS,away,401909877,False
8,2026-10-27,18:30,BOS,BKN,home,401909877,False
8,2026-10-27,19:00,DET,NYK,away,401909878,False
8,2026-10-27,19:00,NYK,DET,home,401909878,False
8,2026-10-27,19:00,SAC,SAS,away,401909879,False
8,2026-10-27,19:00,SAS,SAC,home,401909879,False
8,2026-10-27,22:00,LAL,POR,home,401909880,False
8,2026-10-27,22:00,POR,LAL,away,401909880,False
9,2026-10-28,18:00,ATL,MIA,home,401909881,False
9,2026-10-28,18:00,CHA,DET,away,401909883,False
9,2026-10-28,18:00,CLE,WAS,home,401909882,False
9,2026-10-28,18:00,DET,CHA,home,401909883,False
9,2026-10-28,18:00,IND,PHL,home,401909884,False
9,2026-10-28,18:00,MIA,ATL,away,401909881,False
9,2026-10-28,18:00,PHL,IND,away,401909884,False
9,2026-10-28,18:00,WAS,CLE,away,401909882,False
9,2026-10-28,18:30,ORL,TOR,away,401909885,False
9,2026-10-28,18:30,TOR,ORL,home,401909885,False
9,2026-10-28,19:00,CHI,NYK,home,401909886,False
9,2026-10-28,19:00,DEN,NOP,away,401909889,False
9,2026-10-28,19:00,GSW,MIN,away,401909888,False
9,2026-10-28,19:00,HOU,MIL,away,401909887,False
9,2026-10-28,19:00,MIL,HOU,home,401909887,False
9,2026-10-28,19:00,MIN,GSW,home,401909888,False
9,2026-10-28,19:00,NOP,DEN,home,401909889,False
9,2026-10-28,19:00,NYK,CHI,away,401909886,False
9,2026-10-28,20:00,SAS,UTA,away,401909890,False
9,2026-10-28,20:00,UTA,SAS,home,401909890,False
9,2026-10-28,20:30,DAL,OKC,home,401909891,False
9,2026-10-28,20:30,OKC,DAL,away,401909891,False
9,2026-10-28,21:30,LAC,LAL,home,401909892,False
9,2026-10-28,21:30,LAL,LAC,away,401909892,False
10,2026-10-29,18:00,ATL,CLE,home,401909893,False
10,2026-10-29,18:00,CLE,ATL,away,401909893,False
10,2026-10-29,19:00,NOP,SAC,home,401909894,False
10,2026-10-29,19:00,SAC,NOP,away,401909894,False
10,2026-10-29,21:00,MEM,POR,away,401909895,False
10,2026-10-29,21:00,POR,MEM,home,401909895,False
11,2026-10-30,18:00,CHA,WAS,away,401909277,False
11,2026-10-30,18:00,WAS,CHA,home,401909277,False
11,2026-10-30,18:30,BKN,DET,home,401909279,False
11,2026-10-30,18:30,BOS,CHI,home,401909278,False
11,2026-10-30,18:30,CHI,BOS,away,401909278,False
11,2026-10-30,18:30,DET,BKN,away,401909279,False
11,2026-10-30,18:30,NYK,PHL,away,401909280,False
11,2026-10-30,18:30,ORL,TOR,away,401909281,False
11,2026-10-30,18:30,PHL,NYK,home,401909280,False
11,2026-10-30,18:30,TOR,ORL,home,401909281,False
11,2026-10-30,19:00,DAL,HOU,home,401909283,False
11,2026-10-30,19:00,HOU,DAL,away,401909283,False
11,2026-10-30,19:00,IND,MIA,away,401909282,False
11,2026-10-30,19:00,LAC,MIN,away,401909284,False
11,2026-10-30,19:00,MIA,IND,home,401909282,False
11,2026-10-30,19:00,MIN,LAC,home,401909284,False
11,2026-10-30,21:00,DEN,PHO,away,401909286,False
11,2026-10-30,21:00,GSW,LAL,home,401909285,False
11,2026-10-30,21:00,LAL,GSW,away,401909285,False
11,2026-10-30,21:00,PHO,DEN,home,401909286,False
12,2026-10-31,14:00,POR,UTA,away,401909896,False
12,2026-10-31,14:00,UTA,POR,home,401909896,False
12,2026-10-31,17:00,CHA,PHL,home,401909897,False
12,2026-10-31,17:00,PHL,CHA,away,401909897,False
12,2026-10-31,18:00,ATL,NOP,away,401909898,False
12,2026-10-31,18:00,NOP,ATL,home,401909898,False
12,2026-10-31,19:00,CLE,MIL,away,401909900,False
12,2026-10-31,19:00,MEM,SAC,home,401909899,False
12,2026-10-31,19:00,MIL,CLE,home,401909900,False
12,2026-10-31,19:00,MIN,SAS,away,401909901,False
12,2026-10-31,19:00,SAC,MEM,away,401909899,False
12,2026-10-31,19:00,SAS,MIN,home,401909901,False
12,2026-10-31,19:30,HOU,OKC,home,401909902,False
12,2026-10-31,19:30,OKC,HOU,away,401909902,False
13,2026-11-01,14:30,BOS,ORL,away,401909903,False
13,2026-11-01,14:30,ORL,BOS,home,401909903,False
13,2026-11-01,16:00,BKN,IND,away,401909904,False
13,2026-11-01,16:00,IND,BKN,home,401909904,False
13,2026-11-01,19:30,GSW,LAC,home,401909905,False
13,2026-11-01,19:30,LAC,GSW,away,401909905,False
13,2026-11-01,20:00,LAL,TOR,home,401909906,False
13,2026-11-01,20:00,TOR,LAL,away,401909906,False
14,2026-11-02,18:00,CLE,OKC,home,401909907,False
14,2026-11-02,18:00,OKC,CLE,away,401909907,False
14,2026-11-02,18:30,ATL,IND,away,401909909,False
14,2026-11-02,18:30,BKN,NYK,away,401909910,False
14,2026-11-02,18:30,CHA,DET,home,401909908,False
14,2026-11-02,18:30,CHI,PHL,away,401909912,False
14,2026-11-02,18:30,DET,CHA,away,401909908,False
14,2026-11-02,18:30,IND,ATL,home,401909909,False
14,2026-11-02,18:30,NYK,BKN,home,401909910,False
14,2026-11-02,18:30,ORL,WAS,home,401909911,False
14,2026-11-02,18:30,PHL,CHI,home,401909912,False
14,2026-11-02,18:30,WAS,ORL,away,401909911,False
14,2026-11-02,19:00,DAL,SAC,home,401909913,False
14,2026-11-02,19:00,MEM,NOP,home,401909914,False
14,2026-11-02,19:00,MIL,MIN,away,401909915,False
14,2026-11-02,19:00,MIN,MIL,home,401909915,False
14,2026-11-02,19:00,NOP,MEM,away,401909914,False
14,2026-11-02,19:00,SAC,DAL,away,401909913,False
14,2026-11-02,19:30,BOS,HOU,away,401909916,False
14,2026-11-02,19:30,HOU,BOS,home,401909916,False
14,2026-11-02,19:30,SAS,UTA,home,401909917,False
14,2026-11-02,19:30,UTA,SAS,away,401909917,False
14,2026-11-02,20:00,DEN,POR,home,401909918,False
14,2026-11-02,20:00,POR,DEN,away,401909918,False
14,2026-11-02,21:00,GSW,PHO,home,401909919,False
14,2026-11-02,21:00,LAC,TOR,home,401909920,False
14,2026-11-02,21:00,LAL,MIA,home,401909921,False
14,2026-11-02,21:00,MIA,LAL,away,401909921,False
14,2026-11-02,21:00,PHO,GSW,away,401909919,False
14,2026-11-02,21:00,TOR,LAC,away,401909920,False
16,2026-11-04,18:00,ATL,WAS,away,401909923,False
16,2026-11-04,18:00,DET,PHL,home,401909922,False
16,2026-11-04,18:00,PHL,DET,away,401909922,False
16,2026-11-04,18:00,WAS,ATL,home,401909923,False
16,2026-11-04,18:30,BKN,CHA,home,401909925,False
16,2026-11-04,18:30,BOS,MIL,home,401909924,False
16,2026-11-04,18:30,CHA,BKN,away,401909925,False
16,2026-11-04,18:30,CHI,NYK,away,401909926,False
16,2026-11-04,18:30,MIL,BOS,away,401909924,False
16,2026-11-04,18:30,NYK,CHI,home,401909926,False
16,2026-11-04,19:00,CLE,OKC,away,401909929,False
16,2026-11-04,19:00,IND,MEM,away,401909927,False
16,2026-11-04,19:00,MEM,IND,home,401909927,False
16,2026-11-04,19:00,NOP,UTA,home,401909928,False
16,2026-11-04,19:00,OKC,CLE,home,401909929,False
16,2026-11-04,19:00,UTA,NOP,away,401909928,False
16,2026-11-04,19:30,HOU,MIN,home,401909930,False
16,2026-11-04,19:30,MIN,HOU,away,401909930,False
16,2026-11-04,20:00,DEN,TOR,home,401909931,False
16,2026-11-04,20:00,PHO,POR,home,401909932,False
16,2026-11-04,20:00,POR,PHO,away,401909932,False
16,2026-11-04,20:00,TOR,DEN,away,401909931,False
16,2026-11-04,20:30,DAL,SAS,away,401909933,False
16,2026-11-04,20:30,SAS,DAL,home,401909933,False
16,2026-11-04,21:00,LAL,SAC,away,401909934,False
16,2026-11-04,21:00,SAC,LAL,home,401909934,False
16,2026-11-04,21:30,LAC,MIA,home,401909935,False
16,2026-11-04,21:30,MIA,LAC,away,401909935,False
17,2026-11-05,20:00,ORL,PHO,away,401909936,False
17,2026-11-05,20:00,PHO,ORL,home,401909936,False
17,2026-11-05,21:00,GSW,MIA,home,401909937,False
17,2026-11-05,21:00,MIA,GSW,away,401909937,False
18,2026-11-06,18:00,ATL,WAS,home,401909287,False
18,2026-11-06,18:00,BOS,CHA,away,401909288,False
18,2026-11-06,18:00,CHA,BOS,home,401909288,False
18,2026-11-06,18:00,WAS,ATL,away,401909287,False
18,2026-11-06,18:30,CLE,PHL,home,401909289,False
18,2026-11-06,18:30,PHL,CLE,away,401909289,False
18,2026-11-06,19:00,DAL,UTA,home,401909290,False
18,2026-11-06,19:00,MEM,OKC,home,401909291,False
18,2026-11-06,19:00,MIL,TOR,home,401909292,False
18,2026-11-06,19:00,MIN,NOP,away,401909293,False
18,2026-11-06,19:00,NOP,MIN,home,401909293,False
18,2026-11-06,19:00,OKC,MEM,away,401909291,False
18,2026-11-06,19:00,TOR,MIL,away,401909292,False
18,2026-11-06,19:00,UTA,DAL,away,401909290,False
18,2026-11-06,21:00,LAL,POR,home,401909294,False
18,2026-11-06,21:00,POR,LAL,away,401909294,False
18,2026-11-06,21:00,SAC,SAS,home,401909295,False
18,2026-11-06,21:00,SAS,SAC,away,401909295,False
19,2026-11-07,16:00,DEN,IND,away,401909938,False
19,2026-11-07,16:00,IND,DEN,home,401909938,False
19,2026-11-07,18:30,ATL,BKN,home,401909939,False
19,2026-11-07,18:30,BKN,ATL,away,401909939,False
19,2026-11-07,19:00,CLE,NYK,home,401909940,False
19,2026-11-07,19:00,NYK,CLE,away,401909940,False
19,2026-11-07,19:00,OKC,WAS,home,401909941,False
19,2026-11-07,19:00,WAS,OKC,away,401909941,False
19,2026-11-07,19:30,GSW,ORL,home,401909942,False
19,2026-11-07,19:30,ORL,GSW,away,401909942,False
19,2026-11-07,20:00,HOU,PHO,away,401909943,False
19,2026-11-07,20:00,PHO,HOU,home,401909943,False
19,2026-11-07,21:00,POR,SAS,home,401909944,False
19,2026-11-07,21:00,SAS,POR,away,401909944,False
20,2026-11-08,14:30,CHI,PHL,home,401909945,False
20,2026-11-08,14:30,PHL,CHI,away,401909945,False
20,2026-11-08,17:00,DET,LAL,home,401909946,False
20,2026-11-08,17:00,LAL,DET,away,401909946,False
20,2026-11-08,18:00,MIN,UTA,home,401909947,False
20,2026-11-08,18:00,UTA,MIN,away,401909947,False
20,2026-11-08,18:30,BKN,DAL,away,401909948,False
20,2026-11-08,18:30,DAL,BKN,home,401909948,False
20,2026-11-08,19:00,BOS,MIL,away,401909949,False
20,2026-11-08,19:00,MIL,BOS,home,401909949,False
20,2026-11-08,20:00,LAC,NOP,home,401909950,False
20,2026-11-08,20:00,MIA,SAC,away,401909951,False
20,2026-11-08,20:00,NOP,LAC,away,401909950,False
20,2026-11-08,20:00,SAC,MIA,home,401909951,False
21,2026-11-09,18:00,ATL,LAL,home,401909952,False
21,2026-11-09,18:00,CHA,CLE,home,401909953,False
21,2026-11-09,18:00,CLE,CHA,away,401909953,False
21,2026-11-09,18:00,DET,WAS,home,401909954,False
21,2026-11-09,18:00,LAL,ATL,away,401909952,False
21,2026-11-09,18:00,WAS,DET,away,401909954,False
21,2026-11-09,18:30,MEM,TOR,away,401909955,False
21,2026-11-09,18:30,TOR,MEM,home,401909955,False
21,2026-11-09,19:00,DAL,IND,home,401909956,False
21,2026-11-09,19:00,IND,DAL,away,401909956,False
21,2026-11-09,19:30,DEN,HOU,away,401909957,False
21,2026-11-09,19:30,HOU,DEN,home,401909957,False
21,2026-11-09,20:00,PHO,SAS,home,401909958,False
21,2026-11-09,20:00,SAS,PHO,away,401909958,False
21,2026-11-09,21:00,GSW,NOP,home,401909959,False
21,2026-11-09,21:00,NOP,GSW,away,401909959,False
22,2026-11-10,18:30,MIL,NYK,away,401909960,False
22,2026-11-10,18:30,NYK,MIL,home,401909960,False
22,2026-11-10,19:00,BOS,PHL,away,401909961,False
22,2026-11-10,19:00,PHL,BOS,home,401909961,False
22,2026-11-10,20:00,LAC,PHO,away,401909962,False
22,2026-11-10,20:00,MIA,UTA,away,401909963,False
22,2026-11-10,20:00,PHO,LAC,home,401909962,False
22,2026-11-10,20:00,UTA,MIA,home,401909963,False
22,2026-11-10,21:00,ORL,SAC,away,401909964,False
22,2026-11-10,21:00,SAC,ORL,home,401909964,False
22,2026-11-10,22:00,OKC,POR,away,401909965,False
22,2026-11-10,22:00,POR,OKC,home,401909965,False
23,2026-11-11,18:00,BOS,TOR,away,401909968,False
23,2026-11-11,18:00,CLE,NYK,away,401909967,False
23,2026-11-11,18:00,IND,WAS,home,401909966,False
23,2026-11-11,18:00,NYK,CLE,home,401909967,False
23,2026-11-11,18:00,TOR,BOS,home,401909968,False
23,2026-11-11,18:00,WAS,IND,away,401909966,False
23,2026-11-11,19:00,BKN,NOP,away,401909972,False
23,2026-11-11,19:00,CHI,SAS,home,401909969,False
23,2026-11-11,19:00,DEN,MEM,away,401909970,False
23,2026-11-11,19:00,LAL,MIL,away,401909971,False
23,2026-11-11,19:00,MEM,DEN,home,401909970,False
23,2026-11-11,19:00,MIL,LAL,home,401909971,False
23,2026-11-11,19:00,NOP,BKN,home,401909972,False
23,2026-11-11,19:00,SAS,CHI,away,401909969,False
23,2026-11-11,20:00,ORL,UTA,away,401909973,False
23,2026-11-11,20:00,UTA,ORL,home,401909973,False
23,2026-11-11,20:30,GSW,HOU,away,401909974,False
23,2026-11-11,20:30,HOU,GSW,home,401909974,False
23,2026-11-11,21:00,OKC,POR,away,401909975,False
23,2026-11-11,21:00,POR,OKC,home,401909975,False
24,2026-11-12,18:00,DET,WAS,away,401909977,False
24,2026-11-12,18:00,PHL,TOR,home,401909976,False
24,2026-11-12,18:00,TOR,PHL,away,401909976,False
24,2026-11-12,18:00,WAS,DET,home,401909977,False
24,2026-11-12,19:00,DAL,MIN,away,401909978,False
24,2026-11-12,19:00,MIN,DAL,home,401909978,False
24,2026-11-12,20:00,CHA,PHO,away,401909979,False
24,2026-11-12,20:00,PHO,CHA,home,401909979,False
25,2026-11-13,18:00,IND,NYK,home,401909296,False
25,2026-11-13,18:00,MIL,ORL,away,401909297,False
25,2026-11-13,18:00,NYK,IND,away,401909296,False
25,2026-11-13,18:00,ORL,MIL,home,401909297,False
25,2026-11-13,19:00,ATL,CHI,away,401909299,False
25,2026-11-13,19:00,CHI,ATL,home,401909299,False
25,2026-11-13,19:00,CLE,MIA,away,401909298,False
25,2026-11-13,19:00,MEM,NOP,away,401909300,False
25,2026-11-13,19:00,MIA,CLE,home,401909298,False
25,2026-11-13,19:00,NOP,MEM,home,401909300,False
25,2026-11-13,19:30,HOU,UTA,home,401909301,False
25,2026-11-13,19:30,UTA,HOU,away,401909301,False
25,2026-11-13,20:30,GSW,SAS,away,401909302,False
25,2026-11-13,20:30,SAS,GSW,home,401909302,False
25,2026-11-13,21:00,POR,SAC,away,401909303,False
25,2026-11-13,21:00,SAC,POR,home,401909303,False
25,2026-11-13,21:30,LAC,OKC,home,401909304,False
25,2026-11-13,21:30,OKC,LAC,away,401909304,False
26,2026-11-14,18:00,DEN,NOP,away,401909980,False
26,2026-11-14,18:00,NOP,DEN,home,401909980,False
26,2026-11-14,18:30,CLE,DAL,home,401909981,False
26,2026-11-14,18:30,DAL,CLE,away,401909981,False
26,2026-11-14,19:00,BKN,MEM,away,401909983,False
26,2026-11-14,19:00,CHI,MIN,away,401909984,False
26,2026-11-14,19:00,DET,MIA,away,401909982,False
26,2026-11-14,19:00,MEM,BKN,home,401909983,False
26,2026-11-14,19:00,MIA,DET,home,401909982,False
26,2026-11-14,19:00,MIN,CHI,home,401909984,False
27,2026-11-15,12:00,IND,PHL,away,401909985,False
27,2026-11-15,12:00,PHL,IND,home,401909985,False
27,2026-11-15,15:00,LAL,PHO,away,401909986,False
27,2026-11-15,15:00,PHO,LAL,home,401909986,False
27,2026-11-15,15:30,CHA,LAC,away,401909987,False
27,2026-11-15,15:30,LAC,CHA,home,401909987,False
27,2026-11-15,16:00,SAS,UTA,away,401909988,False
27,2026-11-15,16:00,UTA,SAS,home,401909988,False
27,2026-11-15,17:00,BOS,DAL,home,401909989,False
27,2026-11-15,17:00,DAL,BOS,away,401909989,False
27,2026-11-15,17:00,NYK,TOR,away,401909990,False
27,2026-11-15,17:00,TOR,NYK,home,401909990,False
27,2026-11-15,18:00,HOU,WAS,away,401909991,False
27,2026-11-15,18:00,WAS,HOU,home,401909991,False
27,2026-11-15,19:00,ATL,MIL,away,401909992,False
27,2026-11-15,19:00,MIL,ATL,home,401909992,False
27,2026-11-15,20:00,OKC,SAC,away,401909993,False
27,2026-11-15,20:00,SAC,OKC,home,401909993,False
28,2026-11-16,18:00,BOS,ORL,home,401909994,False
28,2026-11-16,18:00,CHI,CLE,away,401909995,False
28,2026-11-16,18:00,CLE,CHI,home,401909995,False
28,2026-11-16,18:00,MEM,WAS,away,401909996,False
28,2026-11-16,18:00,ORL,BOS,away,401909994,False
28,2026-11-16,18:00,WAS,MEM,home,401909996,False
28,2026-11-16,18:30,BKN,PHL,home,401909997,False
28,2026-11-16,18:30,HOU,MIA,away,401909998,False
28,2026-11-16,18:30,MIA,HOU,home,401909998,False
28,2026-11-16,18:30,PHL,BKN,away,401909997,False
28,2026-11-16,19:00,GSW,NOP,away,401910000,False
28,2026-11-16,19:00,MIN,POR,home,401909999,False
28,2026-11-16,19:00,NOP,GSW,home,401910000,False
28,2026-11-16,19:00,POR,MIN,away,401909999,False
28,2026-11-16,20:00,DEN,PHO,home,401910001,False
28,2026-11-16,20:00,PHO,DEN,away,401910001,False
29,2026-11-17,18:30,NYK,TOR,away,401910002,False
29,2026-11-17,18:30,TOR,NYK,home,401910002,False
29,2026-11-17,19:00,DET,SAS,away,401910004,False
29,2026-11-17,19:00,MIN,POR,home,401910003,False
29,2026-11-17,19:00,POR,MIN,away,401910003,False
29,2026-11-17,19:00,SAS,DET,home,401910004,False
29,2026-11-17,21:00,CHA,LAL,away,401910005,False
29,2026-11-17,21:00,LAL,CHA,home,401910005,False
29,2026-11-17,22:00,LAC,UTA,home,401910006,False
29,2026-11-17,22:00,UTA,LAC,away,401910006,False
30,2026-11-18,18:00,CLE,MEM,home,401910007,False
30,2026-11-18,18:00,HOU,IND,away,401910008,False
30,2026-11-18,18:00,IND,HOU,home,401910008,False
30,2026-11-18,18:00,MEM,CLE,away,401910007,False
30,2026-11-18,18:00,MIA,MIL,home,401910009,False
30,2026-11-18,18:00,MIL,MIA,away,401910009,False
30,2026-11-18,18:00,ORL,PHL,home,401910010,False
30,2026-11-18,18:00,PHL,ORL,away,401910010,False
30,2026-11-18,18:30,BKN,CHI,home,401910011,False
30,2026-11-18,18:30,CHI,BKN,away,401910011,False
30,2026-11-18,18:30,TOR,WAS,home,401910012,False
30,2026-11-18,18:30,WAS,TOR,away,401910012,False
30,2026-11-18,19:00,ATL,OKC,away,401910014,False
30,2026-11-18,19:00,DET,NOP,away,401910013,False
30,2026-11-18,19:00,NOP,DET,home,401910013,False
30,2026-11-18,19:00,OKC,ATL,home,401910014,False
30,2026-11-18,20:00,BOS,DEN,away,401910015,False
30,2026-11-18,20:00,DEN,BOS,home,401910015,False
30,2026-11-18,20:30,DAL,GSW,home,401910016,False
30,2026-11-18,20:30,GSW,DAL,away,401910016,False
30,2026-11-18,21:00,LAL,UTA,home,401910017,False
30,2026-11-18,21:00,PHO,SAC,away,401910018,False
30,2026-11-18,21:00,SAC,PHO,home,401910018,False
30,2026-11-18,21:00,UTA,LAL,away,401910017,False
31,2026-11-19,19:00,GSW,MEM,away,401910019,False
31,2026-11-19,19:00,LAC,SAS,away,401910022,False
31,2026-11-19,19:00,MEM,GSW,home,401910019,False
31,2026-11-19,19:00,MIL,POR,home,401910020,False
31,2026-11-19,19:00,MIN,NYK,home,401910021,False
31,2026-11-19,19:00,NYK,MIN,away,401910021,False
31,2026-11-19,19:00,POR,MIL,away,401910020,False
31,2026-11-19,19:00,SAS,LAC,home,401910022,False
32,2026-11-20,18:00,ATL,CHA,home,401909305,False
32,2026-11-20,18:00,CHA,ATL,away,401909305,False
32,2026-11-20,18:30,BKN,ORL,home,401909306,False
32,2026-11-20,18:30,CLE,IND,home,401909307,False
32,2026-11-20,18:30,DET,TOR,home,401909308,False
32,2026-11-20,18:30,IND,CLE,away,401909307,False
32,2026-11-20,18:30,ORL,BKN,away,401909306,False
32,2026-11-20,18:30,TOR,DET,away,401909308,False
32,2026-11-20,19:00,CHI,WAS,home,401909309,False
32,2026-11-20,19:00,NOP,OKC,away,401909310,False
32,2026-11-20,19:00,OKC,NOP,home,401909310,False
32,2026-11-20,19:00,WAS,CHI,away,401909309,False
32,2026-11-20,20:30,PHO,UTA,away,401909311,False
32,2026-11-20,20:30,UTA,PHO,home,401909311,False
32,2026-11-20,21:00,DEN,HOU,home,401909312,False
32,2026-11-20,21:00,HOU,DEN,away,401909312,False
32,2026-11-20,21:00,LAL,SAC,home,401909313,False
32,2026-11-20,21:00,SAC,LAL,away,401909313,False
33,2026-11-21,12:00,MIL,PHL,away,401910023,False
33,2026-11-21,12:00,PHL,MIL,home,401910023,False
33,2026-11-21,18:30,NYK,POR,home,401910024,False
33,2026-11-21,18:30,POR,NYK,away,401910024,False
33,2026-11-21,19:00,DAL,LAC,home,401910025,False
33,2026-11-21,19:00,LAC,DAL,away,401910025,False
33,2026-11-21,19:00,MEM,MIN,away,401910026,False
33,2026-11-21,19:00,MIN,MEM,home,401910026,False
33,2026-11-21,19:00,NOP,SAS,away,401910027,False
33,2026-11-21,19:00,SAS,NOP,home,401910027,False
33,2026-11-21,21:00,BOS,SAC,away,401910028,False
33,2026-11-21,21:00,SAC,BOS,home,401910028,False
34,2026-11-22,14:30,ATL,DET,home,401910029,False
34,2026-11-22,14:30,DET,ATL,away,401910029,False
34,2026-11-22,17:00,MIA,OKC,home,401910030,False
34,2026-11-22,17:00,OKC,MIA,away,401910030,False
34,2026-11-22,18:00,CHI,DEN,home,401910032,False
34,2026-11-22,18:00,DAL,UTA,away,401910033,False
34,2026-11-22,18:00,DEN,CHI,away,401910032,False
34,2026-11-22,18:00,ORL,WAS,away,401910031,False
34,2026-11-22,18:00,UTA,DAL,home,401910033,False
34,2026-11-22,18:00,WAS,ORL,home,401910031,False
34,2026-11-22,19:00,IND,NYK,away,401910034,False
34,2026-11-22,19:00,NYK,IND,home,401910034,False
34,2026-11-22,19:30,BOS,GSW,away,401910035,False
34,2026-11-22,19:30,GSW,BOS,home,401910035,False
35,2026-11-23,18:00,CHA,MEM,home,401910036,False
35,2026-11-23,18:00,MEM,CHA,away,401910036,False
35,2026-11-23,18:00,PHL,POR,home,401910037,False
35,2026-11-23,18:00,POR,PHL,away,401910037,False
35,2026-11-23,18:30,BKN,MIN,away,401910040,False
35,2026-11-23,18:30,IND,OKC,home,401910038,False
35,2026-11-23,18:30,MIL,TOR,away,401910039,False
35,2026-11-23,18:30,MIN,BKN,home,401910040,False
35,2026-11-23,18:30,OKC,IND,away,401910038,False
35,2026-11-23,18:30,TOR,MIL,home,401910039,False
35,2026-11-23,19:00,CHI,CLE,home,401910041,False
35,2026-11-23,19:00,CLE,CHI,away,401910041,False
35,2026-11-23,19:00,NOP,PHO,home,401910042,False
35,2026-11-23,19:00,PHO,NOP,away,401910042,False
35,2026-11-23,19:30,HOU,LAC,home,401910043,False
35,2026-11-23,19:30,LAC,HOU,away,401910043,False
35,2026-11-23,21:00,LAL,UTA,home,401910044,False
35,2026-11-23,21:00,SAC,SAS,home,401910045,False
35,2026-11-23,21:00,SAS,SAC,away,401910045,False
35,2026-11-23,21:00,UTA,LAL,away,401910044,False
36,2026-11-24,18:00,DET,ORL,away,401909314,False
36,2026-11-24,18:00,ORL,DET,home,401909314,False
36,2026-11-24,19:00,BOS,WAS,away,401909315,False
36,2026-11-24,19:00,WAS,BOS,home,401909315,False
36,2026-11-24,21:00,DAL,DEN,away,401909316,False
36,2026-11-24,21:00,DEN,DAL,home,401909316,False
37,2026-11-25,16:00,MIA,PHL,away,401909317,False
37,2026-11-25,16:00,PHL,MIA,home,401909317,False
37,2026-11-25,18:00,CHA,CHI,home,401909318,False
37,2026-11-25,18:00,CHI,CHA,away,401909318,False
37,2026-11-25,18:30,CLE,NYK,away,401909319,False
37,2026-11-25,18:30,MIN,OKC,away,401909320,False
37,2026-11-25,18:30,NYK,CLE,home,401909319,False
37,2026-11-25,18:30,OKC,MIN,home,401909320,False
37,2026-11-25,19:00,BKN,MIL,away,401909322,False
37,2026-11-25,19:00,LAC,MEM,away,401909321,False
37,2026-11-25,19:00,MEM,LAC,home,401909321,False
37,2026-11-25,19:00,MIL,BKN,home,401909322,False
37,2026-11-25,19:30,HOU,PHO,home,401909323,False
37,2026-11-25,19:30,PHO,HOU,away,401909323,False
37,2026-11-25,21:00,GSW,SAC,home,401909324,False
37,2026-11-25,21:00,POR,SAS,home,401909325,False
37,2026-11-25,21:00,SAC,GSW,away,401909324,False
37,2026-11-25,21:00,SAS,POR,away,401909325,False
39,2026-11-27,18:00,MIA,NYK,away,401909326,False
39,2026-11-27,18:00,NYK,MIA,home,401909326,False
39,2026-11-27,18:30,BKN,TOR,away,401909329,False
39,2026-11-27,18:30,DET,MIL,home,401909327,False
39,2026-11-27,18:30,IND,PHL,home,401909328,False
39,2026-11-27,18:30,MIL,DET,away,401909327,False
39,2026-11-27,18:30,PHL,IND,away,401909328,False
39,2026-11-27,18:30,TOR,BKN,home,401909329,False
39,2026-11-27,19:00,ATL,BOS,away,401909330,False
39,2026-11-27,19:00,BOS,ATL,home,401909330,False
39,2026-11-27,19:30,MEM,MIN,away,401909331,False
39,2026-11-27,19:30,MIN,MEM,home,401909331,False
39,2026-11-27,20:00,DAL,PHO,away,401909332,False
39,2026-11-27,20:00,PHO,DAL,home,401909332,False
39,2026-11-27,20:30,DEN,UTA,away,401909334,False
39,2026-11-27,20:30,GSW,POR,away,401909336,False
39,2026-11-27,20:30,LAC,NOP,home,401909335,False
39,2026-11-27,20:30,LAL,SAS,away,401909333,False
39,2026-11-27,20:30,NOP,LAC,away,401909335,False
39,2026-11-27,20:30,POR,GSW,home,401909336,False
39,2026-11-27,20:30,SAS,LAL,home,401909333,False
39,2026-11-27,20:30,UTA,DEN,home,401909334,False
40,2026-11-28,16:00,ORL,WAS,away,401910046,False
40,2026-11-28,16:00,WAS,ORL,home,401910046,False
40,2026-11-28,17:00,BKN,CHA,away,401910047,False
40,2026-11-28,17:00,CHA,BKN,home,401910047,False
40,2026-11-28,19:00,CHI,IND,home,401910048,False
40,2026-11-28,19:00,IND,CHI,away,401910048,False
40,2026-11-28,19:00,MIL,OKC,home,401910049,False
40,2026-11-28,19:00,OKC,MIL,away,401910049,False
40,2026-11-28,19:30,HOU,PHL,home,401910050,False
40,2026-11-28,19:30,PHL,HOU,away,401910050,False
41,2026-11-29,15:00,BOS,SAS,away,401910052,False
41,2026-11-29,15:00,LAL,MEM,away,401910051,False
41,2026-11-29,15:00,MEM,LAL,home,401910051,False
41,2026-11-29,15:00,SAS,BOS,home,401910052,False
41,2026-11-29,16:00,PHO,UTA,away,401910053,False
41,2026-11-29,16:00,UTA,PHO,home,401910053,False
41,2026-11-29,17:00,ATL,NYK,away,401910056,False
41,2026-11-29,17:00,CLE,MIA,home,401910054,False
41,2026-11-29,17:00,DEN,TOR,away,401910057,False
41,2026-11-29,17:00,DET,ORL,home,401910055,False
41,2026-11-29,17:00,MIA,CLE,away,401910054,False
41,2026-11-29,17:00,NOP,POR,away,401910058,False
41,2026-11-29,17:00,NYK,ATL,home,401910056,False
41,2026-11-29,17:00,ORL,DET,away,401910055,False
41,2026-11-29,17:00,POR,NOP,home,401910058,False
41,2026-11-29,17:00,TOR,DEN,home,401910057,False
41,2026-11-29,19:30,GSW,LAC,home,401910059,False
41,2026-11-29,19:30,LAC,GSW,away,401910059,False
41,2026-11-29,20:00,MIN,SAC,away,401910060,False
41,2026-11-29,20:00,SAC,MIN,home,401910060,False
42,2026-11-30,18:00,CHA,WAS,home,401910061,False
42,2026-11-30,18:00,DEN,DET,away,401910062,False
42,2026-11-30,18:00,DET,DEN,home,401910062,False
42,2026-11-30,18:00,WAS,CHA,away,401910061,False
42,2026-11-30,18:30,BKN,OKC,home,401910063,False
42,2026-11-30,18:30,HOU,LAL,home,401910064,False
42,2026-11-30,18:30,LAL,HOU,away,401910064,False
42,2026-11-30,18:30,OKC,BKN,away,401910063,False
42,2026-11-30,19:00,BOS,DAL,away,401910065,False
42,2026-11-30,19:00,DAL,BOS,home,401910065,False
42,2026-11-30,19:00,MIL,SAS,home,401910066,False
42,2026-11-30,19:00,SAS,MIL,away,401910066,False
42,2026-11-30,21:00,NOP,SAC,away,401910067,False
42,2026-11-30,21:00,SAC,NOP,home,401910067,False
43,2026-12-01,18:00,CLE,IND,home,401910068,False
43,2026-12-01,18:00,IND,CLE,away,401910068,False
43,2026-12-01,18:00,MEM,PHL,away,401910069,False
43,2026-12-01,18:00,PHL,MEM,home,401910069,False
43,2026-12-01,18:30,ATL,MIA,away,401910070,False
43,2026-12-01,18:30,MIA,ATL,home,401910070,False
43,2026-12-01,19:00,CHI,NYK,home,401910071,False
43,2026-12-01,19:00,NYK,CHI,away,401910071,False
43,2026-12-01,19:30,HOU,TOR,home,401910072,False
43,2026-12-01,19:30,TOR,HOU,away,401910072,False
43,2026-12-01,20:00,LAC,PHO,away,401910073,False
43,2026-12-01,20:00,PHO,LAC,home,401910073,False
43,2026-12-01,21:00,MIN,POR,away,401910074,False
43,2026-12-01,21:00,POR,MIN,home,401910074,False
43,2026-12-01,22:00,GSW,UTA,home,401910075,False
43,2026-12-01,22:00,UTA,GSW,away,401910075,False
44,2026-12-02,18:00,DEN,PHL,away,401910077,False
44,2026-12-02,18:00,DET,MEM,home,401910076,False
44,2026-12-02,18:00,MEM,DET,away,401910076,False
44,2026-12-02,18:00,PHL,DEN,home,401910077,False
44,2026-12-02,18:30,BOS,CHA,home,401910078,False
44,2026-12-02,18:30,CHA,BOS,away,401910078,False
44,2026-12-02,19:00,BKN,OKC,away,401910082,False
44,2026-12-02,19:00,DAL,ORL,home,401910079,False
44,2026-12-02,19:00,LAL,NOP,away,401910081,False
44,2026-12-02,19:00,MIL,NYK,home,401910080,False
44,2026-12-02,19:00,NOP,LAL,home,401910081,False
44,2026-12-02,19:00,NYK,MIL,away,401910080,False
44,2026-12-02,19:00,OKC,BKN,home,401910082,False
44,2026-12-02,19:00,ORL,DAL,away,401910079,False
44,2026-12-02,20:00,PHO,SAC,home,401910083,False
44,2026-12-02,20:00,SAC,PHO,away,401910083,False
44,2026-12-02,21:30,LAC,MIN,home,401910084,False
44,2026-12-02,21:30,MIN,LAC,away,401910084,False
45,2026-12-03,18:00,ATL,IND,home,401910085,False
45,2026-12-03,18:00,IND,ATL,away,401910085,False
45,2026-12-03,18:30,MIA,WAS,home,401910086,False
45,2026-12-03,18:30,WAS,MIA,away,401910086,False
45,2026-12-03,19:00,CHI,CLE,home,401910087,False
45,2026-12-03,19:00,CLE,CHI,away,401910087,False
45,2026-12-03,19:00,SAS,TOR,home,401910088,False
45,2026-12-03,19:00,TOR,SAS,away,401910088,False
45,2026-12-03,21:00,POR,UTA,home,401910089,False
45,2026-12-03,21:00,UTA,POR,away,401910089,False
54,2026-12-12,16:00,MEM,MIL,home,401910090,False
54,2026-12-12,16:00,MIL,MEM,away,401910090,False
54,2026-12-12,18:00,CHA,WAS,away,401910091,False
54,2026-12-12,18:00,WAS,CHA,home,401910091,False
54,2026-12-12,18:30,ORL,PHL,away,401910092,False
54,2026-12-12,18:30,PHL,ORL,home,401910092,False
54,2026-12-12,19:00,CLE,GSW,home,401910093,False
54,2026-12-12,19:00,GSW,CLE,away,401910093,False
54,2026-12-12,19:30,MIA,NYK,home,401910094,False
54,2026-12-12,19:30,NYK,MIA,away,401910094,False
54,2026-12-12,20:00,MIN,PHO,away,401910095,False
54,2026-12-12,20:00,PHO,MIN,home,401910095,False
54,2026-12-12,20:30,DEN,UTA,away,401910096,False
54,2026-12-12,20:30,UTA,DEN,home,401910096,False
54,2026-12-12,21:00,ATL,POR,away,401910097,False
54,2026-12-12,21:00,POR,ATL,home,401910097,False
55,2026-12-13,14:00,BKN,BOS,home,401910098,False
55,2026-12-13,14:00,BOS,BKN,away,401910098,False
55,2026-12-13,14:30,OKC,TOR,home,401910099,False
55,2026-12-13,14:30,TOR,OKC,away,401910099,False
55,2026-12-13,16:00,DET,IND,away,401910100,False
55,2026-12-13,16:00,IND,DET,home,401910100,False
55,2026-12-13,17:00,CHI,HOU,home,401910101,False
55,2026-12-13,17:00,HOU,CHI,away,401910101,False
55,2026-12-13,18:00,LAC,SAS,away,401910102,False
55,2026-12-13,18:00,SAS,LAC,home,401910102,False
55,2026-12-13,20:00,NOP,SAC,away,401910103,False
55,2026-12-13,20:00,SAC,NOP,home,401910103,False
56,2026-12-14,18:00,BKN,DET,away,401910105,False
56,2026-12-14,18:00,CHA,TOR,home,401910104,False
56,2026-12-14,18:00,DET,BKN,home,401910105,False
56,2026-12-14,18:00,ORL,PHL,home,401910106,False
56,2026-12-14,18:00,PHL,ORL,away,401910106,False
56,2026-12-14,18:00,TOR,CHA,away,401910104,False
56,2026-12-14,18:30,BOS,WAS,home,401910107,False
56,2026-12-14,18:30,WAS,BOS,away,401910107,False
56,2026-12-14,19:00,CHI,MIA,home,401910108,False
56,2026-12-14,19:00,DAL,MIL,home,401910109,False
56,2026-12-14,19:00,GSW,MEM,away,401910110,False
56,2026-12-14,19:00,MEM,GSW,home,401910110,False
56,2026-12-14,19:00,MIA,CHI,away,401910108,False
56,2026-12-14,19:00,MIL,DAL,away,401910109,False
56,2026-12-14,19:30,HOU,NYK,home,401910111,False
56,2026-12-14,19:30,NYK,HOU,away,401910111,False
56,2026-12-14,20:00,ATL,PHO,away,401910112,False
56,2026-12-14,20:00,MIN,UTA,away,401910113,False
56,2026-12-14,20:00,PHO,ATL,home,401910112,False
56,2026-12-14,20:00,UTA,MIN,home,401910113,False
56,2026-12-14,21:00,LAL,NOP,home,401910114,False
56,2026-12-14,21:00,NOP,LAL,away,401910114,False
57,2026-12-15,19:00,CLE,SAS,home,401910115,False
57,2026-12-15,19:00,SAS,CLE,away,401910115,False
57,2026-12-15,22:00,DEN,POR,away,401910116,False
57,2026-12-15,22:00,POR,DEN,home,401910116,False
58,2026-12-16,18:00,BOS,WAS,home,401910117,False
58,2026-12-16,18:00,CHA,LAC,home,401910118,False
58,2026-12-16,18:00,CLE,ORL,away,401910121,False
58,2026-12-16,18:00,DET,PHO,home,401910119,False
58,2026-12-16,18:00,GSW,IND,away,401910120,False
58,2026-12-16,18:00,IND,GSW,home,401910120,False
58,2026-12-16,18:00,LAC,CHA,away,401910118,False
58,2026-12-16,18:00,ORL,CLE,home,401910121,False
58,2026-12-16,18:00,PHO,DET,away,401910119,False
58,2026-12-16,18:00,WAS,BOS,away,401910117,False
58,2026-12-16,18:30,BKN,DAL,home,401910122,False
58,2026-12-16,18:30,DAL,BKN,away,401910122,False
58,2026-12-16,18:30,SAS,TOR,away,401910123,False
58,2026-12-16,18:30,TOR,SAS,home,401910123,False
58,2026-12-16,19:00,CHI,UTA,home,401910124,False
58,2026-12-16,19:00,MEM,MIA,home,401910125,False
58,2026-12-16,19:00,MIA,MEM,away,401910125,False
58,2026-12-16,19:00,NOP,NYK,home,401910126,False
58,2026-12-16,19:00,NYK,NOP,away,401910126,False
58,2026-12-16,19:00,OKC,SAC,home,401910127,False
58,2026-12-16,19:00,SAC,OKC,away,401910127,False
58,2026-12-16,19:00,UTA,CHI,away,401910124,False
58,2026-12-16,19:30,HOU,MIL,home,401910128,False
58,2026-12-16,19:30,MIL,HOU,away,401910128,False
58,2026-12-16,20:30,LAL,MIN,away,401910129,False
58,2026-12-16,20:30,MIN,LAL,home,401910129,False
59,2026-12-17,18:00,DAL,PHL,away,401910131,False
59,2026-12-17,18:00,IND,POR,home,401910130,False
59,2026-12-17,18:00,PHL,DAL,home,401910131,False
59,2026-12-17,18:00,POR,IND,away,401910130,False
59,2026-12-17,20:00,ATL,DEN,away,401910132,False
59,2026-12-17,20:00,DEN,ATL,home,401910132,False
60,2026-12-18,18:00,CHA,OKC,home,401910133,False
60,2026-12-18,18:00,LAC,MIA,away,401910134,False
60,2026-12-18,18:00,MIA,LAC,home,401910134,False
60,2026-12-18,18:00,NYK,WAS,away,401910135,False
60,2026-12-18,18:00,OKC,CHA,away,401910133,False
60,2026-12-18,18:00,WAS,NYK,home,401910135,False
60,2026-12-18,18:30,BKN,ORL,home,401910137,False
60,2026-12-18,18:30,BOS,UTA,home,401910136,False
60,2026-12-18,18:30,CLE,DET,away,401910138,False
60,2026-12-18,18:30,DET,CLE,home,401910138,False
60,2026-12-18,18:30,GSW,TOR,away,401910139,False
60,2026-12-18,18:30,ORL,BKN,away,401910137,False
60,2026-12-18,18:30,TOR,GSW,home,401910139,False
60,2026-12-18,18:30,UTA,BOS,away,401910136,False
60,2026-12-18,19:00,CHI,SAS,away,401910144,False
60,2026-12-18,19:00,HOU,MEM,away,401910140,False
60,2026-12-18,19:00,LAL,MIN,away,401910142,False
60,2026-12-18,19:00,MEM,HOU,home,401910140,False
60,2026-12-18,19:00,MIL,PHO,home,401910141,False
60,2026-12-18,19:00,MIN,LAL,home,401910142,False
60,2026-12-18,19:00,NOP,SAC,home,401910143,False
60,2026-12-18,19:00,PHO,MIL,away,401910141,False
60,2026-12-18,19:00,SAC,NOP,away,401910143,False
60,2026-12-18,19:00,SAS,CHI,home,401910144,False
61,2026-12-19,17:00,CHA,POR,home,401910145,False
61,2026-12-19,17:00,POR,CHA,away,401910145,False
61,2026-12-19,18:00,ATL,ORL,home,401910146,False
61,2026-12-19,18:00,ORL,ATL,away,401910146,False
61,2026-12-19,19:00,CHI,DAL,away,401910147,False
61,2026-12-19,19:00,DAL,CHI,home,401910147,False
61,2026-12-19,20:00,DEN,LAL,home,401910148,False
61,2026-12-19,20:00,LAL,DEN,away,401910148,False
62,2026-12-20,14:00,BKN,WAS,home,401910149,False
62,2026-12-20,14:00,WAS,BKN,away,401910149,False
62,2026-12-20,14:30,HOU,TOR,away,401910150,False
62,2026-12-20,14:30,TOR,HOU,home,401910150,False
62,2026-12-20,15:00,MEM,PHO,home,401910151,False
62,2026-12-20,15:00,PHO,MEM,away,401910151,False
62,2026-12-20,17:00,CLE,UTA,home,401910152,False
62,2026-12-20,17:00,MIA,SAC,home,401910153,False
62,2026-12-20,17:00,SAC,MIA,away,401910153,False
62,2026-12-20,17:00,UTA,CLE,away,401910152,False
62,2026-12-20,18:00,ATL,OKC,home,401910154,False
62,2026-12-20,18:00,NOP,SAS,home,401910155,False
62,2026-12-20,18:00,OKC,ATL,away,401910154,False
62,2026-12-20,18:00,SAS,NOP,away,401910155,False
62,2026-12-20,19:00,BOS,DET,home,401910156,False
62,2026-12-20,19:00,DET,BOS,away,401910156,False
62,2026-12-20,19:00,GSW,MIL,away,401910157,False
62,2026-12-20,19:00,MIL,GSW,home,401910157,False
62,2026-12-20,21:00,IND,LAC,away,401910158,False
62,2026-12-20,21:00,LAC,IND,home,401910158,False
63,2026-12-21,18:00,CHA,PHL,home,401910159,False
63,2026-12-21,18:00,CLE,NYK,home,401910160,False
63,2026-12-21,18:00,NYK,CLE,away,401910160,False
63,2026-12-21,18:00,ORL,SAC,home,401910161,False
63,2026-12-21,18:00,PHL,CHA,away,401910159,False
63,2026-12-21,18:00,SAC,ORL,away,401910161,False
63,2026-12-21,18:30,BKN,POR,home,401910162,False
63,2026-12-21,18:30,CHI,MIA,away,401910163,False
63,2026-12-21,18:30,MIA,CHI,home,401910163,False
63,2026-12-21,18:30,POR,BKN,away,401910162,False
63,2026-12-21,19:00,MEM,NOP,away,401910165,False
63,2026-12-21,19:00,MIL,SAS,away,401910166,False
63,2026-12-21,19:00,MIN,PHO,home,401910164,False
63,2026-12-21,19:00,NOP,MEM,home,401910165,False
63,2026-12-21,19:00,PHO,MIN,away,401910164,False
63,2026-12-21,19:00,SAS,MIL,home,401910166,False
63,2026-12-21,21:00,IND,LAL,away,401910167,False
63,2026-12-21,21:00,LAL,IND,home,401910167,False
63,2026-12-21,21:30,DEN,LAC,away,401910168,False
63,2026-12-21,21:30,LAC,DEN,home,401910168,False
64,2026-12-22,18:00,TOR,WAS,away,401910169,False
64,2026-12-22,18:00,WAS,TOR,home,401910169,False
64,2026-12-22,19:00,DET,OKC,away,401910170,False
64,2026-12-22,19:00,OKC,DET,home,401910170,False
64,2026-12-22,21:30,DAL,GSW,away,401910171,False
64,2026-12-22,21:30,GSW,DAL,home,401910171,False
65,2026-12-23,18:00,ATL,DET,home,401910172,False
65,2026-12-23,18:00,CHA,ORL,away,401910173,False
65,2026-12-23,18:00,CLE,WAS,away,401910174,False
65,2026-12-23,18:00,DET,ATL,away,401910172,False
65,2026-12-23,18:00,ORL,CHA,home,401910173,False
65,2026-12-23,18:00,WAS,CLE,home,401910174,False
65,2026-12-23,18:30,BKN,SAS,home,401910176,False
65,2026-12-23,18:30,BOS,POR,home,401910175,False
65,2026-12-23,18:30,CHI,MIA,away,401910177,False
65,2026-12-23,18:30,HOU,PHL,away,401910179,False
65,2026-12-23,18:30,MIA,CHI,home,401910177,False
65,2026-12-23,18:30,NYK,UTA,home,401910178,False
65,2026-12-23,18:30,PHL,HOU,home,401910179,False
65,2026-12-23,18:30,POR,BOS,away,401910175,False
65,2026-12-23,18:30,SAS,BKN,away,401910176,False
65,2026-12-23,18:30,UTA,NYK,away,401910178,False
65,2026-12-23,19:00,MEM,TOR,home,401910180,False
65,2026-12-23,19:00,MIL,MIN,home,401910181,False
65,2026-12-23,19:00,MIN,MIL,away,401910181,False
65,2026-12-23,19:00,NOP,OKC,home,401910182,False
65,2026-12-23,19:00,OKC,NOP,away,401910182,False
65,2026-12-23,19:00,TOR,MEM,away,401910180,False
65,2026-12-23,20:00,IND,PHO,away,401910183,False
65,2026-12-23,20:00,PHO,IND,home,401910183,False
65,2026-12-23,21:00,DAL,SAC,away,401910185,False
65,2026-12-23,21:00,DEN,LAL,away,401910184,False
65,2026-12-23,21:00,LAL,DEN,home,401910184,False
65,2026-12-23,21:00,SAC,DAL,home,401910185,False
65,2026-12-23,21:30,GSW,LAC,away,401910186,False
65,2026-12-23,21:30,LAC,GSW,home,401910186,False
67,2026-12-25,11:00,NYK,SAS,home,401909097,False
67,2026-12-25,11:00,SAS,NYK,away,401909097,False
67,2026-12-25,13:30,BOS,MIA,home,401909098,False
67,2026-12-25,13:30,MIA,BOS,away,401909098,False
67,2026-12-25,16:00,LAL,PHL,home,401909099,False
67,2026-12-25,16:00,PHL,LAL,away,401909099,False
67,2026-12-25,19:00,MIN,OKC,home,401909100,False
67,2026-12-25,19:00,OKC,MIN,away,401909100,False
67,2026-12-25,21:30,DEN,GSW,away,401909101,False
67,2026-12-25,21:30,GSW,DEN,home,401909101,False
68,2026-12-26,12:00,POR,WAS,away,401910187,False
68,2026-12-26,12:00,WAS,POR,home,401910187,False
68,2026-12-26,14:30,ATL,CHA,home,401910188,False
68,2026-12-26,14:30,CHA,ATL,away,401910188,False
68,2026-12-26,16:00,IND,UTA,away,401910189,False
68,2026-12-26,16:00,UTA,IND,home,401910189,False
68,2026-12-26,17:00,BKN,NOP,home,401910190,False
68,2026-12-26,17:00,NOP,BKN,away,401910190,False
68,2026-12-26,18:00,ORL,TOR,home,401910191,False
68,2026-12-26,18:00,TOR,ORL,away,401910191,False
68,2026-12-26,19:00,CHI,DET,home,401910192,False
68,2026-12-26,19:00,DAL,PHO,home,401910193,False
68,2026-12-26,19:00,DET,CHI,away,401910192,False
68,2026-12-26,19:00,PHO,DAL,away,401910193,False
68,2026-12-26,21:30,LAC,MEM,home,401910194,False
68,2026-12-26,21:30,MEM,LAC,away,401910194,False
69,2026-12-27,14:30,HOU,OKC,home,401910195,False
69,2026-12-27,14:30,OKC,HOU,away,401910195,False
69,2026-12-27,17:00,BKN,NYK,away,401910198,False
69,2026-12-27,17:00,CHA,MIA,away,401910197,False
69,2026-12-27,17:00,CLE,WAS,home,401910196,False
69,2026-12-27,17:00,MIA,CHA,home,401910197,False
69,2026-12-27,17:00,MIL,ORL,away,401910199,False
69,2026-12-27,17:00,NYK,BKN,home,401910198,False
69,2026-12-27,17:00,ORL,MIL,home,401910199,False
69,2026-12-27,17:00,SAC,UTA,home,401910200,False
69,2026-12-27,17:00,UTA,SAC,away,401910200,False
69,2026-12-27,17:00,WAS,CLE,away,401910196,False
69,2026-12-27,18:00,ATL,SAS,away,401910202,False
69,2026-12-27,18:00,DET,POR,home,401910201,False
69,2026-12-27,18:00,POR,DET,away,401910201,False
69,2026-12-27,18:00,SAS,ATL,home,401910202,False
69,2026-12-27,19:00,DEN,IND,home,401910203,False
69,2026-12-27,19:00,IND,DEN,away,401910203,False
69,2026-12-27,19:30,GSW,MIN,home,401910204,False
69,2026-12-27,19:30,MIN,GSW,away,401910204,False
69,2026-12-27,20:00,LAC,PHL,home,401910205,False
69,2026-12-27,20:00,LAL,MEM,home,401910206,False
69,2026-12-27,20:00,MEM,LAL,away,401910206,False
69,2026-12-27,20:00,PHL,LAC,away,401910205,False
70,2026-12-28,18:30,NOP,TOR,away,401910207,False
70,2026-12-28,18:30,TOR,NOP,home,401910207,False
70,2026-12-28,19:00,BOS,CLE,home,401910208,False
70,2026-12-28,19:00,CLE,BOS,away,401910208,False
70,2026-12-28,20:00,GSW,PHO,away,401910209,False
70,2026-12-28,20:00,PHO,GSW,home,401910209,False
70,2026-12-28,21:30,DEN,MIN,home,401910210,False
70,2026-12-28,21:30,MIN,DEN,away,401910210,False
71,2026-12-29,18:00,ATL,CHI,home,401910211,False
71,2026-12-29,18:00,CHA,ORL,home,401910212,False
71,2026-12-29,18:00,CHI,ATL,away,401910211,False
71,2026-12-29,18:00,IND,LAC,home,401910213,False
71,2026-12-29,18:00,LAC,IND,away,401910213,False
71,2026-12-29,18:00,ORL,CHA,away,401910212,False
71,2026-12-29,19:00,DAL,MIA,home,401910214,False
71,2026-12-29,19:00,MEM,SAS,home,401910215,False
71,2026-12-29,19:00,MIA,DAL,away,401910214,False
71,2026-12-29,19:00,MIL,OKC,away,401910216,False
71,2026-12-29,19:00,OKC,MIL,home,401910216,False
71,2026-12-29,19:00,SAS,MEM,away,401910215,False
71,2026-12-29,21:00,BKN,POR,away,401910217,False
71,2026-12-29,21:00,PHL,SAC,away,401910218,False
71,2026-12-29,21:00,POR,BKN,home,401910217,False
71,2026-12-29,21:00,SAC,PHL,home,401910218,False
71,2026-12-29,21:30,HOU,LAL,away,401910219,False
71,2026-12-29,21:30,LAL,HOU,home,401910219,False
72,2026-12-30,18:00,DET,NOP,home,401910220,False
72,2026-12-30,18:00,NOP,DET,away,401910220,False
72,2026-12-30,18:30,TOR,WAS,home,401910221,False
72,2026-12-30,18:30,WAS,TOR,away,401910221,False
72,2026-12-30,19:00,BOS,CHI,away,401910222,False
72,2026-12-30,19:00,CHI,BOS,home,401910222,False
72,2026-12-30,20:00,NYK,UTA,away,401910224,False
72,2026-12-30,20:00,PHL,PHO,away,401910223,False
72,2026-12-30,20:00,PHO,PHL,home,401910223,False
72,2026-12-30,20:00,UTA,NYK,home,401910224,False
72,2026-12-30,21:00,GSW,HOU,home,401910225,False
72,2026-12-30,21:00,HOU,GSW,away,401910225,False
73,2026-12-31,12:00,CHA,SAS,home,401910226,False
73,2026-12-31,12:00,SAS,CHA,away,401910226,False
73,2026-12-31,14:00,ATL,MIL,home,401910227,False
73,2026-12-31,14:00,CLE,LAC,home,401910228,False
73,2026-12-31,14:00,IND,ORL,home,401910229,False
73,2026-12-31,14:00,LAC,CLE,away,401910228,False
73,2026-12-31,14:00,MIL,ATL,away,401910227,False
73,2026-12-31,14:00,ORL,IND,away,401910229,False
73,2026-12-31,15:00,DEN,MIN,away,401910230,False
73,2026-12-31,15:00,MIN,DEN,home,401910230,False
73,2026-12-31,17:00,BKN,SAC,away,401910231,False
73,2026-12-31,17:00,SAC,BKN,home,401910231,False
73,2026-12-31,19:00,LAL,NOP,away,401910232,False
73,2026-12-31,19:00,MIA,OKC,away,401910233,False
73,2026-12-31,19:00,NOP,LAL,home,401910232,False
73,2026-12-31,19:00,OKC,MIA,home,401910233,False
73,2026-12-31,20:00,NYK,PHO,away,401910234,False
73,2026-12-31,20:00,PHO,NYK,home,401910234,False
74,2027-01-01,16:00,SAS,WAS,away,401910235,False
74,2027-01-01,16:00,WAS,SAS,home,401910235,False
74,2027-01-01,18:30,DET,ORL,home,401910236,False
74,2027-01-01,18:30,LAC,TOR,away,401910237,False
74,2027-01-01,18:30,ORL,DET,away,401910236,False
74,2027-01-01,18:30,TOR,LAC,home,401910237,False
74,2027-01-01,19:00,MIL,PHL,home,401910238,False
74,2027-01-01,19:00,PHL,MIL,away,401910238,False
74,2027-01-01,19:30,DAL,HOU,away,401910239,False
74,2027-01-01,19:30,HOU,DAL,home,401910239,False
74,2027-01-01,20:30,BOS,UTA,away,401910240,False
74,2027-01-01,20:30,UTA,BOS,home,401910240,False
75,2027-01-02,12:00,CHA,CLE,home,401910241,False
75,2027-01-02,12:00,CLE,CHA,away,401910241,False
75,2027-01-02,16:00,DEN,NYK,home,401910242,False
75,2027-01-02,16:00,NYK,DEN,away,401910242,False
75,2027-01-02,18:00,IND,MIN,home,401910243,False
75,2027-01-02,18:00,MIA,NOP,away,401910244,False
75,2027-01-02,18:00,MIN,IND,away,401910243,False
75,2027-01-02,18:00,NOP,MIA,home,401910244,False
75,2027-01-02,18:30,ATL,DAL,home,401910245,False
75,2027-01-02,18:30,DAL,ATL,away,401910245,False
75,2027-01-02,19:00,CHI,LAL,home,401910246,False
75,2027-01-02,19:00,LAL,CHI,away,401910246,False
75,2027-01-02,19:00,OKC,UTA,home,401910247,False
75,2027-01-02,19:00,UTA,OKC,away,401910247,False
75,2027-01-02,19:30,BKN,GSW,away,401910248,False
75,2027-01-02,19:30,GSW,BKN,home,401910248,False
75,2027-01-02,20:00,PHO,SAC,home,401910249,False
75,2027-01-02,20:00,SAC,PHO,away,401910249,False
75,2027-01-02,21:00,BOS,POR,away,401910250,False
75,2027-01-02,21:00,POR,BOS,home,401910250,False
76,2027-01-03,16:00,DEN,DET,home,401910251,False
76,2027-01-03,16:00,DET,DEN,away,401910251,False
76,2027-01-03,16:30,CHA,MIL,away,401910252,False
76,2027-01-03,16:30,MIL,CHA,home,401910252,False
76,2027-01-03,17:00,MEM,ORL,away,401910253,False
76,2027-01-03,17:00,ORL,MEM,home,401910253,False
76,2027-01-03,18:00,CLE,HOU,away,401910256,False
76,2027-01-03,18:00,HOU,CLE,home,401910256,False
76,2027-01-03,18:00,LAC,WAS,away,401910255,False
76,2027-01-03,18:00,LAL,TOR,away,401910254,False
76,2027-01-03,18:00,MIN,SAS,home,401910257,False
76,2027-01-03,18:00,SAS,MIN,away,401910257,False
76,2027-01-03,18:00,TOR,LAL,home,401910254,False
76,2027-01-03,18:00,WAS,LAC,home,401910255,False
76,2027-01-03,19:00,OKC,SAC,home,401910258,False
76,2027-01-03,19:00,SAC,OKC,away,401910258,False
77,2027-01-04,18:00,ATL,PHL,away,401910260,False
77,2027-01-04,18:00,CHI,IND,away,401910259,False
77,2027-01-04,18:00,IND,CHI,home,401910259,False
77,2027-01-04,18:00,PHL,ATL,home,401910260,False
77,2027-01-04,19:00,DAL,NOP,away,401910261,False
77,2027-01-04,19:00,NOP,DAL,home,401910261,False
77,2027-01-04,20:00,BKN,UTA,away,401910263,False
77,2027-01-04,20:00,BOS,PHO,away,401910262,False
77,2027-01-04,20:00,PHO,BOS,home,401910262,False
77,2027-01-04,20:00,UTA,BKN,home,401910263,False
77,2027-01-04,21:00,NYK,POR,away,401910264,False
77,2027-01-04,21:00,POR,NYK,home,401910264,False
78,2027-01-05,18:00,ATL,CHA,away,401910265,False
78,2027-01-05,18:00,CHA,ATL,home,401910265,False
78,2027-01-05,18:00,CLE,TOR,home,401910266,False
78,2027-01-05,18:00,LAC,ORL,away,401910267,False
78,2027-01-05,18:00,LAL,WAS,away,401910268,False
78,2027-01-05,18:00,ORL,LAC,home,401910267,False
78,2027-01-05,18:00,TOR,CLE,away,401910266,False
78,2027-01-05,18:00,WAS,LAL,home,401910268,False
78,2027-01-05,18:30,MEM,MIA,away,401910269,False
78,2027-01-05,18:30,MIA,MEM,home,401910269,False
78,2027-01-05,19:00,CHI,MIL,home,401910270,False
78,2027-01-05,19:00,HOU,MIN,home,401910271,False
78,2027-01-05,19:00,MIL,CHI,away,401910270,False
78,2027-01-05,19:00,MIN,HOU,away,401910271,False
78,2027-01-05,21:00,DEN,PHO,home,401910272,False
78,2027-01-05,21:00,DET,SAC,away,401910273,False
78,2027-01-05,21:00,PHO,DEN,away,401910272,False
78,2027-01-05,21:00,SAC,DET,home,401910273,False
79,2027-01-06,18:30,BKN,UTA,home,401910274,False
79,2027-01-06,18:30,OKC,PHL,away,401910275,False
79,2027-01-06,18:30,PHL,OKC,home,401910275,False
79,2027-01-06,18:30,UTA,BKN,away,401910274,False
79,2027-01-06,19:00,IND,SAS,away,401910277,False
79,2027-01-06,19:00,NOP,POR,home,401910276,False
79,2027-01-06,19:00,POR,NOP,away,401910276,False
79,2027-01-06,19:00,SAS,IND,home,401910277,False
79,2027-01-06,21:00,GSW,NYK,home,401910278,False
79,2027-01-06,21:00,NYK,GSW,away,401910278,False
80,2027-01-07,18:00,ATL,IND,home,401910279,False
80,2027-01-07,18:00,CHA,DEN,home,401910280,False
80,2027-01-07,18:00,CLE,ORL,away,401910281,False
80,2027-01-07,18:00,DEN,CHA,away,401910280,False
80,2027-01-07,18:00,IND,ATL,away,401910279,False
80,2027-01-07,18:00,OKC,WAS,away,401910282,False
80,2027-01-07,18:00,ORL,CLE,home,401910281,False
80,2027-01-07,18:00,WAS,OKC,home,401910282,False
80,2027-01-07,18:30,BKN,MIA,home,401910283,False
80,2027-01-07,18:30,MIA,BKN,away,401910283,False
80,2027-01-07,18:30,MIN,TOR,away,401910284,False
80,2027-01-07,18:30,TOR,MIN,home,401910284,False
80,2027-01-07,19:00,DAL,POR,home,401910285,False
80,2027-01-07,19:00,LAC,MIL,away,401910286,False
80,2027-01-07,19:00,MIL,LAC,home,401910286,False
80,2027-01-07,19:00,POR,DAL,away,401910285,False
80,2027-01-07,19:30,HOU,MEM,home,401910287,False
80,2027-01-07,19:30,MEM,HOU,away,401910287,False
80,2027-01-07,21:00,BOS,LAL,away,401910289,False
80,2027-01-07,21:00,CHI,SAC,away,401910290,False
80,2027-01-07,21:00,DET,GSW,away,401910288,False
80,2027-01-07,21:00,GSW,DET,home,401910288,False
80,2027-01-07,21:00,LAL,BOS,home,401910289,False
80,2027-01-07,21:00,SAC,CHI,home,401910290,False
81,2027-01-08,18:00,MIA,PHL,away,401910291,False
81,2027-01-08,18:00,MIN,WAS,away,401910292,False
81,2027-01-08,18:00,PHL,MIA,home,401910291,False
81,2027-01-08,18:00,WAS,MIN,home,401910292,False
81,2027-01-08,18:30,TOR,UTA,home,401910293,False
81,2027-01-08,18:30,UTA,TOR,away,401910293,False
81,2027-01-08,19:00,MEM,SAS,away,401910295,False
81,2027-01-08,19:00,NOP,ORL,home,401910294,False
81,2027-01-08,19:00,ORL,NOP,away,401910294,False
81,2027-01-08,19:00,SAS,MEM,home,401910295,False
81,2027-01-08,20:30,DAL,PHO,home,401910296,False
81,2027-01-08,20:30,PHO,DAL,away,401910296,False
81,2027-01-08,21:00,DET,LAL,away,401910297,False
81,2027-01-08,21:00,LAL,DET,home,401910297,False
81,2027-01-08,21:00,NYK,SAC,away,401910298,False
81,2027-01-08,21:00,SAC,NYK,home,401910298,False
82,2027-01-09,16:00,CLE,DEN,home,401910299,False
82,2027-01-09,16:00,DEN,CLE,away,401910299,False
82,2027-01-09,17:00,BKN,HOU,home,401910300,False
82,2027-01-09,17:00,HOU,BKN,away,401910300,False
82,2027-01-09,18:00,IND,MIL,home,401910301,False
82,2027-01-09,18:00,MIL,IND,away,401910301,False
82,2027-01-09,19:30,CHI,GSW,away,401910302,False
82,2027-01-09,19:30,GSW,CHI,home,401910302,False
82,2027-01-09,21:00,CHA,POR,away,401910303,False
82,2027-01-09,21:00,POR,CHA,home,401910303,False
82,2027-01-09,21:30,BOS,LAC,away,401910304,False
82,2027-01-09,21:30,LAC,BOS,home,401910304,False
83,2027-01-10,14:00,ATL,SAS,home,401910305,False
83,2027-01-10,14:00,SAS,ATL,away,401910305,False
83,2027-01-10,17:00,DAL,MEM,away,401910310,False
83,2027-01-10,17:00,DET,UTA,home,401910306,False
83,2027-01-10,17:00,MEM,DAL,home,401910310,False
83,2027-01-10,17:00,MIA,NOP,home,401910307,False
83,2027-01-10,17:00,NOP,MIA,away,401910307,False
83,2027-01-10,17:00,OKC,ORL,away,401910308,False
83,2027-01-10,17:00,ORL,OKC,home,401910308,False
83,2027-01-10,17:00,PHL,TOR,away,401910309,False
83,2027-01-10,17:00,TOR,PHL,home,401910309,False
83,2027-01-10,17:00,UTA,DET,away,401910306,False
83,2027-01-10,18:00,CHI,PHO,away,401910311,False
83,2027-01-10,18:00,PHO,CHI,home,401910311,False
83,2027-01-10,20:00,CHA,SAC,away,401910312,False
83,2027-01-10,20:00,SAC,CHA,home,401910312,False
84,2027-01-11,18:00,ATL,WAS,away,401910314,False
84,2027-01-11,18:00,BKN,IND,away,401910313,False
84,2027-01-11,18:00,IND,BKN,home,401910313,False
84,2027-01-11,18:00,WAS,ATL,home,401910314,False
84,2027-01-11,18:30,BOS,HOU,home,401910315,False
84,2027-01-11,18:30,DEN,NYK,away,401910316,False
84,2027-01-11,18:30,HOU,BOS,away,401910315,False
84,2027-01-11,18:30,NYK,DEN,home,401910316,False
84,2027-01-11,19:00,CLE,MIN,away,401910317,False
84,2027-01-11,19:00,MIN,CLE,home,401910317,False
84,2027-01-11,21:00,LAC,LAL,home,401910318,False
84,2027-01-11,21:00,LAL,LAC,away,401910318,False
85,2027-01-12,18:30,BKN,MIA,away,401910319,False
85,2027-01-12,18:30,DET,TOR,away,401910320,False
85,2027-01-12,18:30,MIA,BKN,home,401910319,False
85,2027-01-12,18:30,TOR,DET,home,401910320,False
85,2027-01-12,19:00,DAL,MEM,away,401910322,False
85,2027-01-12,19:00,DEN,MIL,away,401910323,False
85,2027-01-12,19:00,MEM,DAL,home,401910322,False
85,2027-01-12,19:00,MIL,DEN,home,401910323,False
85,2027-01-12,19:00,PHL,WAS,home,401910321,False
85,2027-01-12,19:00,WAS,PHL,away,401910321,False
85,2027-01-12,20:00,CHI,UTA,away,401910324,False
85,2027-01-12,20:00,UTA,CHI,home,401910324,False
85,2027-01-12,21:00,ORL,POR,away,401910325,False
85,2027-01-12,21:00,POR,ORL,home,401910325,False
85,2027-01-12,22:00,GSW,SAC,home,401910326,False
85,2027-01-12,22:00,SAC,GSW,away,401910326,False
86,2027-01-13,18:00,ATL,CLE,home,401910327,False
86,2027-01-13,18:00,BOS,NYK,home,401910328,False
86,2027-01-13,18:00,CLE,ATL,away,401910327,False
86,2027-01-13,18:00,IND,MIL,home,401910329,False
86,2027-01-13,18:00,MIL,IND,away,401910329,False
86,2027-01-13,18:00,NYK,BOS,away,401910328,False
86,2027-01-13,18:30,PHO,TOR,away,401910330,False
86,2027-01-13,18:30,TOR,PHO,home,401910330,False
86,2027-01-13,20:30,HOU,OKC,away,401910331,False
86,2027-01-13,20:30,OKC,HOU,home,401910331,False
86,2027-01-13,21:00,CHA,GSW,away,401910332,False
86,2027-01-13,21:00,GSW,CHA,home,401910332,False
86,2027-01-13,21:00,LAL,POR,away,401910333,False
86,2027-01-13,21:00,POR,LAL,home,401910333,False
87,2027-01-14,13:00,NOP,SAS,away,401910334,False
87,2027-01-14,13:00,SAS,NOP,home,401910334,False
87,2027-01-14,18:00,BKN,PHL,away,401910336,False
87,2027-01-14,18:00,DAL,DET,away,401910335,False
87,2027-01-14,18:00,DET,DAL,home,401910335,False
87,2027-01-14,18:00,PHL,BKN,home,401910336,False
87,2027-01-14,18:30,MIA,NYK,away,401910337,False
87,2027-01-14,18:30,NYK,MIA,home,401910337,False
87,2027-01-14,19:00,CHI,MIN,home,401910338,False
87,2027-01-14,19:00,MIN,CHI,away,401910338,False
87,2027-01-14,20:00,CHA,UTA,away,401910340,False
87,2027-01-14,20:00,DEN,MEM,home,401910339,False
87,2027-01-14,20:00,MEM,DEN,away,401910339,False
87,2027-01-14,20:00,UTA,CHA,home,401910340,False
87,2027-01-14,21:00,LAC,SAC,away,401910342,False
87,2027-01-14,21:00,LAL,ORL,home,401910341,False
87,2027-01-14,21:00,ORL,LAL,away,401910341,False
87,2027-01-14,21:00,SAC,LAC,home,401910342,False
88,2027-01-15,18:00,ATL,GSW,home,401910343,False
88,2027-01-15,18:00,GSW,ATL,away,401910343,False
88,2027-01-15,18:00,IND,PHO,home,401910344,False
88,2027-01-15,18:00,PHO,IND,away,401910344,False
88,2027-01-15,18:30,MIA,TOR,away,401910345,False
88,2027-01-15,18:30,TOR,MIA,home,401910345,False
88,2027-01-15,19:00,CLE,MIL,away,401910346,False
88,2027-01-15,19:00,MIL,CLE,home,401910346,False
88,2027-01-15,19:00,OKC,UTA,home,401910347,False
88,2027-01-15,19:00,UTA,OKC,away,401910347,False
88,2027-01-15,19:30,HOU,WAS,home,401910348,False
88,2027-01-15,19:30,WAS,HOU,away,401910348,False
88,2027-01-15,21:00,POR,SAC,home,401910349,False
88,2027-01-15,21:00,SAC,POR,away,401910349,False
88,2027-01-15,21:30,LAC,ORL,home,401910350,False
88,2027-01-15,21:30,ORL,LAC,away,401910350,False
89,2027-01-16,11:30,MIN,PHL,away,401910351,False
89,2027-01-16,11:30,PHL,MIN,home,401910351,False
89,2027-01-16,18:00,BKN,BOS,away,401910352,False
89,2027-01-16,18:00,BOS,BKN,home,401910352,False
89,2027-01-16,18:30,DAL,NYK,away,401910353,False
89,2027-01-16,18:30,NYK,DAL,home,401910353,False
89,2027-01-16,19:00,CLE,MEM,away,401910354,False
89,2027-01-16,19:00,MEM,CLE,home,401910354,False
89,2027-01-16,19:30,DET,HOU,away,401910355,False
89,2027-01-16,19:30,HOU,DET,home,401910355,False
89,2027-01-16,20:00,CHA,DEN,away,401910356,False
89,2027-01-16,20:00,DEN,CHA,home,401910356,False
90,2027-01-17,09:30,NOP,SAS,home,401910357,False
90,2027-01-17,09:30,SAS,NOP,away,401910357,False
90,2027-01-17,12:00,IND,WAS,away,401910358,False
90,2027-01-17,12:00,WAS,IND,home,401910358,False
90,2027-01-17,14:30,CHI,TOR,home,401910359,False
90,2027-01-17,14:30,OKC,POR,home,401910360,False
90,2027-01-17,14:30,POR,OKC,away,401910360,False
90,2027-01-17,14:30,TOR,CHI,away,401910359,False
90,2027-01-17,16:00,SAC,UTA,away,401910361,False
90,2027-01-17,16:00,UTA,SAC,home,401910361,False
90,2027-01-17,17:00,GSW,MIA,away,401910362,False
90,2027-01-17,17:00,MIA,GSW,home,401910362,False
90,2027-01-17,19:00,DEN,ORL,home,401910363,False
90,2027-01-17,19:00,ORL,DEN,away,401910363,False
90,2027-01-17,20:00,LAL,MIL,home,401910364,False
90,2027-01-17,20:00,MIL,LAL,away,401910364,False
91,2027-01-18,11:00,CLE,DET,home,401909473,False
91,2027-01-18,11:00,DET,CLE,away,401909473,False
91,2027-01-18,13:30,ATL,PHL,home,401909474,False
91,2027-01-18,13:30,PHL,ATL,away,401909474,False
91,2027-01-18,14:00,BOS,WAS,away,401910365,False
91,2027-01-18,14:00,WAS,BOS,home,401910365,False
91,2027-01-18,16:00,MIN,NYK,away,401909475,False
91,2027-01-18,16:00,NYK,MIN,home,401909475,False
91,2027-01-18,18:30,HOU,MEM,away,401909476,False
91,2027-01-18,18:30,MEM,HOU,home,401909476,False
91,2027-01-18,19:00,DAL,OKC,home,401910366,False
91,2027-01-18,19:00,OKC,DAL,away,401910366,False
91,2027-01-18,21:30,LAC,PHO,home,401910367,False
91,2027-01-18,21:30,PHO,LAC,away,401910367,False
92,2027-01-19,18:00,CHI,TOR,away,401910370,False
92,2027-01-19,18:00,GSW,ORL,away,401910368,False
92,2027-01-19,18:00,IND,PHL,away,401910369,False
92,2027-01-19,18:00,ORL,GSW,home,401910368,False
92,2027-01-19,18:00,PHL,IND,home,401910369,False
92,2027-01-19,18:00,TOR,CHI,home,401910370,False
92,2027-01-19,18:30,MIA,POR,home,401910371,False
92,2027-01-19,18:30,POR,MIA,away,401910371,False
92,2027-01-19,19:00,CHA,DAL,away,401910372,False
92,2027-01-19,19:00,DAL,CHA,home,401910372,False
92,2027-01-19,21:00,DEN,UTA,home,401910373,False
92,2027-01-19,21:00,LAL,SAC,away,401910374,False
92,2027-01-19,21:00,SAC,LAL,home,401910374,False
92,2027-01-19,21:00,UTA,DEN,away,401910373,False
93,2027-01-20,18:00,ATL,POR,home,401910375,False
93,2027-01-20,18:00,BKN,CHI,home,401910376,False
93,2027-01-20,18:00,CHI,BKN,away,401910376,False
93,2027-01-20,18:00,POR,ATL,away,401910375,False
93,2027-01-20,18:30,BOS,IND,home,401910377,False
93,2027-01-20,18:30,IND,BOS,away,401910377,False
93,2027-01-20,18:30,NYK,TOR,home,401910378,False
93,2027-01-20,18:30,TOR,NYK,away,401910378,False
93,2027-01-20,19:00,HOU,MIN,away,401910379,False
93,2027-01-20,19:00,MIN,HOU,home,401910379,False
93,2027-01-20,19:00,NOP,OKC,home,401910380,False
93,2027-01-20,19:00,OKC,NOP,away,401910380,False
93,2027-01-20,20:00,LAC,UTA,away,401910382,False
93,2027-01-20,20:00,MEM,PHO,away,401910381,False
93,2027-01-20,20:00,PHO,MEM,home,401910381,False
93,2027-01-20,20:00,UTA,LAC,home,401910382,False
93,2027-01-20,20:30,MIA,SAS,away,401910383,False
93,2027-01-20,20:30,SAS,MIA,home,401910383,False
93,2027-01-20,21:00,MIL,SAC,away,401910384,False
93,2027-01-20,21:00,SAC,MIL,home,401910384,False
94,2027-01-21,18:30,BKN,CLE,home,401910386,False
94,2027-01-21,18:30,BOS,PHL,home,401910385,False
94,2027-01-21,18:30,CLE,BKN,away,401910386,False
94,2027-01-21,18:30,PHL,BOS,away,401910385,False
94,2027-01-21,20:00,DEN,WAS,home,401910387,False
94,2027-01-21,20:00,WAS,DEN,away,401910387,False
94,2027-01-21,21:00,GSW,LAL,home,401910388,False
94,2027-01-21,21:00,LAL,GSW,away,401910388,False
95,2027-01-22,18:00,ATL,NYK,home,401910389,False
95,2027-01-22,18:00,CHA,HOU,home,401910390,False
95,2027-01-22,18:00,HOU,CHA,away,401910390,False
95,2027-01-22,18:00,NYK,ATL,away,401910389,False
95,2027-01-22,18:00,ORL,POR,home,401910391,False
95,2027-01-22,18:00,POR,ORL,away,401910391,False
95,2027-01-22,18:30,DET,IND,home,401910392,False
95,2027-01-22,18:30,IND,DET,away,401910392,False
95,2027-01-22,19:00,DAL,NOP,away,401910393,False
95,2027-01-22,19:00,MEM,OKC,away,401910394,False
95,2027-01-22,19:00,NOP,DAL,home,401910393,False
95,2027-01-22,19:00,OKC,MEM,home,401910394,False
95,2027-01-22,20:00,PHO,UTA,home,401910395,False
95,2027-01-22,20:00,UTA,PHO,away,401910395,False
95,2027-01-22,20:30,MIN,SAS,away,401910396,False
95,2027-01-22,20:30,SAS,MIN,home,401910396,False
95,2027-01-22,21:00,GSW,MIL,home,401910397,False
95,2027-01-22,21:00,LAL,SAC,home,401910398,False
95,2027-01-22,21:00,MIL,GSW,away,401910397,False
95,2027-01-22,21:00,SAC,LAL,away,401910398,False
95,2027-01-22,21:30,LAC,WAS,home,401910399,False
95,2027-01-22,21:30,WAS,LAC,away,401910399,False
96,2027-01-23,16:00,CHI,PHL,home,401910400,False
96,2027-01-23,16:00,PHL,CHI,away,401910400,False
96,2027-01-23,17:00,BKN,TOR,home,401910401,False
96,2027-01-23,17:00,TOR,BKN,away,401910401,False
96,2027-01-23,18:00,BOS,CHA,home,401910402,False
96,2027-01-23,18:00,CHA,BOS,away,401910402,False
96,2027-01-23,19:00,ATL,MIA,away,401910403,False
96,2027-01-23,19:00,CLE,DAL,away,401910404,False
96,2027-01-23,19:00,DAL,CLE,home,401910404,False
96,2027-01-23,19:00,MIA,ATL,home,401910403,False
96,2027-01-23,20:00,DEN,MIL,home,401910405,False
96,2027-01-23,20:00,MIL,DEN,away,401910405,False
97,2027-01-24,14:30,POR,SAS,away,401910406,False
97,2027-01-24,14:30,SAS,POR,home,401910406,False
97,2027-01-24,15:00,LAL,WAS,home,401910408,False
97,2027-01-24,15:00,PHO,UTA,home,401910407,False
97,2027-01-24,15:00,UTA,PHO,away,401910407,False
97,2027-01-24,15:00,WAS,LAL,away,401910408,False
97,2027-01-24,17:00,DET,MIN,home,401910409,False
97,2027-01-24,17:00,HOU,ORL,away,401910410,False
97,2027-01-24,17:00,MIN,DET,away,401910409,False
97,2027-01-24,17:00,ORL,HOU,home,401910410,False
97,2027-01-24,18:00,LAC,NYK,away,401910411,False
97,2027-01-24,18:00,NYK,LAC,home,401910411,False
97,2027-01-24,19:30,GSW,OKC,home,401910412,False
97,2027-01-24,19:30,OKC,GSW,away,401910412,False
98,2027-01-25,18:00,BOS,TOR,home,401910413,False
98,2027-01-25,18:00,CHA,ORL,home,401910414,False
98,2027-01-25,18:00,LAC,PHL,away,401910415,False
98,2027-01-25,18:00,ORL,CHA,away,401910414,False
98,2027-01-25,18:00,PHL,LAC,home,401910415,False
98,2027-01-25,18:00,TOR,BOS,away,401910413,False
98,2027-01-25,18:30,BKN,MIA,home,401910416,False
98,2027-01-25,18:30,MIA,BKN,away,401910416,False
98,2027-01-25,19:00,CHI,DAL,home,401910417,False
98,2027-01-25,19:00,CLE,NOP,away,401910419,False
98,2027-01-25,19:00,DAL,CHI,away,401910417,False
98,2027-01-25,19:00,MEM,MIN,home,401910418,False
98,2027-01-25,19:00,MIN,MEM,away,401910418,False
98,2027-01-25,19:00,NOP,CLE,home,401910419,False
98,2027-01-25,20:30,DEN,SAC,home,401910420,False
98,2027-01-25,20:30,SAC,DEN,away,401910420,False
99,2027-01-26,18:00,ATL,DET,away,401910421,False
99,2027-01-26,18:00,CHI,IND,away,401910422,False
99,2027-01-26,18:00,DET,ATL,home,401910421,False
99,2027-01-26,18:00,IND,CHI,home,401910422,False
99,2027-01-26,18:30,NYK,PHO,home,401910423,False
99,2027-01-26,18:30,PHO,NYK,away,401910423,False
99,2027-01-26,19:00,HOU,SAS,away,401910424,False
99,2027-01-26,19:00,SAS,HOU,home,401910424,False
99,2027-01-26,20:00,MIL,UTA,away,401910425,False
99,2027-01-26,20:00,UTA,MIL,home,401910425,False
99,2027-01-26,21:00,POR,WAS,home,401910426,False
99,2027-01-26,21:00,WAS,POR,away,401910426,False
99,2027-01-26,22:00,LAL,OKC,home,401910427,False
99,2027-01-26,22:00,OKC,LAL,away,401910427,False
100,2027-01-27,18:00,CLE,DET,home,401910428,False
100,2027-01-27,18:00,DET,CLE,away,401910428,False
100,2027-01-27,18:00,PHL,SAC,home,401910429,False
100,2027-01-27,18:00,SAC,PHL,away,401910429,False
100,2027-01-27,18:30,BKN,PHO,home,401910431,False
100,2027-01-27,18:30,BOS,LAC,home,401910430,False
100,2027-01-27,18:30,DAL,TOR,away,401910432,False
100,2027-01-27,18:30,LAC,BOS,away,401910430,False
100,2027-01-27,18:30,PHO,BKN,away,401910431,False
100,2027-01-27,18:30,TOR,DAL,home,401910432,False
100,2027-01-27,19:00,CHA,SAS,away,401910433,False
100,2027-01-27,19:00,SAS,CHA,home,401910433,False
100,2027-01-27,19:30,HOU,NOP,home,401910434,False
100,2027-01-27,19:30,NOP,HOU,away,401910434,False
100,2027-01-27,20:30,DEN,MIN,away,401910435,False
100,2027-01-27,20:30,MIN,DEN,home,401910435,False
100,2027-01-27,21:00,GSW,POR,away,401910436,False
100,2027-01-27,21:00,POR,GSW,home,401910436,False
101,2027-01-28,18:00,ATL,NYK,away,401910438,False
101,2027-01-28,18:00,CHI,ORL,away,401910439,False
101,2027-01-28,18:00,IND,LAL,home,401910437,False
101,2027-01-28,18:00,LAL,IND,away,401910437,False
101,2027-01-28,18:00,NYK,ATL,home,401910438,False
101,2027-01-28,18:00,ORL,CHI,home,401910439,False
101,2027-01-28,18:00,SAC,WAS,away,401910440,False
101,2027-01-28,18:00,WAS,SAC,home,401910440,False
101,2027-01-28,19:00,MEM,OKC,away,401910442,False
101,2027-01-28,19:00,NOP,PHL,home,401910441,False
101,2027-01-28,19:00,OKC,MEM,home,401910442,False
101,2027-01-28,19:00,PHL,NOP,away,401910441,False
101,2027-01-28,20:00,GSW,UTA,away,401910443,False
101,2027-01-28,20:00,UTA,GSW,home,401910443,False
101,2027-01-28,20:30,MIA,MIL,away,401910444,False
101,2027-01-28,20:30,MIL,MIA,home,401910444,False
102,2027-01-29,18:00,CLE,TOR,away,401910445,False
102,2027-01-29,18:00,TOR,CLE,home,401910445,False
102,2027-01-29,18:30,BKN,LAC,home,401910447,False
102,2027-01-29,18:30,BOS,PHO,home,401910446,False
102,2027-01-29,18:30,LAC,BKN,away,401910447,False
102,2027-01-29,18:30,PHO,BOS,away,401910446,False
102,2027-01-29,19:00,DAL,DET,home,401910448,False
102,2027-01-29,19:00,DET,DAL,away,401910448,False
102,2027-01-29,19:30,HOU,ORL,home,401910449,False
102,2027-01-29,19:30,ORL,HOU,away,401910449,False
102,2027-01-29,20:30,CHA,MIN,away,401910450,False
102,2027-01-29,20:30,MIN,CHA,home,401910450,False
103,2027-01-30,11:30,MIA,PHL,home,401910451,False
103,2027-01-30,11:30,PHL,MIA,away,401910451,False
103,2027-01-30,14:00,DEN,OKC,away,401910452,False
103,2027-01-30,14:00,OKC,DEN,home,401910452,False
103,2027-01-30,16:30,GSW,SAS,home,401910453,False
103,2027-01-30,16:30,SAS,GSW,away,401910453,False
103,2027-01-30,18:00,IND,WAS,home,401910454,False
103,2027-01-30,18:00,WAS,IND,away,401910454,False
103,2027-01-30,18:30,CLE,NOP,home,401910455,False
103,2027-01-30,18:30,NOP,CLE,away,401910455,False
103,2027-01-30,19:00,ATL,MIL,away,401910456,False
103,2027-01-30,19:00,MIL,ATL,home,401910456,False
103,2027-01-30,19:30,LAL,NYK,away,401910457,False
103,2027-01-30,19:30,NYK,LAL,home,401910457,False
103,2027-01-30,20:30,MEM,UTA,away,401910458,False
103,2027-01-30,20:30,UTA,MEM,home,401910458,False
104,2027-01-31,14:00,DET,SAC,home,401910459,False
104,2027-01-31,14:00,SAC,DET,away,401910459,False
104,2027-01-31,17:00,BKN,ORL,away,401910460,False
104,2027-01-31,17:00,BOS,TOR,away,401910461,False
104,2027-01-31,17:00,CHI,OKC,away,401910463,False
104,2027-01-31,17:00,MIN,PHO,home,401910462,False
104,2027-01-31,17:00,OKC,CHI,home,401910463,False
104,2027-01-31,17:00,ORL,BKN,home,401910460,False
104,2027-01-31,17:00,PHO,MIN,away,401910462,False
104,2027-01-31,17:00,TOR,BOS,home,401910461,False
104,2027-01-31,18:00,CHA,LAL,home,401910464,False
104,2027-01-31,18:00,LAL,CHA,away,401910464,False
104,2027-01-31,19:00,DEN,POR,home,401910465,False
104,2027-01-31,19:00,POR,DEN,away,401910465,False
104,2027-01-31,19:30,DAL,HOU,home,401910466,False
104,2027-01-31,19:30,HOU,DAL,away,401910466,False
105,2027-02-01,18:00,ATL,WAS,home,401910467,False
105,2027-02-01,18:00,NOP,PHL,away,401910468,False
105,2027-02-01,18:00,PHL,NOP,home,401910468,False
105,2027-02-01,18:00,WAS,ATL,away,401910467,False
105,2027-02-01,18:30,BKN,NYK,home,401910469,False
105,2027-02-01,18:30,IND,MIA,home,401910470,False
105,2027-02-01,18:30,MIA,IND,away,401910470,False
105,2027-02-01,18:30,NYK,BKN,away,401910469,False
105,2027-02-01,19:00,MEM,MIL,away,401910471,False
105,2027-02-01,19:00,MIL,MEM,home,401910471,False
105,2027-02-01,20:00,CLE,UTA,away,401910472,False
105,2027-02-01,20:00,UTA,CLE,home,401910472,False
105,2027-02-01,21:00,GSW,SAS,home,401910473,False
105,2027-02-01,21:00,SAS,GSW,away,401910473,False
106,2027-02-02,18:00,CHI,DET,away,401910474,False
106,2027-02-02,18:00,DET,CHI,home,401910474,False
106,2027-02-02,18:00,NOP,ORL,away,401910475,False
106,2027-02-02,18:00,ORL,NOP,home,401910475,False
106,2027-02-02,18:30,CHA,MIA,away,401910476,False
106,2027-02-02,18:30,MIA,CHA,home,401910476,False
106,2027-02-02,19:00,BOS,LAL,home,401910477,False
106,2027-02-02,19:00,DAL,TOR,home,401910478,False
106,2027-02-02,19:00,LAL,BOS,away,401910477,False
106,2027-02-02,19:00,TOR,DAL,away,401910478,False
106,2027-02-02,20:00,DEN,OKC,home,401910479,False
106,2027-02-02,20:00,OKC,DEN,away,401910479,False
106,2027-02-02,21:30,LAC,SAS,home,401910480,False
106,2027-02-02,21:30,SAS,LAC,away,401910480,False
106,2027-02-02,22:00,MIN,POR,away,401910481,False
106,2027-02-02,22:00,POR,MIN,home,401910481,False
107,2027-02-03,18:00,ATL,IND,away,401910483,False
107,2027-02-03,18:00,DET,NYK,home,401910482,False
107,2027-02-03,18:00,IND,ATL,home,401910483,False
107,2027-02-03,18:00,NYK,DET,away,401910482,False
107,2027-02-03,19:00,MEM,PHL,home,401910484,False
107,2027-02-03,19:00,PHL,MEM,away,401910484,False
107,2027-02-03,20:00,CLE,PHO,away,401910485,False
107,2027-02-03,20:00,PHO,CLE,home,401910485,False
107,2027-02-03,20:30,HOU,UTA,home,401910486,False
107,2027-02-03,20:30,UTA,HOU,away,401910486,False
107,2027-02-03,21:30,GSW,LAC,away,401910487,False
107,2027-02-03,21:30,LAC,GSW,home,401910487,False
108,2027-02-04,18:00,NOP,WAS,away,401910488,False
108,2027-02-04,18:00,WAS,NOP,home,401910488,False
108,2027-02-04,18:30,BKN,LAL,home,401910489,False
108,2027-02-04,18:30,BOS,CHA,away,401910490,False
108,2027-02-04,18:30,CHA,BOS,home,401910490,False
108,2027-02-04,18:30,LAL,BKN,away,401910489,False
108,2027-02-04,18:30,MIA,MIL,home,401910491,False
108,2027-02-04,18:30,MIL,MIA,away,401910491,False
108,2027-02-04,18:30,NYK,TOR,home,401910492,False
108,2027-02-04,18:30,TOR,NYK,away,401910492,False
108,2027-02-04,19:00,CHI,OKC,home,401910493,False
108,2027-02-04,19:00,OKC,CHI,away,401910493,False
108,2027-02-04,19:00,ORL,SAS,away,401910494,False
108,2027-02-04,19:00,SAS,ORL,home,401910494,False
108,2027-02-04,21:00,CLE,POR,away,401910496,False
108,2027-02-04,21:00,DAL,DEN,away,401910495,False
108,2027-02-04,21:00,DEN,DAL,home,401910495,False
108,2027-02-04,21:00,MIN,SAC,away,401910497,False
108,2027-02-04,21:00,POR,CLE,home,401910496,False
108,2027-02-04,21:00,SAC,MIN,home,401910497,False
109,2027-02-05,18:00,ATL,BOS,home,401910498,False
109,2027-02-05,18:00,BOS,ATL,away,401910498,False
109,2027-02-05,18:00,CHA,GSW,home,401910499,False
109,2027-02-05,18:00,DET,PHL,away,401910500,False
109,2027-02-05,18:00,GSW,CHA,away,401910499,False
109,2027-02-05,18:00,PHL,DET,home,401910500,False
109,2027-02-05,20:00,DEN,LAC,home,401910501,False
109,2027-02-05,20:00,HOU,PHO,away,401910502,False
109,2027-02-05,20:00,LAC,DEN,away,401910501,False
109,2027-02-05,20:00,PHO,HOU,home,401910502,False
109,2027-02-05,20:30,IND,OKC,away,401910503,False
109,2027-02-05,20:30,OKC,IND,home,401910503,False
110,2027-02-06,14:00,DAL,UTA,home,401910504,False
110,2027-02-06,14:00,MIA,MIN,away,401910505,False
110,2027-02-06,14:00,MIN,MIA,home,401910505,False
110,2027-02-06,14:00,UTA,DAL,away,401910504,False
110,2027-02-06,16:30,MEM,POR,home,401910506,False
110,2027-02-06,16:30,POR,MEM,away,401910506,False
110,2027-02-06,17:00,BKN,WAS,home,401910507,False
110,2027-02-06,17:00,WAS,BKN,away,401910507,False
110,2027-02-06,18:30,CLE,ORL,home,401910508,False
110,2027-02-06,18:30,MIL,TOR,away,401910509,False
110,2027-02-06,18:30,ORL,CLE,away,401910508,False
110,2027-02-06,18:30,TOR,MIL,home,401910509,False
110,2027-02-06,19:00,CHI,NOP,home,401910510,False
110,2027-02-06,19:00,NOP,CHI,away,401910510,False
110,2027-02-06,19:30,LAL,SAS,away,401910511,False
110,2027-02-06,19:30,SAS,LAL,home,401910511,False
110,2027-02-06,21:00,PHO,SAC,away,401910512,False
110,2027-02-06,21:00,SAC,PHO,home,401910512,False
111,2027-02-07,14:00,ATL,DEN,home,401910513,False
111,2027-02-07,14:00,DEN,ATL,away,401910513,False
111,2027-02-07,14:00,DET,GSW,home,401910514,False
111,2027-02-07,14:00,GSW,DET,away,401910514,False
111,2027-02-07,14:30,MIN,UTA,home,401910515,False
111,2027-02-07,14:30,UTA,MIN,away,401910515,False
111,2027-02-07,15:30,DAL,LAC,home,401910516,False
111,2027-02-07,15:30,LAC,DAL,away,401910516,False
111,2027-02-07,17:00,CHA,TOR,away,401910517,False
111,2027-02-07,17:00,TOR,CHA,home,401910517,False
111,2027-02-07,18:00,BOS,PHL,away,401910518,False
111,2027-02-07,18:00,PHL,BOS,home,401910518,False
111,2027-02-07,20:30,NYK,OKC,away,401910519,False
111,2027-02-07,20:30,OKC,NYK,home,401910519,False
111,2027-02-07,21:30,HOU,SAC,away,401910520,False
111,2027-02-07,21:30,SAC,HOU,home,401910520,False
112,2027-02-08,18:00,ATL,MIA,home,401910521,False
112,2027-02-08,18:00,BKN,PHL,away,401910523,False
112,2027-02-08,18:00,CHI,WAS,away,401910524,False
112,2027-02-08,18:00,IND,NOP,home,401910522,False
112,2027-02-08,18:00,MIA,ATL,away,401910521,False
112,2027-02-08,18:00,NOP,IND,away,401910522,False
112,2027-02-08,18:00,PHL,BKN,home,401910523,False
112,2027-02-08,18:00,WAS,CHI,home,401910524,False
112,2027-02-08,19:00,MEM,POR,home,401910525,False
112,2027-02-08,19:00,MIL,ORL,home,401910526,False
112,2027-02-08,19:00,ORL,MIL,away,401910526,False
112,2027-02-08,19:00,POR,MEM,away,401910525,False
112,2027-02-08,20:30,LAL,PHO,away,401910527,False
112,2027-02-08,20:30,PHO,LAL,home,401910527,False
113,2027-02-09,18:00,CLE,TOR,home,401910528,False
113,2027-02-09,18:00,TOR,CLE,away,401910528,False
113,2027-02-09,18:30,BKN,MIN,home,401910530,False
113,2027-02-09,18:30,BOS,DEN,home,401910529,False
113,2027-02-09,18:30,CHA,NYK,away,401910531,False
113,2027-02-09,18:30,DEN,BOS,away,401910529,False
113,2027-02-09,18:30,MIN,BKN,away,401910530,False
113,2027-02-09,18:30,NYK,CHA,home,401910531,False
113,2027-02-09,19:00,CHI,GSW,home,401910532,False
113,2027-02-09,19:00,DAL,SAS,home,401910533,False
113,2027-02-09,19:00,GSW,CHI,away,401910532,False
113,2027-02-09,19:00,MIL,SAC,home,401910534,False
113,2027-02-09,19:00,OKC,POR,home,401910535,False
113,2027-02-09,19:00,POR,OKC,away,401910535,False
113,2027-02-09,19:00,SAC,MIL,away,401910534,False
113,2027-02-09,19:00,SAS,DAL,away,401910533,False
113,2027-02-09,21:00,HOU,UTA,away,401910536,False
113,2027-02-09,21:00,UTA,HOU,home,401910536,False
113,2027-02-09,21:30,DET,LAC,away,401910537,False
113,2027-02-09,21:30,LAC,DET,home,401910537,False
114,2027-02-10,18:00,ATL,NOP,home,401910538,False
114,2027-02-10,18:00,CLE,IND,away,401910539,False
114,2027-02-10,18:00,IND,CLE,home,401910539,False
114,2027-02-10,18:00,MIA,WAS,away,401910540,False
114,2027-02-10,18:00,NOP,ATL,away,401910538,False
114,2027-02-10,18:00,WAS,MIA,home,401910540,False
114,2027-02-10,18:30,BOS,GSW,home,401910541,False
114,2027-02-10,18:30,GSW,BOS,away,401910541,False
114,2027-02-10,19:00,MEM,ORL,home,401910542,False
114,2027-02-10,19:00,ORL,MEM,away,401910542,False
114,2027-02-10,20:00,DET,PHO,away,401910543,False
114,2027-02-10,20:00,PHO,DET,home,401910543,False
114,2027-02-10,21:00,LAC,LAL,away,401910544,False
114,2027-02-10,21:00,LAL,LAC,home,401910544,False
115,2027-02-11,18:00,CHA,MIL,home,401910545,False
115,2027-02-11,18:00,IND,UTA,home,401910546,False
115,2027-02-11,18:00,MIL,CHA,away,401910545,False
115,2027-02-11,18:00,NYK,PHL,away,401910547,False
115,2027-02-11,18:00,PHL,NYK,home,401910547,False
115,2027-02-11,18:00,UTA,IND,away,401910546,False
115,2027-02-11,19:00,DAL,POR,home,401910548,False
115,2027-02-11,19:00,POR,DAL,away,401910548,False
115,2027-02-11,19:30,HOU,SAC,home,401910549,False
115,2027-02-11,19:30,SAC,HOU,away,401910549,False
115,2027-02-11,20:00,CHI,DEN,away,401910550,False
115,2027-02-11,20:00,DEN,CHI,home,401910550,False
115,2027-02-11,20:30,OKC,SAS,home,401910551,False
115,2027-02-11,20:30,SAS,OKC,away,401910551,False
116,2027-02-12,18:00,ATL,PHO,home,401910552,False
116,2027-02-12,18:00,BKN,WAS,away,401910554,False
116,2027-02-12,18:00,MIA,ORL,away,401910553,False
116,2027-02-12,18:00,ORL,MIA,home,401910553,False
116,2027-02-12,18:00,PHO,ATL,away,401910552,False
116,2027-02-12,18:00,WAS,BKN,home,401910554,False
116,2027-02-12,18:30,CLE,TOR,away,401910555,False
116,2027-02-12,18:30,TOR,CLE,home,401910555,False
116,2027-02-12,19:00,BOS,MIN,home,401910556,False
116,2027-02-12,19:00,HOU,NOP,away,401910558,False
116,2027-02-12,19:00,LAC,MEM,away,401910557,False
116,2027-02-12,19:00,MEM,LAC,home,401910557,False
116,2027-02-12,19:00,MIN,BOS,away,401910556,False
116,2027-02-12,19:00,NOP,HOU,home,401910558,False
116,2027-02-12,21:30,DEN,LAL,away,401910559,False
116,2027-02-12,21:30,LAL,DEN,home,401910559,False
117,2027-02-13,13:00,IND,SAC,home,401910560,False
117,2027-02-13,13:00,SAC,IND,away,401910560,False
117,2027-02-13,14:00,CHA,DAL,home,401910561,False
117,2027-02-13,14:00,DAL,CHA,away,401910561,False
117,2027-02-13,14:30,DET,POR,away,401910562,False
117,2027-02-13,14:30,POR,DET,home,401910562,False
117,2027-02-13,16:30,OKC,PHL,home,401910563,False
117,2027-02-13,16:30,PHL,OKC,away,401910563,False
117,2027-02-13,18:00,MIL,WAS,away,401910565,False
117,2027-02-13,18:00,ORL,SAS,home,401910564,False
117,2027-02-13,18:00,SAS,ORL,away,401910564,False
117,2027-02-13,18:00,WAS,MIL,home,401910565,False
117,2027-02-13,19:30,GSW,NYK,away,401910566,False
117,2027-02-13,19:30,NYK,GSW,home,401910566,False
118,2027-02-14,12:00,ATL,SAC,home,401910567,False
118,2027-02-14,12:00,BKN,MIA,away,401910570,False
118,2027-02-14,12:00,BOS,TOR,home,401910568,False
118,2027-02-14,12:00,CLE,PHO,home,401910569,False
118,2027-02-14,12:00,MIA,BKN,home,401910570,False
118,2027-02-14,12:00,PHO,CLE,away,401910569,False
118,2027-02-14,12:00,SAC,ATL,away,401910567,False
118,2027-02-14,12:00,TOR,BOS,away,401910568,False
118,2027-02-14,13:00,DEN,HOU,away,401910571,False
118,2027-02-14,13:00,HOU,DEN,home,401910571,False
118,2027-02-14,13:00,LAC,NOP,away,401910572,False
118,2027-02-14,13:00,NOP,LAC,home,401910572,False
118,2027-02-14,14:30,CHI,POR,away,401910573,False
118,2027-02-14,14:30,POR,CHI,home,401910573,False
119,2027-02-15,11:00,CHA,MIN,home,401909477,False
119,2027-02-15,11:00,MIN,CHA,away,401909477,False
119,2027-02-15,13:30,DAL,PHL,home,401909478,False
119,2027-02-15,13:30,PHL,DAL,away,401909478,False
119,2027-02-15,16:00,MIA,SAS,home,401909479,False
119,2027-02-15,16:00,SAS,MIA,away,401909479,False
119,2027-02-15,18:00,PHO,WAS,away,401910574,False
119,2027-02-15,18:00,WAS,PHO,home,401910574,False
119,2027-02-15,18:30,GSW,IND,home,401909480,False
119,2027-02-15,18:30,IND,GSW,away,401909480,False
119,2027-02-15,19:00,MEM,NYK,home,401910575,False
119,2027-02-15,19:00,NYK,MEM,away,401910575,False
119,2027-02-15,19:00,OKC,ORL,home,401910576,False
119,2027-02-15,19:00,ORL,OKC,away,401910576,False
119,2027-02-15,20:00,DET,UTA,away,401910577,False
119,2027-02-15,20:00,UTA,DET,home,401910577,False
120,2027-02-16,18:00,CLE,MIL,home,401910578,False
120,2027-02-16,18:00,MIL,CLE,away,401910578,False
120,2027-02-16,19:00,ATL,TOR,home,401910579,False
120,2027-02-16,19:00,TOR,ATL,away,401910579,False
120,2027-02-16,21:00,CHI,LAL,away,401910580,False
120,2027-02-16,21:00,LAL,CHI,home,401910580,False
120,2027-02-16,21:00,NOP,POR,away,401910581,False
120,2027-02-16,21:00,POR,NOP,home,401910581,False
120,2027-02-16,22:00,HOU,LAC,away,401910582,False
120,2027-02-16,22:00,LAC,HOU,home,401910582,False
121,2027-02-17,18:00,CHA,TOR,home,401910583,False
121,2027-02-17,18:00,CLE,MIL,home,401910584,False
121,2027-02-17,18:00,DAL,ORL,away,401910586,False
121,2027-02-17,18:00,DET,NYK,home,401910585,False
121,2027-02-17,18:00,MIA,WAS,away,401910588,False
121,2027-02-17,18:00,MIL,CLE,away,401910584,False
121,2027-02-17,18:00,NYK,DET,away,401910585,False
121,2027-02-17,18:00,ORL,DAL,home,401910586,False
121,2027-02-17,18:00,PHL,PHO,home,401910587,False
121,2027-02-17,18:00,PHO,PHL,away,401910587,False
121,2027-02-17,18:00,TOR,CHA,away,401910583,False
121,2027-02-17,18:00,WAS,MIA,home,401910588,False
121,2027-02-17,18:30,ATL,BKN,away,401910589,False
121,2027-02-17,18:30,BKN,ATL,home,401910589,False
121,2027-02-17,19:00,MEM,SAS,home,401910590,False
121,2027-02-17,19:00,SAS,MEM,away,401910590,False
121,2027-02-17,20:00,DEN,UTA,home,401910591,False
121,2027-02-17,20:00,UTA,DEN,away,401910591,False
121,2027-02-17,20:30,BOS,OKC,away,401910592,False
121,2027-02-17,20:30,OKC,BOS,home,401910592,False
121,2027-02-17,21:00,GSW,NOP,home,401910593,False
121,2027-02-17,21:00,IND,SAC,away,401910594,False
121,2027-02-17,21:00,NOP,GSW,away,401910593,False
121,2027-02-17,21:00,SAC,IND,home,401910594,False
121,2027-02-17,21:30,CHI,LAC,away,401910595,False
121,2027-02-17,21:30,LAC,CHI,home,401910595,False
122,2027-02-18,18:30,MIN,SAS,home,401910596,False
122,2027-02-18,18:30,SAS,MIN,away,401910596,False
122,2027-02-18,19:00,BOS,MEM,away,401910597,False
122,2027-02-18,19:00,MEM,BOS,home,401910597,False
122,2027-02-18,21:00,HOU,LAL,away,401910598,False
122,2027-02-18,21:00,IND,POR,away,401910599,False
122,2027-02-18,21:00,LAL,HOU,home,401910598,False
122,2027-02-18,21:00,POR,IND,home,401910599,False
129,2027-02-25,18:00,CHA,ORL,away,401910602,False
129,2027-02-25,18:00,CLE,SAC,home,401910600,False
129,2027-02-25,18:00,DET,MIA,home,401910601,False
129,2027-02-25,18:00,MIA,DET,away,401910601,False
129,2027-02-25,18:00,ORL,CHA,home,401910602,False
129,2027-02-25,18:00,SAC,CLE,away,401910600,False
129,2027-02-25,18:30,BKN,PHL,home,401910603,False
129,2027-02-25,18:30,NYK,OKC,home,401910604,False
129,2027-02-25,18:30,OKC,NYK,away,401910604,False
129,2027-02-25,18:30,PHL,BKN,away,401910603,False
129,2027-02-25,19:00,ATL,CHI,away,401910605,False
129,2027-02-25,19:00,CHI,ATL,home,401910605,False
129,2027-02-25,19:00,MIL,WAS,home,401910606,False
129,2027-02-25,19:00,NOP,PHO,home,401910607,False
129,2027-02-25,19:00,PHO,NOP,away,401910607,False
129,2027-02-25,19:00,WAS,MIL,away,401910606,False
129,2027-02-25,21:00,DAL,GSW,away,401910608,False
129,2027-02-25,21:00,GSW,DAL,home,401910608,False
129,2027-02-25,21:30,LAC,UTA,home,401910609,False
129,2027-02-25,21:30,UTA,LAC,away,401910609,False
130,2027-02-26,18:30,ATL,TOR,away,401910611,False
130,2027-02-26,18:30,BOS,CLE,home,401910610,False
130,2027-02-26,18:30,CLE,BOS,away,401910610,False
130,2027-02-26,18:30,TOR,ATL,home,401910611,False
130,2027-02-26,19:00,IND,MIN,away,401910612,False
130,2027-02-26,19:00,MEM,SAS,away,401910613,False
130,2027-02-26,19:00,MIN,IND,home,401910612,False
130,2027-02-26,19:00,SAS,MEM,home,401910613,False
130,2027-02-26,19:30,CHA,HOU,away,401910614,False
130,2027-02-26,19:30,HOU,CHA,home,401910614,False
130,2027-02-26,21:00,DAL,POR,away,401910616,False
130,2027-02-26,21:00,DEN,LAL,home,401910615,False
130,2027-02-26,21:00,LAL,DEN,away,401910615,False
130,2027-02-26,21:00,POR,DAL,home,401910616,False
131,2027-02-27,14:00,UTA,WAS,home,401910617,False
131,2027-02-27,14:00,WAS,UTA,away,401910617,False
131,2027-02-27,16:30,DET,OKC,home,401910618,False
131,2027-02-27,16:30,OKC,DET,away,401910618,False
131,2027-02-27,19:00,BKN,CHI,away,401910619,False
131,2027-02-27,19:00,CHI,BKN,home,401910619,False
131,2027-02-27,19:00,MEM,SAC,home,401910620,False
131,2027-02-27,19:00,SAC,MEM,away,401910620,False
131,2027-02-27,19:30,NYK,PHL,home,401910621,False
131,2027-02-27,19:30,PHL,NYK,away,401910621,False
131,2027-02-27,20:00,NOP,PHO,away,401910622,False
131,2027-02-27,20:00,PHO,NOP,home,401910622,False
132,2027-02-28,12:00,DEN,SAS,away,401910623,False
132,2027-02-28,12:00,SAS,DEN,home,401910623,False
132,2027-02-28,14:30,DAL,LAL,home,401910624,False
132,2027-02-28,14:30,LAL,DAL,away,401910624,False
132,2027-02-28,15:00,IND,TOR,home,401910625,False
132,2027-02-28,15:00,TOR,IND,away,401910625,False
132,2027-02-28,15:30,ATL,ORL,away,401910626,False
132,2027-02-28,15:30,ORL,ATL,home,401910626,False
132,2027-02-28,18:00,BOS,MIN,away,401910628,False
132,2027-02-28,18:00,CHA,SAC,home,401910627,False
132,2027-02-28,18:00,MIN,BOS,home,401910628,False
132,2027-02-28,18:00,SAC,CHA,away,401910627,False
132,2027-02-28,18:30,MIL,NYK,away,401910629,False
132,2027-02-28,18:30,NYK,MIL,home,401910629,False
132,2027-02-28,20:30,HOU,MIA,home,401910630,False
132,2027-02-28,20:30,MIA,HOU,away,401910630,False
132,2027-02-28,21:30,LAC,POR,home,401910631,False
132,2027-02-28,21:30,POR,LAC,away,401910631,False
133,2027-03-01,18:00,CHI,DET,away,401910633,False
133,2027-03-01,18:00,CLE,PHL,home,401910632,False
133,2027-03-01,18:00,DET,CHI,home,401910633,False
133,2027-03-01,18:00,PHL,CLE,away,401910632,False
133,2027-03-01,19:00,NOP,UTA,home,401910634,False
133,2027-03-01,19:00,UTA,NOP,away,401910634,False
133,2027-03-01,19:30,GSW,HOU,away,401910635,False
133,2027-03-01,19:30,HOU,GSW,home,401910635,False
133,2027-03-01,20:00,BKN,DEN,away,401910636,False
133,2027-03-01,20:00,DEN,BKN,home,401910636,False
133,2027-03-01,20:30,PHO,WAS,home,401910637,False
133,2027-03-01,20:30,WAS,PHO,away,401910637,False
134,2027-03-02,18:00,BOS,IND,away,401910638,False
134,2027-03-02,18:00,IND,BOS,home,401910638,False
134,2027-03-02,18:00,LAL,ORL,away,401910639,False
134,2027-03-02,18:00,ORL,LAL,home,401910639,False
134,2027-03-02,18:30,MEM,NYK,away,401910641,False
134,2027-03-02,18:30,MIA,TOR,home,401910640,False
134,2027-03-02,18:30,NYK,MEM,home,401910641,False
134,2027-03-02,18:30,TOR,MIA,away,401910640,False
134,2027-03-02,19:00,DAL,GSW,home,401910642,False
134,2027-03-02,19:00,DET,MIL,away,401910643,False
134,2027-03-02,19:00,GSW,DAL,away,401910642,False
134,2027-03-02,19:00,MIL,DET,home,401910643,False
134,2027-03-02,19:00,MIN,OKC,away,401910644,False
134,2027-03-02,19:00,OKC,MIN,home,401910644,False
134,2027-03-02,21:00,SAC,WAS,home,401910645,False
134,2027-03-02,21:00,WAS,SAC,away,401910645,False
134,2027-03-02,22:00,LAC,POR,away,401910646,False
134,2027-03-02,22:00,POR,LAC,home,401910646,False
135,2027-03-03,18:00,ATL,CHI,home,401910647,False
135,2027-03-03,18:00,CHA,PHL,away,401910648,False
135,2027-03-03,18:00,CHI,ATL,away,401910647,False
135,2027-03-03,18:00,PHL,CHA,home,401910648,False
135,2027-03-03,18:30,MIA,TOR,home,401910649,False
135,2027-03-03,18:30,TOR,MIA,away,401910649,False
135,2027-03-03,19:00,MIL,UTA,home,401910650,False
135,2027-03-03,19:00,UTA,MIL,away,401910650,False
135,2027-03-03,19:30,HOU,NOP,home,401910651,False
135,2027-03-03,19:30,NOP,HOU,away,401910651,False
135,2027-03-03,20:00,BKN,PHO,away,401910652,False
135,2027-03-03,20:00,PHO,BKN,home,401910652,False
135,2027-03-03,21:00,DEN,SAS,home,401910653,False
135,2027-03-03,21:00,SAS,DEN,away,401910653,False
136,2027-03-04,18:00,CLE,POR,home,401910654,False
136,2027-03-04,18:00,IND,ORL,away,401910655,False
136,2027-03-04,18:00,LAL,PHL,away,401910656,False
136,2027-03-04,18:00,ORL,IND,home,401910655,False
136,2027-03-04,18:00,PHL,LAL,home,401910656,False
136,2027-03-04,18:00,POR,CLE,away,401910654,False
136,2027-03-04,18:30,ATL,MEM,home,401910657,False
136,2027-03-04,18:30,MEM,ATL,away,401910657,False
136,2027-03-04,20:30,DAL,NYK,home,401910658,False
136,2027-03-04,20:30,NYK,DAL,away,401910658,False
136,2027-03-04,21:00,GSW,WAS,home,401910659,False
136,2027-03-04,21:00,OKC,SAC,away,401910660,False
136,2027-03-04,21:00,SAC,OKC,home,401910660,False
136,2027-03-04,21:00,WAS,GSW,away,401910659,False
136,2027-03-04,21:30,BKN,LAC,away,401910661,False
136,2027-03-04,21:30,LAC,BKN,home,401910661,False
137,2027-03-05,18:00,BOS,DET,away,401910662,False
137,2027-03-05,18:00,DET,BOS,home,401910662,False
137,2027-03-05,18:00,ORL,UTA,home,401910663,False
137,2027-03-05,18:00,UTA,ORL,away,401910663,False
137,2027-03-05,18:30,POR,TOR,away,401910664,False
137,2027-03-05,18:30,TOR,POR,home,401910664,False
137,2027-03-05,19:00,MIL,NOP,away,401910665,False
137,2027-03-05,19:00,NOP,MIL,home,401910665,False
137,2027-03-05,20:00,MIN,PHO,away,401910666,False
137,2027-03-05,20:00,PHO,MIN,home,401910666,False
137,2027-03-05,20:30,HOU,SAS,home,401910667,False
137,2027-03-05,20:30,SAS,HOU,away,401910667,False
138,2027-03-06,14:00,IND,MIA,away,401910668,False
138,2027-03-06,14:00,MIA,IND,home,401910668,False
138,2027-03-06,16:00,CHA,CHI,away,401910669,False
138,2027-03-06,16:00,CHI,CHA,home,401910669,False
138,2027-03-06,16:30,ATL,CLE,away,401910670,False
138,2027-03-06,16:30,CLE,ATL,home,401910670,False
138,2027-03-06,18:00,UTA,WAS,away,401910671,False
138,2027-03-06,18:00,WAS,UTA,home,401910671,False
138,2027-03-06,19:00,MEM,NOP,home,401910672,False
138,2027-03-06,19:00,NOP,MEM,away,401910672,False
138,2027-03-06,19:30,LAL,OKC,home,401910673,False
138,2027-03-06,19:30,OKC,LAL,away,401910673,False
138,2027-03-06,21:00,LAC,SAC,away,401910674,False
138,2027-03-06,21:00,SAC,LAC,home,401910674,False
139,2027-03-07,12:00,BOS,PHL,home,401910675,False
139,2027-03-07,12:00,PHL,BOS,away,401910675,False
139,2027-03-07,14:30,DEN,MIN,home,401910676,False
139,2027-03-07,14:30,MIN,DEN,away,401910676,False
139,2027-03-07,16:00,CHI,POR,home,401910677,False
139,2027-03-07,16:00,POR,CHI,away,401910677,False
139,2027-03-07,18:30,NYK,SAS,away,401910678,False
139,2027-03-07,18:30,SAS,NYK,home,401910678,False
139,2027-03-07,21:00,GSW,HOU,home,401910679,False
139,2027-03-07,21:00,HOU,GSW,away,401910679,False
139,2027-03-07,21:30,BKN,LAL,away,401910680,False
139,2027-03-07,21:30,LAL,BKN,home,401910680,False
140,2027-03-08,18:00,CHA,IND,away,401910681,False
140,2027-03-08,18:00,IND,CHA,home,401910681,False
140,2027-03-08,18:00,PHL,UTA,home,401910682,False
140,2027-03-08,18:00,UTA,PHL,away,401910682,False
140,2027-03-08,18:30,MIA,PHO,home,401910683,False
140,2027-03-08,18:30,PHO,MIA,away,401910683,False
140,2027-03-08,19:00,ATL,MEM,away,401910684,False
140,2027-03-08,19:00,MEM,ATL,home,401910684,False
140,2027-03-08,19:00,MIN,NOP,home,401910685,False
140,2027-03-08,19:00,NOP,MIN,away,401910685,False
140,2027-03-08,20:30,DAL,OKC,away,401910686,False
140,2027-03-08,20:30,OKC,DAL,home,401910686,False
140,2027-03-08,21:00,DEN,SAC,away,401910687,False
140,2027-03-08,21:00,SAC,DEN,home,401910687,False
140,2027-03-08,21:30,HOU,LAC,away,401910688,False
140,2027-03-08,21:30,LAC,HOU,home,401910688,False
141,2027-03-09,18:00,ORL,PHO,home,401910689,False
141,2027-03-09,18:00,PHO,ORL,away,401910689,False
141,2027-03-09,18:30,BKN,MIL,home,401910690,False
141,2027-03-09,18:30,MIL,BKN,away,401910690,False
141,2027-03-09,19:00,BOS,CHI,away,401910692,False
141,2027-03-09,19:00,CHI,BOS,home,401910692,False
141,2027-03-09,19:00,CLE,DET,away,401910691,False
141,2027-03-09,19:00,DAL,MEM,home,401910693,False
141,2027-03-09,19:00,DET,CLE,home,401910691,False
141,2027-03-09,19:00,MEM,DAL,away,401910693,False
141,2027-03-09,19:00,SAS,WAS,home,401910694,False
141,2027-03-09,19:00,WAS,SAS,away,401910694,False
141,2027-03-09,22:00,GSW,POR,home,401910695,False
141,2027-03-09,22:00,POR,GSW,away,401910695,False
142,2027-03-10,18:00,CHA,NOP,home,401910696,False
142,2027-03-10,18:00,MIA,ORL,home,401910697,False
142,2027-03-10,18:00,NOP,CHA,away,401910696,False
142,2027-03-10,18:00,ORL,MIA,away,401910697,False
142,2027-03-10,18:30,OKC,TOR,away,401910698,False
142,2027-03-10,18:30,TOR,OKC,home,401910698,False
142,2027-03-10,20:00,HOU,UTA,away,401910699,False
142,2027-03-10,20:00,UTA,HOU,home,401910699,False
142,2027-03-10,20:30,ATL,MIN,away,401910700,False
142,2027-03-10,20:30,MIN,ATL,home,401910700,False
142,2027-03-10,21:00,DEN,POR,away,401910701,False
142,2027-03-10,21:00,GSW,SAC,away,401910702,False
142,2027-03-10,21:00,POR,DEN,home,401910701,False
142,2027-03-10,21:00,SAC,GSW,home,401910702,False
142,2027-03-10,21:30,LAC,NYK,home,401910703,False
142,2027-03-10,21:30,NYK,LAC,away,401910703,False
143,2027-03-11,18:00,CHA,IND,home,401910704,False
143,2027-03-11,18:00,DET,MIL,home,401910705,False
143,2027-03-11,18:00,IND,CHA,away,401910704,False
143,2027-03-11,18:00,MIL,DET,away,401910705,False
143,2027-03-11,18:30,BOS,MEM,home,401910706,False
143,2027-03-11,18:30,MEM,BOS,away,401910706,False
143,2027-03-11,18:30,PHL,SAS,away,401910707,False
143,2027-03-11,18:30,SAS,PHL,home,401910707,False
143,2027-03-11,19:00,ATL,BKN,home,401910708,False
143,2027-03-11,19:00,BKN,ATL,away,401910708,False
143,2027-03-11,19:00,CHI,PHO,home,401910709,False
143,2027-03-11,19:00,DAL,WAS,home,401910710,False
143,2027-03-11,19:00,PHO,CHI,away,401910709,False
143,2027-03-11,19:00,WAS,DAL,away,401910710,False
143,2027-03-11,21:00,LAL,NYK,home,401910711,False
143,2027-03-11,21:00,NYK,LAL,away,401910711,False
143,2027-03-11,21:30,CLE,LAC,away,401910712,False
143,2027-03-11,21:30,LAC,CLE,home,401910712,False
144,2027-03-12,18:30,BOS,OKC,home,401910713,False
144,2027-03-12,18:30,OKC,BOS,away,401910713,False
144,2027-03-12,19:00,MIA,MIL,away,401910714,False
144,2027-03-12,19:00,MIL,MIA,home,401910714,False
144,2027-03-12,19:00,NOP,TOR,home,401910715,False
144,2027-03-12,19:00,TOR,NOP,away,401910715,False
144,2027-03-12,20:30,SAC,UTA,away,401910716,False
144,2027-03-12,20:30,UTA,SAC,home,401910716,False
144,2027-03-12,21:00,CLE,LAL,away,401910718,False
144,2027-03-12,21:00,DEN,GSW,home,401910717,False
144,2027-03-12,21:00,GSW,DEN,away,401910717,False
144,2027-03-12,21:00,LAL,CLE,home,401910718,False
145,2027-03-13,14:00,ATL,ORL,home,401910719,False
145,2027-03-13,14:00,BKN,DET,away,401910720,False
145,2027-03-13,14:00,DET,BKN,home,401910720,False
145,2027-03-13,14:00,ORL,ATL,away,401910719,False
145,2027-03-13,16:30,HOU,IND,home,401910721,False
145,2027-03-13,16:30,IND,HOU,away,401910721,False
145,2027-03-13,17:00,CHA,PHO,home,401910722,False
145,2027-03-13,17:00,PHO,CHA,away,401910722,False
145,2027-03-13,19:00,CHI,MEM,home,401910723,False
145,2027-03-13,19:00,DAL,NOP,home,401910724,False
145,2027-03-13,19:00,MEM,CHI,away,401910723,False
145,2027-03-13,19:00,NOP,DAL,away,401910724,False
145,2027-03-13,19:30,MIN,PHL,home,401910725,False
145,2027-03-13,19:30,PHL,MIN,away,401910725,False
145,2027-03-13,21:30,LAC,POR,away,401910726,False
145,2027-03-13,21:30,POR,LAC,home,401910726,False
146,2027-03-14,11:00,BOS,NYK,away,401910727,False
146,2027-03-14,11:00,NYK,BOS,home,401910727,False
146,2027-03-14,13:30,OKC,SAS,home,401910728,False
146,2027-03-14,13:30,SAS,OKC,away,401910728,False
146,2027-03-14,16:00,DET,TOR,away,401910729,False
146,2027-03-14,16:00,TOR,DET,home,401910729,False
146,2027-03-14,17:00,CLE,SAC,away,401910730,False
146,2027-03-14,17:00,SAC,CLE,home,401910730,False
146,2027-03-14,18:30,DEN,MIA,home,401910731,False
146,2027-03-14,18:30,MIA,DEN,away,401910731,False
146,2027-03-14,19:00,MIN,WAS,home,401910732,False
146,2027-03-14,19:00,WAS,MIN,away,401910732,False
146,2027-03-14,21:00,GSW,LAL,away,401910733,False
146,2027-03-14,21:00,LAL,GSW,home,401910733,False
147,2027-03-15,18:00,PHL,TOR,home,401910734,False
147,2027-03-15,18:00,TOR,PHL,away,401910734,False
147,2027-03-15,18:30,BKN,IND,home,401910735,False
147,2027-03-15,18:30,IND,BKN,away,401910735,False
147,2027-03-15,19:00,CHI,ORL,home,401910736,False
147,2027-03-15,19:00,MEM,PHO,home,401910737,False
147,2027-03-15,19:00,ORL,CHI,away,401910736,False
147,2027-03-15,19:00,PHO,MEM,away,401910737,False
147,2027-03-15,20:30,ATL,DAL,away,401910738,False
147,2027-03-15,20:30,DAL,ATL,home,401910738,False
148,2027-03-16,18:00,NYK,WAS,away,401910739,False
148,2027-03-16,18:00,WAS,NYK,home,401910739,False
148,2027-03-16,18:30,BOS,SAC,home,401910740,False
148,2027-03-16,18:30,SAC,BOS,away,401910740,False
148,2027-03-16,19:00,CHA,OKC,away,401910744,False
148,2027-03-16,19:00,DET,IND,away,401910741,False
148,2027-03-16,19:00,IND,DET,home,401910741,False
148,2027-03-16,19:00,MIL,ORL,home,401910742,False
148,2027-03-16,19:00,MIN,NOP,away,401910743,False
148,2027-03-16,19:00,NOP,MIN,home,401910743,False
148,2027-03-16,19:00,OKC,CHA,home,401910744,False
148,2027-03-16,19:00,ORL,MIL,away,401910742,False
148,2027-03-16,19:30,HOU,SAS,home,401910745,False
148,2027-03-16,19:30,SAS,HOU,away,401910745,False
148,2027-03-16,21:00,CLE,GSW,away,401910746,False
148,2027-03-16,21:00,GSW,CLE,home,401910746,False
148,2027-03-16,21:00,LAL,POR,away,401910747,False
148,2027-03-16,21:00,POR,LAL,home,401910747,False
148,2027-03-16,22:00,DEN,LAC,away,401910748,False
148,2027-03-16,22:00,LAC,DEN,home,401910748,False
149,2027-03-17,18:00,CHI,PHL,away,401910749,False
149,2027-03-17,18:00,PHL,CHI,home,401910749,False
149,2027-03-17,18:30,DAL,OKC,away,401910751,False
149,2027-03-17,18:30,NYK,SAC,home,401910750,False
149,2027-03-17,18:30,OKC,DAL,home,401910751,False
149,2027-03-17,18:30,SAC,NYK,away,401910750,False
149,2027-03-17,19:30,BKN,HOU,away,401910752,False
149,2027-03-17,19:30,HOU,BKN,home,401910752,False
149,2027-03-17,20:00,ATL,UTA,away,401910753,False
149,2027-03-17,20:00,UTA,ATL,home,401910753,False
149,2027-03-17,21:00,GSW,MEM,home,401910754,False
149,2027-03-17,21:00,LAL,PHO,home,401910755,False
149,2027-03-17,21:00,MEM,GSW,away,401910754,False
149,2027-03-17,21:00,MIA,POR,away,401910756,False
149,2027-03-17,21:00,PHO,LAL,away,401910755,False
149,2027-03-17,21:00,POR,MIA,home,401910756,False
150,2027-03-18,18:00,IND,TOR,home,401910757,False
150,2027-03-18,18:00,PHL,WAS,away,401910758,False
150,2027-03-18,18:00,TOR,IND,away,401910757,False
150,2027-03-18,18:00,WAS,PHL,home,401910758,False
150,2027-03-18,18:30,BOS,ORL,home,401910759,False
150,2027-03-18,18:30,ORL,BOS,away,401910759,False
150,2027-03-18,19:00,BKN,SAS,away,401910762,False
150,2027-03-18,19:00,CHA,NOP,away,401910761,False
150,2027-03-18,19:00,DET,MIL,away,401910760,False
150,2027-03-18,19:00,MIL,DET,home,401910760,False
150,2027-03-18,19:00,NOP,CHA,home,401910761,False
150,2027-03-18,19:00,SAS,BKN,home,401910762,False
150,2027-03-18,20:00,CLE,DEN,away,401910763,False
150,2027-03-18,20:00,DEN,CLE,home,401910763,False
150,2027-03-18,20:00,MIN,UTA,away,401910764,False
150,2027-03-18,20:00,UTA,MIN,home,401910764,False
150,2027-03-18,21:30,LAC,MEM,home,401910765,False
150,2027-03-18,21:30,MEM,LAC,away,401910765,False
151,2027-03-19,18:30,SAC,TOR,away,401910766,False
151,2027-03-19,18:30,TOR,SAC,home,401910766,False
151,2027-03-19,19:00,DAL,SAS,away,401910768,False
151,2027-03-19,19:00,HOU,NOP,away,401910767,False
151,2027-03-19,19:00,NOP,HOU,home,401910767,False
151,2027-03-19,19:00,SAS,DAL,home,401910768,False
151,2027-03-19,21:00,ATL,LAL,away,401910770,False
151,2027-03-19,21:00,GSW,POR,home,401910769,False
151,2027-03-19,21:00,LAL,ATL,home,401910770,False
151,2027-03-19,21:00,POR,GSW,away,401910769,False
151,2027-03-19,21:30,MIA,PHO,away,401910771,False
151,2027-03-19,21:30,PHO,MIA,home,401910771,False
152,2027-03-20,12:00,NYK,WAS,home,401910772,False
152,2027-03-20,12:00,WAS,NYK,away,401910772,False
152,2027-03-20,18:00,DEN,ORL,away,401910773,False
152,2027-03-20,18:00,ORL,DEN,home,401910773,False
152,2027-03-20,18:30,CHI,CLE,away,401910774,False
152,2027-03-20,18:30,CLE,CHI,home,401910774,False
152,2027-03-20,19:00,CHA,DET,away,401910775,False
152,2027-03-20,19:00,DET,CHA,home,401910775,False
152,2027-03-20,19:00,IND,MIL,away,401910777,False
152,2027-03-20,19:00,MEM,OKC,home,401910776,False
152,2027-03-20,19:00,MIL,IND,home,401910777,False
152,2027-03-20,19:00,OKC,MEM,away,401910776,False
152,2027-03-20,21:30,ATL,LAC,away,401910778,False
152,2027-03-20,21:30,LAC,ATL,home,401910778,False
153,2027-03-21,14:00,BKN,SAC,home,401910780,False
153,2027-03-21,14:00,BOS,NOP,home,401910779,False
153,2027-03-21,14:00,NOP,BOS,away,401910779,False
153,2027-03-21,14:00,SAC,BKN,away,401910780,False
153,2027-03-21,16:00,PHO,POR,home,401910782,False
153,2027-03-21,16:00,POR,PHO,away,401910782,False
153,2027-03-21,16:00,TOR,UTA,away,401910781,False
153,2027-03-21,16:00,UTA,TOR,home,401910781,False
153,2027-03-21,17:00,DEN,MIA,away,401910783,False
153,2027-03-21,17:00,MIA,DEN,home,401910783,False
153,2027-03-21,18:30,PHL,SAS,home,401910784,False
153,2027-03-21,18:30,SAS,PHL,away,401910784,False
153,2027-03-21,21:00,DAL,LAL,away,401910785,False
153,2027-03-21,21:00,LAL,DAL,home,401910785,False
154,2027-03-22,18:00,CLE,HOU,home,401910786,False
154,2027-03-22,18:00,HOU,CLE,away,401910786,False
154,2027-03-22,18:00,IND,ORL,away,401910787,False
154,2027-03-22,18:00,ORL,IND,home,401910787,False
154,2027-03-22,19:00,CHA,MEM,away,401910789,False
154,2027-03-22,19:00,CHI,SAC,home,401910788,False
154,2027-03-22,19:00,MEM,CHA,home,401910789,False
154,2027-03-22,19:00,MIL,WAS,home,401910790,False
154,2027-03-22,19:00,SAC,CHI,away,401910788,False
154,2027-03-22,19:00,WAS,MIL,away,401910790,False
154,2027-03-22,20:30,DET,MIN,away,401910791,False
154,2027-03-22,20:30,MIN,DET,home,401910791,False
154,2027-03-22,21:00,ATL,GSW,away,401910792,False
154,2027-03-22,21:00,GSW,ATL,home,401910792,False
154,2027-03-22,21:30,DAL,LAC,away,401910793,False
154,2027-03-22,21:30,LAC,DAL,home,401910793,False
155,2027-03-23,18:30,BKN,BOS,home,401910794,False
155,2027-03-23,18:30,BOS,BKN,away,401910794,False
155,2027-03-23,18:30,NOP,NYK,away,401910795,False
155,2027-03-23,18:30,NYK,NOP,home,401910795,False
155,2027-03-23,19:00,LAL,MIA,away,401910796,False
155,2027-03-23,19:00,MIA,LAL,home,401910796,False
155,2027-03-23,20:00,PHL,UTA,away,401910797,False
155,2027-03-23,20:00,UTA,PHL,home,401910797,False
155,2027-03-23,21:00,POR,TOR,home,401910798,False
155,2027-03-23,21:00,TOR,POR,away,401910798,False
155,2027-03-23,22:00,OKC,PHO,away,401910799,False
155,2027-03-23,22:00,PHO,OKC,home,401910799,False
156,2027-03-24,18:00,CHA,DET,home,401910800,False
156,2027-03-24,18:00,DEN,WAS,away,401910802,False
156,2027-03-24,18:00,DET,CHA,away,401910800,False
156,2027-03-24,18:00,IND,MEM,home,401910801,False
156,2027-03-24,18:00,MEM,IND,away,401910801,False
156,2027-03-24,18:00,WAS,DEN,home,401910802,False
156,2027-03-24,18:30,BOS,SAS,home,401910803,False
156,2027-03-24,18:30,HOU,NYK,away,401910804,False
156,2027-03-24,18:30,NYK,HOU,home,401910804,False
156,2027-03-24,18:30,SAS,BOS,away,401910803,False
156,2027-03-24,19:00,CHI,ORL,home,401910805,False
156,2027-03-24,19:00,DAL,MIN,away,401910806,False
156,2027-03-24,19:00,MIN,DAL,home,401910806,False
156,2027-03-24,19:00,ORL,CHI,away,401910805,False
156,2027-03-24,21:00,ATL,SAC,away,401910809,False
156,2027-03-24,21:00,GSW,PHL,home,401910807,False
156,2027-03-24,21:00,OKC,PHO,away,401910808,False
156,2027-03-24,21:00,PHL,GSW,away,401910807,False
156,2027-03-24,21:00,PHO,OKC,home,401910808,False
156,2027-03-24,21:00,SAC,ATL,home,401910809,False
156,2027-03-24,21:30,LAC,MIL,home,401910810,False
156,2027-03-24,21:30,MIL,LAC,away,401910810,False
157,2027-03-25,18:00,CLE,LAL,home,401910811,False
157,2027-03-25,18:00,DET,HOU,home,401910812,False
157,2027-03-25,18:00,HOU,DET,away,401910812,False
157,2027-03-25,18:00,IND,SAS,home,401910813,False
157,2027-03-25,18:00,LAL,CLE,away,401910811,False
157,2027-03-25,18:00,SAS,IND,away,401910813,False
157,2027-03-25,18:30,BKN,DEN,home,401910814,False
157,2027-03-25,18:30,DEN,BKN,away,401910814,False
157,2027-03-25,18:30,MIA,UTA,home,401910815,False
157,2027-03-25,18:30,UTA,MIA,away,401910815,False
157,2027-03-25,19:00,CHI,MEM,away,401910816,False
157,2027-03-25,19:00,MEM,CHI,home,401910816,False
157,2027-03-25,21:00,GSW,TOR,home,401910817,False
157,2027-03-25,21:00,TOR,GSW,away,401910817,False
158,2027-03-26,18:00,CHA,NYK,home,401910818,False
158,2027-03-26,18:00,NYK,CHA,away,401910818,False
158,2027-03-26,19:00,DAL,NOP,home,401910819,False
158,2027-03-26,19:00,LAC,OKC,away,401910821,False
158,2027-03-26,19:00,MIN,ORL,home,401910820,False
158,2027-03-26,19:00,NOP,DAL,away,401910819,False
158,2027-03-26,19:00,OKC,LAC,home,401910821,False
158,2027-03-26,19:00,ORL,MIN,away,401910820,False
158,2027-03-26,21:00,MIL,PHO,away,401910822,False
158,2027-03-26,21:00,PHL,POR,away,401910823,False
158,2027-03-26,21:00,PHO,MIL,home,401910822,False
158,2027-03-26,21:00,POR,PHL,home,401910823,False
159,2027-03-27,14:00,DET,SAS,home,401910824,False
159,2027-03-27,14:00,SAS,DET,away,401910824,False
159,2027-03-27,18:00,ATL,UTA,home,401910825,False
159,2027-03-27,18:00,GSW,WAS,away,401910826,False
159,2027-03-27,18:00,UTA,ATL,away,401910825,False
159,2027-03-27,18:00,WAS,GSW,home,401910826,False
159,2027-03-27,19:00,BOS,MIA,away,401910827,False
159,2027-03-27,19:00,CHI,LAC,home,401910828,False
159,2027-03-27,19:00,LAC,CHI,away,401910828,False
159,2027-03-27,19:00,MIA,BOS,home,401910827,False
159,2027-03-27,21:00,MIL,POR,away,401910829,False
159,2027-03-27,21:00,POR,MIL,home,401910829,False
159,2027-03-27,21:00,SAC,TOR,home,401910830,False
159,2027-03-27,21:00,TOR,SAC,away,401910830,False
160,2027-03-28,11:30,NYK,ORL,away,401910831,False
160,2027-03-28,11:30,ORL,NYK,home,401910831,False
160,2027-03-28,14:00,BKN,MEM,home,401910832,False
160,2027-03-28,14:00,HOU,LAL,home,401910833,False
160,2027-03-28,14:00,LAL,HOU,away,401910833,False
160,2027-03-28,14:00,MEM,BKN,away,401910832,False
160,2027-03-28,17:00,CHA,UTA,home,401910834,False
160,2027-03-28,17:00,DAL,WAS,away,401910835,False
160,2027-03-28,17:00,UTA,CHA,away,401910834,False
160,2027-03-28,17:00,WAS,DAL,home,401910835,False
160,2027-03-28,18:00,BOS,NOP,away,401910836,False
160,2027-03-28,18:00,NOP,BOS,home,401910836,False
160,2027-03-28,18:30,MIN,OKC,home,401910837,False
160,2027-03-28,18:30,OKC,MIN,away,401910837,False
160,2027-03-28,20:00,PHO,TOR,home,401910838,False
160,2027-03-28,20:00,TOR,PHO,away,401910838,False
160,2027-03-28,21:00,DEN,PHL,home,401910839,False
160,2027-03-28,21:00,PHL,DEN,away,401910839,False
161,2027-03-29,18:00,ATL,MIN,home,401910840,False
161,2027-03-29,18:00,CLE,MIA,home,401910841,False
161,2027-03-29,18:00,DET,LAC,home,401910842,False
161,2027-03-29,18:00,LAC,DET,away,401910842,False
161,2027-03-29,18:00,MIA,CLE,away,401910841,False
161,2027-03-29,18:00,MIN,ATL,away,401910840,False
161,2027-03-29,18:30,BKN,GSW,home,401910843,False
161,2027-03-29,18:30,GSW,BKN,away,401910843,False
161,2027-03-29,19:00,CHI,IND,home,401910844,False
161,2027-03-29,19:00,DAL,MIL,away,401910845,False
161,2027-03-29,19:00,IND,CHI,away,401910844,False
161,2027-03-29,19:00,MIL,DAL,home,401910845,False
161,2027-03-29,20:30,PHO,SAS,away,401910846,False
161,2027-03-29,20:30,SAS,PHO,home,401910846,False
161,2027-03-29,21:00,DEN,SAC,away,401910847,False
161,2027-03-29,21:00,SAC,DEN,home,401910847,False
162,2027-03-30,18:00,CHA,MIA,home,401910848,False
162,2027-03-30,18:00,MIA,CHA,away,401910848,False
162,2027-03-30,19:00,BOS,IND,away,401910849,False
162,2027-03-30,19:00,IND,BOS,home,401910849,False
162,2027-03-30,19:00,LAL,MEM,away,401910851,False
162,2027-03-30,19:00,MEM,LAL,home,401910851,False
162,2027-03-30,19:00,NYK,ORL,away,401910850,False
162,2027-03-30,19:00,ORL,NYK,home,401910850,False
162,2027-03-30,20:00,OKC,UTA,away,401910852,False
162,2027-03-30,20:00,UTA,OKC,home,401910852,False
162,2027-03-30,22:00,HOU,POR,away,401910853,False
162,2027-03-30,22:00,POR,HOU,home,401910853,False
163,2027-03-31,18:00,ATL,LAC,home,401910854,False
163,2027-03-31,18:00,CHI,WAS,away,401910857,False
163,2027-03-31,18:00,DET,TOR,home,401910855,False
163,2027-03-31,18:00,GSW,PHL,away,401910856,False
163,2027-03-31,18:00,LAC,ATL,away,401910854,False
163,2027-03-31,18:00,PHL,GSW,home,401910856,False
163,2027-03-31,18:00,TOR,DET,away,401910855,False
163,2027-03-31,18:00,WAS,CHI,home,401910857,False
163,2027-03-31,18:30,BKN,CLE,home,401910858,False
163,2027-03-31,18:30,CLE,BKN,away,401910858,False
163,2027-03-31,19:00,MIL,NOP,home,401910859,False
163,2027-03-31,19:00,MIN,SAC,home,401910860,False
163,2027-03-31,19:00,NOP,MIL,away,401910859,False
163,2027-03-31,19:00,PHO,SAS,away,401910861,False
163,2027-03-31,19:00,SAC,MIN,away,401910860,False
163,2027-03-31,19:00,SAS,PHO,home,401910861,False
163,2027-03-31,20:30,DAL,DEN,home,401910862,False
163,2027-03-31,20:30,DEN,DAL,away,401910862,False
163,2027-03-31,21:00,HOU,POR,away,401910863,False
163,2027-03-31,21:00,POR,HOU,home,401910863,False
164,2027-04-01,18:00,BOS,CLE,away,401910864,False
164,2027-04-01,18:00,CLE,BOS,home,401910864,False
164,2027-04-01,18:00,IND,ORL,home,401910865,False
164,2027-04-01,18:00,ORL,IND,away,401910865,False
164,2027-04-01,18:30,CHA,NYK,away,401910866,False
164,2027-04-01,18:30,NYK,CHA,home,401910866,False
164,2027-04-01,20:30,LAL,OKC,away,401910867,False
164,2027-04-01,20:30,OKC,LAL,home,401910867,False
165,2027-04-02,18:00,PHL,WAS,away,401910868,False
165,2027-04-02,18:00,WAS,PHL,home,401910868,False
165,2027-04-02,18:30,BKN,NYK,home,401910870,False
165,2027-04-02,18:30,BOS,MIA,home,401910869,False
165,2027-04-02,18:30,GSW,MIN,away,401910871,False
165,2027-04-02,18:30,MIA,BOS,away,401910869,False
165,2027-04-02,18:30,MIN,GSW,home,401910871,False
165,2027-04-02,18:30,NYK,BKN,away,401910870,False
165,2027-04-02,19:00,CHA,MIL,away,401910874,False
165,2027-04-02,19:00,CHI,DET,home,401910872,False
165,2027-04-02,19:00,DAL,SAC,home,401910873,False
165,2027-04-02,19:00,DET,CHI,away,401910872,False
165,2027-04-02,19:00,MIL,CHA,home,401910874,False
165,2027-04-02,19:00,SAC,DAL,away,401910873,False
165,2027-04-02,19:30,ATL,TOR,away,401910875,False
165,2027-04-02,19:30,HOU,MEM,home,401910876,False
165,2027-04-02,19:30,MEM,HOU,away,401910876,False
165,2027-04-02,19:30,TOR,ATL,home,401910875,False
165,2027-04-02,21:00,DEN,PHO,away,401910877,False
165,2027-04-02,21:00,PHO,DEN,home,401910877,False
165,2027-04-02,21:00,POR,UTA,home,401910878,False
165,2027-04-02,21:00,UTA,POR,away,401910878,False
165,2027-04-02,21:30,LAC,SAS,home,401910879,False
165,2027-04-02,21:30,SAS,LAC,away,401910879,False
166,2027-04-03,16:00,NOP,OKC,away,401910880,False
166,2027-04-03,16:00,OKC,NOP,home,401910880,False
166,2027-04-03,18:00,ORL,WAS,home,401910881,False
166,2027-04-03,18:00,WAS,ORL,away,401910881,False
167,2027-04-04,12:00,ATL,PHL,away,401910882,False
167,2027-04-04,12:00,PHL,ATL,home,401910882,False
167,2027-04-04,13:00,BKN,MIL,away,401910883,False
167,2027-04-04,13:00,MIL,BKN,home,401910883,False
167,2027-04-04,14:00,CHA,CLE,away,401910884,False
167,2027-04-04,14:00,CLE,CHA,home,401910884,False
167,2027-04-04,14:00,DAL,MIN,home,401910886,False
167,2027-04-04,14:00,DET,MIA,home,401910885,False
167,2027-04-04,14:00,MIA,DET,away,401910885,False
167,2027-04-04,14:00,MIN,DAL,away,401910886,False
167,2027-04-04,14:30,IND,TOR,away,401910887,False
167,2027-04-04,14:30,TOR,IND,home,401910887,False
167,2027-04-04,15:00,CHI,HOU,away,401910888,False
167,2027-04-04,15:00,HOU,CHI,home,401910888,False
167,2027-04-04,15:30,LAC,PHO,home,401910889,False
167,2027-04-04,15:30,PHO,LAC,away,401910889,False
167,2027-04-04,16:00,DEN,MEM,home,401910890,False
167,2027-04-04,16:00,MEM,DEN,away,401910890,False
167,2027-04-04,16:00,POR,UTA,away,401910891,False
167,2027-04-04,16:00,UTA,POR,home,401910891,False
167,2027-04-04,17:00,GSW,SAC,away,401910892,False
167,2027-04-04,17:00,SAC,GSW,home,401910892,False
167,2027-04-04,18:30,BOS,NYK,away,401910893,False
167,2027-04-04,18:30,NYK,BOS,home,401910893,False
167,2027-04-04,21:00,LAL,SAS,home,401910894,False
167,2027-04-04,21:00,SAS,LAL,away,401910894,False
168,2027-04-05,18:00,BKN,CLE,away,401910895,False
168,2027-04-05,18:00,CLE,BKN,home,401910895,False
168,2027-04-05,18:00,MIA,ORL,away,401910896,False
168,2027-04-05,18:00,ORL,MIA,home,401910896,False
168,2027-04-05,19:00,NOP,WAS,home,401910897,False
168,2027-04-05,19:00,WAS,NOP,away,401910897,False
169,2027-04-06,18:00,CHA,IND,home,401910898,False
169,2027-04-06,18:00,IND,CHA,away,401910898,False
169,2027-04-06,18:30,PHL,TOR,away,401910899,False
169,2027-04-06,18:30,TOR,PHL,home,401910899,False
169,2027-04-06,19:00,ATL,NYK,home,401910900,False
169,2027-04-06,19:00,CHI,MIL,away,401910902,False
169,2027-04-06,19:00,DET,MEM,away,401910901,False
169,2027-04-06,19:00,MEM,DET,home,401910901,False
169,2027-04-06,19:00,MIL,CHI,home,401910902,False
169,2027-04-06,19:00,NYK,ATL,away,401910900,False
169,2027-04-06,19:00,SAC,SAS,away,401910903,False
169,2027-04-06,19:00,SAS,SAC,home,401910903,False
169,2027-04-06,20:00,DEN,NOP,home,401910904,False
169,2027-04-06,20:00,NOP,DEN,away,401910904,False
169,2027-04-06,20:00,OKC,UTA,away,401910905,False
169,2027-04-06,20:00,UTA,OKC,home,401910905,False
169,2027-04-06,21:00,DAL,LAL,away,401910906,False
169,2027-04-06,21:00,LAL,DAL,home,401910906,False
169,2027-04-06,21:30,LAC,MIN,home,401910907,False
169,2027-04-06,21:30,MIN,LAC,away,401910907,False
169,2027-04-06,22:00,GSW,PHO,home,401910908,False
169,2027-04-06,22:00,PHO,GSW,away,401910908,False
170,2027-04-07,18:00,BOS,ORL,away,401910910,False
170,2027-04-07,18:00,DET,IND,home,401910909,False
170,2027-04-07,18:00,IND,DET,away,401910909,False
170,2027-04-07,18:00,ORL,BOS,home,401910910,False
170,2027-04-07,18:30,BKN,TOR,away,401910911,False
170,2027-04-07,18:30,CLE,SAS,away,401910912,False
170,2027-04-07,18:30,SAS,CLE,home,401910912,False
170,2027-04-07,18:30,TOR,BKN,home,401910911,False
170,2027-04-07,19:00,CHA,CHI,away,401910913,False
170,2027-04-07,19:00,CHI,CHA,home,401910913,False
170,2027-04-07,19:00,MEM,WAS,home,401910914,False
170,2027-04-07,19:00,WAS,MEM,away,401910914,False
170,2027-04-07,19:30,HOU,SAC,home,401910915,False
170,2027-04-07,19:30,SAC,HOU,away,401910915,False
170,2027-04-07,21:00,DAL,POR,away,401910917,False
170,2027-04-07,21:00,LAL,MIN,home,401910916,False
170,2027-04-07,21:00,MIN,LAL,away,401910916,False
170,2027-04-07,21:00,POR,DAL,home,401910917,False
171,2027-04-08,18:00,MIA,PHL,home,401910918,False
171,2027-04-08,18:00,PHL,MIA,away,401910918,False
171,2027-04-08,19:00,MIL,NYK,home,401910919,False
171,2027-04-08,19:00,NYK,MIL,away,401910919,False
171,2027-04-08,20:00,DEN,LAC,home,401910920,False
171,2027-04-08,20:00,LAC,DEN,away,401910920,False
171,2027-04-08,20:00,NOP,UTA,away,401910921,False
171,2027-04-08,20:00,UTA,NOP,home,401910921,False
171,2027-04-08,20:30,GSW,OKC,away,401910922,False
171,2027-04-08,20:30,OKC,GSW,home,401910922,False
172,2027-04-09,18:00,ATL,BOS,home,401910923,False
172,2027-04-09,18:00,BKN,CHA,away,401910924,False
172,2027-04-09,18:00,BOS,ATL,away,401910923,False
172,2027-04-09,18:00,CHA,BKN,home,401910924,False
172,2027-04-09,18:00,CLE,IND,away,401910925,False
172,2027-04-09,18:00,DET,NYK,away,401910926,False
172,2027-04-09,18:00,IND,CLE,home,401910925,False
172,2027-04-09,18:00,NYK,DET,home,401910926,False
172,2027-04-09,18:00,ORL,TOR,home,401910927,False
172,2027-04-09,18:00,TOR,ORL,away,401910927,False
172,2027-04-09,19:00,CHI,MIL,home,401910929,False
172,2027-04-09,19:00,GSW,OKC,away,401910930,False
172,2027-04-09,19:00,MIA,WAS,home,401910928,False
172,2027-04-09,19:00,MIL,CHI,away,401910929,False
172,2027-04-09,19:00,OKC,GSW,home,401910930,False
172,2027-04-09,19:00,WAS,MIA,away,401910928,False
172,2027-04-09,19:30,HOU,POR,home,401910931,False
172,2027-04-09,19:30,POR,HOU,away,401910931,False
172,2027-04-09,20:30,DEN,SAS,away,401910932,False
172,2027-04-09,20:30,LAC,UTA,away,401910933,False
172,2027-04-09,20:30,SAS,DEN,home,401910932,False
172,2027-04-09,20:30,UTA,LAC,home,401910933,False
172,2027-04-09,21:00,DAL,SAC,away,401910936,False
172,2027-04-09,21:00,LAL,MIN,home,401910934,False
172,2027-04-09,21:00,MEM,PHO,away,401910935,False
172,2027-04-09,21:00,MIN,LAL,away,401910934,False
172,2027-04-09,21:00,PHO,MEM,home,401910935,False
172,2027-04-09,21:00,SAC,DAL,home,401910936,False
174,2027-04-11,17:00,ATL,CLE,away,401910939,False
174,2027-04-11,17:00,BKN,TOR,home,401910938,False
174,2027-04-11,17:00,BOS,MIL,home,401910937,False
174,2027-04-11,17:00,CHA,PHL,away,401910942,False
174,2027-04-11,17:00,CHI,NOP,away,401910944,False
174,2027-04-11,17:00,CLE,ATL,home,401910939,False
174,2027-04-11,17:00,DET,WAS,away,401910943,False
174,2027-04-11,17:00,IND,NYK,away,401910941,False
174,2027-04-11,17:00,MIA,ORL,home,401910940,False
174,2027-04-11,17:00,MIL,BOS,away,401910937,False
174,2027-04-11,17:00,NOP,CHI,home,401910944,False
174,2027-04-11,17:00,NYK,IND,home,401910941,False
174,2027-04-11,17:00,ORL,MIA,away,401910940,False
174,2027-04-11,17:00,PHL,CHA,home,401910942,False
174,2027-04-11,17:00,TOR,BKN,away,401910938,False
174,2027-04-11,17:00,WAS,DET,home,401910943,False
174,2027-04-11,19:30,DAL,MEM,home,401910945,False
174,2027-04-11,19:30,DEN,OKC,home,401910948,False
174,2027-04-11,19:30,GSW,UTA,home,401910949,False
174,2027-04-11,19:30,HOU,MIN,away,401910946,False
174,2027-04-11,19:30,LAC,SAC,home,401910950,False
174,2027-04-11,19:30,LAL,PHO,home,401910951,False
174,2027-04-11,19:30,MEM,DAL,away,401910945,False
174,2027-04-11,19:30,MIN,HOU,home,401910946,False
174,2027-04-11,19:30,OKC,DEN,away,401910948,False
174,2027-04-11,19:30,PHO,LAL,away,401910951,False
174,2027-04-11,19:30,POR,SAS,away,401910947,False
174,2027-04-11,19:30,SAC,LAC,away,401910950,False
174,2027-04-11,19:30,SAS,POR,home,401910947,False
174,2027-04-11,19:30,UTA,GSW,away,401910949,False
