rank,player_id,name,pro_team,eligible,status,on_team_id,injury_status,pct_owned,pct_change,adp,espn_rank,season_gp,proj_gp,w_prior,min,value,value_proj,value_l15,value_prev,trend_l15,z_FT%,z_3PT%,z_DD,z_REB,z_FGM,z_FTM,z_PTS,z_BLK,z_3PM,z_STL,z_AST,z_FG%,pg_PTS,pg_REB,pg_AST,pg_STL,pg_BLK,pg_3PM,pg_TO,pg_FG%,pg_FGA,pg_FT%,pg_FTA,pg_FGM,pg_FTM,pg_3PA,pg_DD,vorp_pg,vorp_season,team_games_left,team_games_this_matchup
1,3112335,Nikola Jokic,DEN,C,ONTEAM,8,ACTIVE,99.92,0,1.5,1,0,72.0,1.0,35.6,17.94,17.94,,17.25,,0.12,0.66,3.09,2.36,2.18,1.09,1.76,0.13,-0.2,1.79,2.63,2.33,28.2,12.7,10.1,1.6,0.8,1.7,3.4,0.575,18.4,0.817,6.6,10.58,5.39,4.31,0.862,24.04,1730.9,80,2
2,3945274,Luka Doncic,LAL,PG,ONTEAM,1,ACTIVE,99.9,0,3.6,3,0,68.0,1.0,36.7,14.62,14.62,,13.73,,-0.74,0.25,1.77,0.78,2.4,2.25,2.76,-0.42,2.01,1.81,2.06,-0.31,33.0,8.5,8.9,1.6,0.5,4.0,4.0,0.477,22.9,0.783,9.2,10.93,7.21,10.6,0.589,20.72,1409.0,80,3
3,5104157,Victor Wembanyama,SAS,C,ONTEAM,4,ACTIVE,99.93,0,3.1,4,0,67.0,1.0,32.5,13.79,13.79,,10.98,,0.27,-0.89,2.23,2.25,1.42,1.38,1.47,4.99,0.32,0.4,-0.46,0.41,26.9,12.4,3.6,1.2,3.5,2.2,2.9,0.502,18.7,0.824,7.1,9.39,5.85,6.4,0.684,19.89,1332.6,80,3
4,4278073,Shai Gilgeous-Alexander,OKC,PG,ONTEAM,6,ACTIVE,99.91,0,3.0,2,0,76.0,1.0,33.8,12.9,12.9,,12.11,,1.87,0.06,-0.39,-0.57,2.37,2.61,2.39,0.29,-0.18,2.14,0.87,1.44,31.2,4.9,6.4,1.7,0.9,1.7,2.3,0.536,20.3,0.883,8.8,10.88,7.78,4.61,0.143,19.0,1444.0,80,3
5,3032977,Giannis Antetokounmpo,MIA,PF/C,ONTEAM,3,ACTIVE,99.86,-0.01,5.7,5,0,67.0,1.0,33.6,9.54,9.54,,4.88,,-5.39,-0.4,1.9,1.87,3.11,2.42,2.56,0.13,-1.37,0.09,0.82,3.8,32.1,11.4,6.3,1.1,0.8,0.5,3.7,0.624,19.3,0.65,11.5,12.04,7.48,1.51,0.614,15.64,1047.9,80,3
6,4594268,Anthony Edwards,MIN,SG/SF,ONTEAM,7,ACTIVE,99.9,-0.01,7.2,8,0,72.0,1.0,35.8,7.95,7.95,,6.9,,-0.13,1.54,-0.88,-0.46,1.99,1.55,2.19,0.13,1.7,0.78,-0.27,-0.2,30.3,5.2,4.0,1.3,0.8,3.6,3.0,0.48,21.4,0.804,7.6,10.28,6.11,9.19,0.042,14.05,1011.6,80,3
7,6450,Kawhi Leonard,TOR,SF/PF,ONTEAM,4,DAY_TO_DAY,97.63,0.08,31.1,33,0,63.0,1.0,32.8,6.69,6.69,,9.14,,1.0,1.12,-0.6,-0.08,1.29,0.46,1.09,-0.23,0.41,2.14,-0.5,0.6,25.1,6.2,3.5,1.7,0.6,2.3,1.9,0.51,18.0,0.879,5.0,9.18,4.4,5.79,0.1,12.79,805.8,80,3
8,6583,Anthony Davis,WAS,PF/C,ONTEAM,3,ACTIVE,98.6,0.05,31.3,29,0,61.0,1.0,32.2,6.61,6.61,,2.12,,-0.26,-0.95,2.03,1.87,0.92,0.8,0.57,2.46,-1.42,0.06,-0.65,1.18,22.6,11.4,3.2,1.1,2.1,0.4,2.0,0.538,16.0,0.796,6.2,8.61,4.93,1.61,0.643,12.71,775.3,80,3
9,4432166,Cade Cunningham,DET,PG,ONTEAM,1,ACTIVE,99.85,-0.01,8.0,7,0,69.0,1.0,34.8,6.57,6.57,,6.32,,0.13,-0.89,1.68,-0.31,1.11,0.73,1.0,0.12,0.1,1.13,2.48,-0.71,24.6,5.6,9.8,1.4,0.8,2.0,3.8,0.461,19.3,0.818,5.9,8.9,4.83,5.8,0.57,12.67,874.2,80,3
10,4701230,Jalen Johnson,ATL,PF,ONTEAM,7,DAY_TO_DAY,98.91,0.01,8.8,6,0,72.0,1.0,36.7,6.55,6.55,,5.81,,-0.39,-0.59,2.28,1.57,0.9,0.31,0.65,-0.42,-0.21,0.78,1.59,0.08,23.0,10.6,7.9,1.3,0.5,1.7,3.4,0.49,17.5,0.785,5.3,8.57,4.17,4.81,0.693,12.65,910.8,80,3
11,3136195,Karl-Anthony Towns,NYK,C,ONTEAM,1,ACTIVE,99.85,-0.01,21.1,24,0,70.0,1.0,32.7,6.43,6.43,,3.95,,0.65,0.82,2.24,1.8,0.38,0.59,0.43,-0.24,-0.07,-0.62,-0.08,0.52,21.9,11.2,4.4,0.9,0.6,1.8,2.6,0.51,15.2,0.852,5.4,7.76,4.6,4.6,0.685,12.53,877.1,80,3
12,3059318,Joel Embiid,PHL,C,ONTEAM,6,ACTIVE,92.54,-0.05,66.0,72,0,54.0,1.0,31.6,5.98,5.98,,4.24,,1.36,-0.9,0.4,0.67,1.21,2.71,1.58,0.85,-0.51,-1.3,-0.17,0.08,27.4,8.2,4.2,0.7,1.2,1.4,3.0,0.49,18.5,0.861,9.2,9.06,7.93,4.09,0.307,12.08,652.3,80,4
13,3975,Stephen Curry,GSW,PG,ONTEAM,2,DAY_TO_DAY,99.52,-0.01,29.3,37,0,66.0,1.0,32.0,5.81,5.81,,6.25,,1.53,2.23,-0.77,-0.83,0.85,0.37,1.24,-0.61,2.6,-0.27,0.35,-0.88,25.8,4.2,5.3,1.0,0.4,4.6,2.8,0.454,18.7,0.924,4.6,8.48,4.26,11.39,0.065,11.91,786.1,80,3
14,3908809,Donovan Mitchell,CLE,PG/SG,ONTEAM,4,ACTIVE,99.86,0,11.3,10,0,71.0,1.0,33.9,5.21,5.21,,5.86,,0.74,-0.23,-0.66,-0.6,1.34,0.82,1.45,-0.79,1.39,1.82,0.54,-0.62,26.8,4.8,5.7,1.6,0.3,3.3,2.6,0.465,19.9,0.854,5.8,9.25,4.96,9.1,0.087,11.31,803.0,80,2
15,3202,Kevin Durant,HOU,SF/PF,ONTEAM,2,DAY_TO_DAY,99.83,0,19.6,23,0,72.0,1.0,34.6,5.14,5.14,,6.03,,0.77,1.7,-0.66,-0.3,1.17,0.67,1.07,0.48,0.36,-0.94,-0.08,0.91,25.0,5.6,4.4,0.8,1.0,2.3,3.0,0.523,17.2,0.859,5.5,9.0,4.72,5.4,0.086,11.24,809.3,80,3
16,4277905,Trae Young,WAS,PG,ONTEAM,5,ACTIVE,97.87,0.06,22.4,16,0,71.0,1.0,34.5,5.09,5.09,,,,1.14,-0.8,1.81,-1.35,0.13,1.62,0.83,-0.96,0.98,0.41,2.96,-1.67,23.8,2.8,10.8,1.2,0.2,2.9,4.3,0.42,17.5,0.865,7.2,7.35,6.22,8.2,0.596,11.19,794.5,80,3
17,4065648,Jayson Tatum,BOS,SF/PF,ONTEAM,5,DAY_TO_DAY,99.8,-0.01,9.2,9,0,70.0,1.0,36.2,5.0,5.0,,,,0.13,-1.34,1.06,0.82,1.26,0.89,1.43,-0.42,1.44,0.07,0.59,-0.94,26.7,8.6,5.8,1.1,0.5,3.4,2.8,0.454,20.1,0.818,6.2,9.13,5.07,9.7,0.442,11.1,777.0,80,2
18,6442,Kyrie Irving,DAL,PG,ONTEAM,3,ACTIVE,87.53,0.29,58.9,55,0,59.0,1.0,34.6,4.83,4.83,,,,1.11,1.65,-0.83,-0.6,1.26,-0.14,0.99,-0.4,0.93,0.78,0.11,-0.02,24.6,4.8,4.8,1.3,0.5,2.8,2.0,0.486,18.8,0.911,3.8,9.14,3.46,7.0,0.051,10.93,644.9,80,3
19,3936299,Jamal Murray,DEN,PG,ONTEAM,8,ACTIVE,98.87,0.01,32.5,28,0,69.0,1.0,35.0,4.73,4.73,,7.55,,0.88,2.1,-0.1,-0.87,0.72,0.02,0.67,-0.41,0.85,0.08,0.96,-0.19,23.1,4.1,6.6,1.1,0.5,2.8,2.2,0.479,17.3,0.883,4.2,8.29,3.71,6.59,0.202,10.83,747.3,80,2
20,4066457,Austin Reaves,LAL,PG/SG,ONTEAM,2,ACTIVE,96.25,0.14,39.4,31,0,67.0,1.0,36.6,4.37,4.37,,2.6,,1.31,-0.26,-0.5,-0.57,0.6,1.76,1.15,-0.59,0.82,0.09,0.63,-0.05,25.4,4.9,5.9,1.1,0.4,2.7,3.0,0.484,16.7,0.871,7.4,8.09,6.45,7.51,0.119,10.47,701.5,80,3
21,3155942,Domantas Sabonis,SAC,PF/C,ONTEAM,3,DAY_TO_DAY,98.14,0,17.1,12,0,69.0,1.0,34.8,4.31,4.31,,,,-1.14,0.03,2.68,2.69,0.22,-0.22,-0.2,-0.41,-1.27,-0.98,1.06,1.83,18.9,13.6,6.8,0.8,0.5,0.6,3.1,0.587,12.8,0.726,4.6,7.51,3.33,1.59,0.775,10.41,718.3,80,3
22,4396993,Tyrese Haliburton,IND,PG/SG,ONTEAM,7,ACTIVE,94.9,0.31,19.0,21,0,64.0,1.0,33.1,4.17,4.17,,,,0.39,0.49,1.34,-1.01,-0.23,-0.66,-0.15,-0.05,1.0,0.75,2.54,-0.23,19.2,3.7,9.9,1.3,0.7,2.9,1.9,0.475,14.3,0.854,3.1,6.8,2.64,7.7,0.501,10.27,657.3,80,3
23,4431678,Tyrese Maxey,PHL,PG/SG,ONTEAM,7,ACTIVE,99.81,0,13.1,13,0,71.0,1.0,34.2,3.87,3.87,,8.63,,1.15,-0.41,-0.63,-1.09,0.99,0.59,1.04,-0.23,0.9,1.82,0.59,-0.85,24.8,3.5,5.8,1.6,0.6,2.8,2.1,0.456,19.1,0.886,5.2,8.7,4.61,7.8,0.094,9.97,707.9,80,4
24,4433621,Jalen Duren,DET,C,ONTEAM,1,DAY_TO_DAY,93.92,0.18,33.3,27,0,72.0,1.0,31.0,3.51,3.51,,1.73,,-1.29,-0.0,1.89,1.98,0.41,0.63,0.08,0.48,-1.85,-0.61,-1.07,2.87,20.2,11.7,2.3,0.9,1.0,0.0,2.0,0.655,11.9,0.74,6.3,7.79,4.67,0.0,0.614,9.61,691.9,80,3
25,3934672,Jalen Brunson,NYK,PG,ONTEAM,4,ACTIVE,99.82,0.01,13.2,15,0,72.0,1.0,35.3,3.46,3.46,,1.46,,0.49,0.62,-0.22,-1.16,1.5,1.02,1.48,-1.14,0.7,-0.61,1.11,-0.31,26.9,3.3,6.9,0.9,0.1,2.6,2.4,0.476,20.0,0.837,6.3,9.51,5.28,6.81,0.178,9.56,688.3,80,3
26,4432816,LaMelo Ball,MIN,PG,ONTEAM,3,ACTIVE,99.47,0.01,24.4,14,0,68.0,1.0,32.9,3.41,3.41,,-0.77,,0.7,-0.4,0.21,-0.3,0.75,-0.53,0.84,-0.79,2.41,1.1,1.77,-2.35,23.9,5.6,8.3,1.4,0.3,4.4,3.3,0.407,20.5,0.885,3.2,8.34,2.84,12.0,0.268,9.51,646.7,80,3
27,3992,James Harden,CLE,PG/SG,ONTEAM,2,DAY_TO_DAY,99.47,-0.01,28.7,25,0,73.0,1.0,33.6,3.4,3.4,,5.23,,1.3,0.0,0.44,-0.53,-0.69,1.24,0.15,-0.23,0.89,0.43,1.68,-1.28,20.6,5.0,8.1,1.2,0.6,2.8,3.4,0.424,14.3,0.88,6.4,6.07,5.63,7.6,0.315,9.5,693.5,80,2
28,4871145,Josh Giddey,CHI,PG/SG,ONTEAM,3,ACTIVE,97.52,0.06,23.2,18,0,68.0,1.0,35.5,3.37,3.37,,0.53,,-0.57,-0.1,1.87,1.05,-0.38,-0.2,-0.29,-0.23,0.12,0.44,2.39,-0.71,18.5,9.2,9.6,1.2,0.6,2.0,3.8,0.452,14.5,0.766,4.4,6.56,3.37,5.5,0.608,9.47,644.0,80,3
29,4065733,Ty Jerome,MEM,PG/SG,FREEAGENT,0,ACTIVE,64.93,1.09,92.6,59,0,64.0,1.0,26.7,2.78,2.78,,,,0.68,2.38,-0.68,-1.17,0.04,-0.28,0.13,-0.95,0.89,1.13,0.59,0.03,20.5,3.3,5.8,1.4,0.2,2.8,2.0,0.488,14.8,0.873,3.7,7.22,3.23,6.59,0.084,8.88,568.3,80,3
30,5041939,Cooper Flagg,DAL,SF/PF,ONTEAM,2,ACTIVE,99.8,0,16.9,11,0,72.0,1.0,35.5,2.77,2.77,,-1.05,,0.49,-1.65,-0.09,0.22,1.48,0.91,1.13,0.48,-0.7,0.78,0.12,-0.42,25.3,7.0,4.8,1.3,1.0,1.2,2.4,0.472,20.1,0.838,6.1,9.49,5.11,3.9,0.205,8.87,638.6,80,3
31,3136193,Devin Booker,PHO,PG/SG,ONTEAM,6,ACTIVE,99.76,0.01,21.3,20,0,72.0,1.0,35.8,2.74,2.74,,0.9,,1.55,-1.22,-0.42,-0.83,1.14,1.71,1.38,-0.77,0.3,-0.61,1.01,-0.5,26.5,4.2,6.7,0.9,0.3,2.2,2.9,0.468,19.1,0.884,7.2,8.94,6.36,6.5,0.136,8.84,636.5,80,2
32,4396907,Darius Garland,LAC,PG,ONTEAM,5,ACTIVE,89.1,0.33,49.8,38,0,69.0,1.0,35.2,2.03,2.03,,-1.75,,0.5,0.98,-0.11,-1.28,0.44,-0.42,0.37,-0.95,1.01,0.78,1.35,-0.62,21.6,3.0,7.4,1.3,0.2,2.9,3.1,0.461,17.0,0.859,3.5,7.84,3.01,7.51,0.2,8.13,561.0,80,3
33,4251,Paul George,BOS,SF/PF,ONTEAM,6,DAY_TO_DAY,77.35,-0.2,105.8,109,0,55.0,1.0,33.2,1.58,1.58,,-1.25,,0.5,1.23,-0.81,-0.38,-0.09,-0.52,-0.01,-0.4,1.01,2.18,-0.36,-0.76,19.8,5.4,3.8,1.7,0.5,2.9,2.1,0.453,15.5,0.863,3.3,7.02,2.85,7.4,0.056,7.68,422.4,80,2
34,4066336,Lauri Markkanen,UTA,SF/PF,ONTEAM,1,DAY_TO_DAY,87.99,0.2,56.5,51,0,69.0,1.0,34.0,1.46,1.46,,3.26,,1.24,-0.15,-0.25,0.3,0.56,0.67,0.83,-0.41,1.12,-0.62,-1.26,-0.56,23.8,7.2,1.9,0.9,0.5,3.0,1.5,0.464,17.3,0.891,5.3,8.03,4.72,8.3,0.172,7.56,521.6,80,3
35,4278104,Michael Porter Jr.,BKN,SF/PF,FREEAGENT,0,DAY_TO_DAY,92.5,0.06,53.3,48,0,69.0,1.0,33.5,1.24,1.24,,1.53,,0.48,-0.03,0.02,0.3,0.79,-0.17,0.76,-0.77,1.39,-0.27,-0.79,-0.46,23.5,7.2,2.9,1.0,0.3,3.3,2.2,0.469,17.9,0.852,4.0,8.39,3.41,9.0,0.228,7.34,506.5,80,3
36,6606,Damian Lillard,POR,PG,FREEAGENT,0,ACTIVE,86.19,0.21,70.5,61,0,65.0,1.0,31.4,1.2,1.2,,,,1.92,-0.02,-0.49,-0.9,-0.33,1.18,0.37,-0.96,0.96,-0.27,0.78,-1.03,21.7,4.0,6.2,1.0,0.2,2.9,2.4,0.439,15.1,0.92,6.0,6.63,5.52,7.8,0.123,7.3,474.5,80,2
37,1966,LeBron James,PHL,SF/PF,ONTEAM,8,ACTIVE,99.33,0,37.2,42,0,64.0,1.0,30.7,1.13,1.13,,-0.08,,-0.77,-0.01,0.33,-0.04,0.5,-0.08,0.25,-0.42,-0.27,-0.27,1.16,0.77,21.0,6.3,7.0,1.0,0.5,1.6,3.0,0.522,15.2,0.754,4.7,7.94,3.55,4.41,0.291,7.23,462.7,80,4
38,2595516,Norman Powell,CHI,SG/SF,ONTEAM,4,ACTIVE,79.93,0.2,82.7,65,0,69.0,1.0,33.8,0.92,0.92,,-1.71,,0.25,0.98,-1.03,-0.98,0.59,0.7,0.87,-0.77,1.15,0.43,-0.93,-0.34,24.0,3.8,2.6,1.2,0.3,3.1,2.1,0.473,17.1,0.825,5.8,8.09,4.78,7.9,0.01,7.02,484.4,80,3
39,4433134,Scottie Barnes,TOR,SG/SF,ONTEAM,1,ACTIVE,99.51,0.01,16.2,17,0,72.0,1.0,33.8,0.86,0.86,,1.72,,-0.21,-1.58,0.65,0.48,0.07,-0.27,-0.22,1.03,-0.83,1.12,0.68,-0.05,18.8,7.7,6.0,1.4,1.3,1.0,2.7,0.484,15.0,0.793,4.1,7.26,3.25,3.5,0.358,6.96,501.1,80,3
40,4871144,Alperen Sengun,HOU,C,ONTEAM,5,ACTIVE,98.58,0.02,24.2,22,0,72.0,1.0,32.7,0.85,0.85,,1.4,,-1.87,-0.83,1.27,1.12,0.49,0.04,0.03,0.48,-1.41,0.4,0.54,0.6,20.0,9.4,5.7,1.2,1.0,0.5,2.9,0.514,15.4,0.691,5.4,7.92,3.74,1.6,0.485,6.95,500.4,80,3
41,6430,Jimmy Butler III,GSW,SG/SF,FREEAGENT,0,OUT,50.79,-1.07,137.1,207,0,39.0,1.0,32.4,0.82,0.82,,1.58,,0.95,0.04,-0.67,-0.37,-0.65,1.69,-0.1,-0.76,-1.05,1.14,0.26,0.34,19.4,5.4,5.1,1.4,0.3,0.8,1.5,0.506,12.1,0.855,7.4,6.13,6.33,2.21,0.085,6.92,269.9,80,3
42,4433287,Brandon Miller,CHA,SG/SF,ONTEAM,6,DAY_TO_DAY,82.31,0.23,70.8,60,0,68.0,1.0,34.0,0.67,0.67,,-1.23,,0.8,0.63,-0.83,-0.38,0.38,-0.25,0.5,-0.05,1.57,0.08,-0.41,-1.38,22.3,5.4,3.7,1.1,0.7,3.5,2.8,0.433,17.9,0.885,3.7,7.75,3.28,9.21,0.052,6.77,460.4,80,3
43,4683021,Deni Avdija,POR,SF/PF,ONTEAM,7,ACTIVE,94.35,0.21,34.7,30,0,72.0,1.0,33.7,0.62,0.62,,0.99,,-0.34,-1.53,0.4,0.29,0.05,1.92,0.66,-0.24,-0.03,-0.94,0.83,-0.44,23.0,7.2,6.3,0.8,0.6,1.9,3.6,0.467,15.5,0.797,8.4,7.24,6.69,5.69,0.305,6.72,483.8,80,2
44,4432158,Evan Mobley,CLE,PF/C,ONTEAM,1,ACTIVE,98.7,0.01,36.4,35,0,66.0,1.0,33.3,0.59,0.59,,-2.82,,-1.84,-0.62,1.11,1.27,0.2,-0.42,-0.2,1.73,-0.9,-0.64,-0.45,1.36,18.9,9.8,3.6,0.9,1.7,1.0,2.0,0.558,13.4,0.67,4.5,7.47,3.02,2.89,0.452,6.69,441.5,80,2
45,4066320,Desmond Bane,ORL,SG/SF,ONTEAM,7,ACTIVE,94.53,0.09,49.8,39,0,72.0,1.0,33.7,0.49,0.49,,-0.6,,0.97,0.78,-0.93,-0.6,0.18,-0.17,0.17,-0.42,0.47,0.06,0.12,-0.14,20.7,4.8,4.8,1.1,0.5,2.4,2.3,0.48,15.5,0.898,3.8,7.44,3.42,6.1,0.031,6.59,474.5,80,3
46,4593803,Jalen Williams,OKC,SF/PF,ONTEAM,8,ACTIVE,98.18,0.05,37.5,34,0,70.0,1.0,32.8,0.39,0.39,,-4.83,,0.0,0.19,-0.82,-0.57,0.51,-0.28,0.16,-0.24,-0.42,1.11,0.35,0.38,20.6,4.9,5.3,1.4,0.6,1.5,2.0,0.504,15.8,0.811,4.0,7.96,3.24,3.9,0.054,6.49,454.3,80,3
47,5061575,Kon Knueppel,CHA,SG/SF,ONTEAM,5,DAY_TO_DAY,91.92,0.27,42.8,40,0,78.0,1.0,34.2,0.24,0.24,,-0.99,,0.57,2.44,-0.67,-0.23,-0.24,-0.67,-0.03,-0.79,1.63,-0.98,-0.41,-0.39,19.8,5.8,3.7,0.8,0.3,3.6,2.2,0.468,14.5,0.876,3.0,6.78,2.63,8.6,0.085,6.34,494.5,80,3
48,4433627,Keyonte George,UTA,PG/SG,FREEAGENT,0,ACTIVE,80.37,0.28,75.6,63,0,68.0,1.0,33.2,0.22,0.22,,2.33,,1.3,-0.26,-0.63,-1.01,-0.07,1.24,0.5,-0.95,0.63,-0.27,0.73,-0.99,22.3,3.7,6.1,1.0,0.2,2.5,3.1,0.443,15.9,0.88,6.4,7.04,5.63,7.0,0.093,6.32,429.8,80,3
49,4395725,Tyler Herro,MIL,PG/SG,ONTEAM,3,ACTIVE,85.65,0.18,66.5,56,0,67.0,1.0,34.0,-0.05,-0.05,,-2.1,,1.0,0.33,-0.94,-0.49,0.63,-0.21,0.56,-0.78,0.98,-0.94,0.07,-0.25,22.5,5.1,4.7,0.8,0.3,2.9,2.2,0.476,17.1,0.903,3.7,8.15,3.34,7.7,0.03,6.05,405.3,80,3
50,3149673,Pascal Siakam,IND,PF,ONTEAM,1,ACTIVE,98.92,0,30.5,26,0,74.0,1.0,34.8,-0.07,-0.07,,-1.35,,-1.32,0.01,-0.12,0.33,1.04,-0.0,0.61,-0.42,-0.33,-0.27,-0.27,0.67,22.8,7.3,4.0,1.0,0.5,1.6,1.8,0.514,17.1,0.721,5.1,8.78,3.68,4.2,0.2,6.03,446.2,80,3
51,4277961,Jaren Jackson Jr.,UTA,PF/C,ONTEAM,4,ACTIVE,82.09,-0.04,87.3,84,0,62.0,1.0,31.4,-0.18,-0.18,,-2.08,,-0.21,-0.58,-0.75,-0.27,0.44,0.4,0.42,1.55,0.01,0.4,-1.17,-0.41,21.9,5.7,2.1,1.2,1.6,1.9,2.3,0.47,16.7,0.797,5.4,7.84,4.31,5.4,0.069,5.92,367.0,80,3
52,4395628,Zion Williamson,NOP,PF/C,ONTEAM,2,ACTIVE,91.75,-0.08,66.7,57,0,64.0,1.0,30.9,-0.41,-0.41,,-2.35,,-2.46,-0.08,-0.56,-0.12,1.0,1.04,0.62,-0.05,-1.79,0.05,-0.13,2.06,22.8,6.1,4.3,1.1,0.7,0.1,2.5,0.582,15.0,0.699,7.6,8.73,5.31,0.2,0.108,5.69,364.2,80,3
53,4066261,Bam Adebayo,MIA,PF/C,ONTEAM,5,ACTIVE,99.21,0.02,28.6,32,0,73.0,1.0,32.4,-0.61,-0.61,,-0.9,,-0.55,-1.78,1.32,1.35,-0.13,0.53,0.06,-0.06,-0.14,0.43,-0.64,-1.0,20.2,10.0,3.2,1.2,0.7,1.8,1.6,0.442,15.7,0.778,5.8,6.95,4.51,5.51,0.497,5.49,400.8,80,3
54,3913176,Brandon Ingram,LAC,SF/PF,ONTEAM,2,OUT,81.28,-0.33,82.3,110,0,55.0,1.0,35.3,-0.61,-0.61,,-1.78,,0.05,0.04,-0.77,-0.26,0.83,0.15,0.56,-0.04,-0.15,-0.97,0.11,-0.16,22.6,5.7,4.8,0.8,0.7,1.7,2.8,0.48,17.6,0.814,4.8,8.46,3.91,4.71,0.064,5.49,301.9,80,3
55,4397688,Trey Murphy III,NOP,SG/SF,ONTEAM,5,ACTIVE,84.94,0.12,74.7,64,0,68.0,1.0,32.5,-0.62,-0.62,,1.97,,0.72,0.43,-0.83,-0.45,-0.24,-0.43,-0.07,-0.6,1.06,0.74,-0.55,-0.4,19.5,5.2,3.4,1.3,0.4,3.0,1.6,0.468,14.5,0.883,3.4,6.78,3.0,7.9,0.053,5.48,372.6,80,3
56,3917376,Jaylen Brown,PHL,SG/SF,ONTEAM,3,ACTIVE,99.65,0,32.2,41,0,71.0,1.0,32.4,-0.73,-0.73,,3.46,,-0.72,-0.93,-0.36,-0.19,1.09,0.39,0.85,-0.61,-0.01,0.07,-0.13,-0.19,23.9,5.9,4.3,1.1,0.4,1.9,2.8,0.479,18.5,0.766,5.6,8.87,4.3,5.51,0.15,5.37,381.3,80,4
57,4684740,Amen Thompson,HOU,SG/SF,ONTEAM,8,ACTIVE,99.59,0,20.4,19,0,78.0,1.0,36.5,-0.76,-0.76,,-0.57,,-0.53,-1.31,0.24,0.49,-0.2,0.02,-0.46,-0.05,-1.55,1.45,0.26,0.89,17.7,7.7,5.1,1.5,0.7,0.3,2.3,0.535,12.8,0.773,4.8,6.85,3.71,1.4,0.273,5.34,416.5,80,3
58,4278039,Nickeil Alexander-Walker,ATL,PG/SG,ONTEAM,3,ACTIVE,83.5,0.58,55.8,47,0,79.0,1.0,32.3,-0.78,-0.78,,1.22,,0.87,1.39,-1.01,-1.13,-0.42,-0.34,-0.15,-0.41,1.1,0.43,-0.5,-0.6,19.2,3.4,3.5,1.2,0.5,3.0,1.9,0.457,14.2,0.895,3.5,6.49,3.14,7.59,0.014,5.32,420.3,80,3
59,4433255,Chet Holmgren,OKC,PF/C,ONTEAM,2,DAY_TO_DAY,92.6,-0.17,65.9,71,0,65.0,1.0,28.9,-0.91,-0.91,,-0.56,,-0.28,-0.02,0.57,0.75,-0.69,-0.44,-0.71,2.47,-0.48,-1.66,-1.22,0.8,16.5,8.4,2.0,0.6,2.1,1.4,1.6,0.536,11.3,0.786,3.8,6.06,2.98,3.8,0.34,5.19,337.4,80,3
60,4432573,Paolo Banchero,ORL,SF/PF,ONTEAM,8,ACTIVE,98.3,-0.03,42.0,46,0,69.0,1.0,35.2,-1.03,-1.03,,-1.33,,-1.37,-1.45,0.6,0.56,0.53,1.49,0.74,-0.25,-0.45,-0.98,0.3,-0.77,23.4,7.9,5.2,0.8,0.6,1.4,3.1,0.456,17.5,0.752,8.0,7.99,6.01,4.51,0.348,5.07,349.8,80,3
61,3102531,Kristaps Porzingis,GSW,PF/C,ONTEAM,6,DAY_TO_DAY,68.98,-0.21,113.9,99,0,59.0,1.0,27.7,-1.15,-1.15,,-6.26,,0.44,0.26,-0.66,0.04,-0.53,0.33,-0.22,1.55,0.1,-1.33,-1.12,-0.01,18.8,6.5,2.2,0.7,1.6,2.0,1.4,0.486,13.0,0.841,5.0,6.32,4.2,5.3,0.087,4.95,292.1,80,3
62,3907497,Dejounte Murray,NOP,PG/SG,ONTEAM,5,DAY_TO_DAY,73.89,0.7,69.0,52,0,68.0,1.0,32.4,-1.39,-1.39,,,,0.02,-1.05,-0.21,-0.38,0.15,-0.64,-0.07,-0.79,0.19,1.45,0.87,-0.93,19.5,5.4,6.4,1.5,0.3,2.1,2.8,0.447,16.5,0.812,3.3,7.38,2.68,6.1,0.181,4.71,320.3,80,3
63,5041935,Cameron Boozer,MEM,PF,FREEAGENT,0,ACTIVE,77.89,0.55,77.0,67,0,72.0,1.0,31.7,-1.5,-1.5,,,,-0.3,-0.0,0.33,0.56,0.03,0.07,-0.29,0.13,-1.53,0.06,-0.7,0.13,18.5,7.9,3.1,1.1,0.8,0.3,2.5,0.493,14.6,0.789,4.8,7.19,3.79,0.9,0.291,4.6,331.2,80,3
64,4066328,Jarrett Allen,CLE,C,ONTEAM,4,ACTIVE,88.1,0.01,66.4,54,0,71.0,1.0,30.3,-1.52,-1.52,,-3.41,,-1.05,-0.23,0.93,1.35,-0.5,-0.4,-0.86,0.48,-1.85,-0.62,-1.12,2.36,15.8,10.0,2.2,0.9,1.0,0.0,1.4,0.656,9.7,0.725,4.2,6.37,3.04,0.1,0.416,4.58,325.2,80,2
65,4279888,Ja Morant,POR,PG,ONTEAM,6,ACTIVE,89.04,-0.1,84.2,74,0,65.0,1.0,29.5,-1.82,-1.82,,-3.93,,0.59,-2.68,0.49,-0.94,0.21,0.94,0.36,-0.76,-0.42,0.1,1.35,-1.06,21.6,3.9,7.4,1.1,0.3,1.5,3.5,0.443,16.9,0.844,6.1,7.49,5.15,5.11,0.324,4.28,278.2,80,2
66,3064440,Zach LaVine,SAC,SG/SF,ONTEAM,4,ACTIVE,63.49,-0.19,125.7,130,0,61.0,1.0,32.8,-1.93,-1.93,,-4.31,,0.37,1.76,-1.07,-0.98,0.1,-0.35,0.13,-0.96,0.84,-1.29,-0.55,0.08,20.5,3.8,3.4,0.7,0.2,2.8,2.3,0.491,14.9,0.845,3.7,7.31,3.13,6.71,0.002,4.17,254.4,80,3
67,3934719,OG Anunoby,NYK,SF/PF,ONTEAM,7,ACTIVE,85.78,-0.08,85.5,93,0,68.0,1.0,33.8,-1.95,-1.95,,-1.64,,0.15,0.53,-0.8,-0.45,-0.78,-0.61,-0.62,-0.05,0.43,1.45,-1.12,-0.08,16.9,5.2,2.2,1.5,0.7,2.3,1.8,0.482,12.3,0.826,3.3,5.93,2.72,6.1,0.058,4.15,282.2,80,3
68,5095151,Caleb Wilson,CHI,SF,FREEAGENT,0,ACTIVE,76.18,0.63,76.5,66,0,71.0,1.0,32.1,-1.99,-1.99,,,,-0.57,-0.73,0.42,0.63,-0.29,0.06,-0.41,1.19,-1.14,0.07,-1.26,0.05,17.9,8.1,1.9,1.1,1.4,0.7,2.1,0.489,13.7,0.77,4.9,6.7,3.77,2.3,0.31,4.11,291.8,80,3
69,3064514,Julius Randle,BKN,PF,ONTEAM,2,ACTIVE,87.84,0.23,60.1,50,0,72.0,1.0,34.3,-2.03,-2.03,,-1.73,,-0.32,-1.53,0.22,0.63,0.42,0.74,0.45,-0.97,-0.32,-1.33,0.21,-0.23,22.0,8.1,5.0,0.7,0.2,1.6,3.1,0.477,16.4,0.793,6.1,7.82,4.83,4.9,0.269,4.07,293.0,80,3
70,4566434,Franz Wagner,ORL,SF/PF,ONTEAM,5,ACTIVE,88.68,-0.04,70.8,58,0,66.0,1.0,34.0,-2.07,-2.07,,-3.46,,0.59,-2.27,-0.88,-0.27,0.69,0.52,0.56,-0.61,-0.33,0.41,-0.17,-0.32,22.5,5.7,4.2,1.2,0.4,1.6,2.1,0.474,17.4,0.849,5.3,8.24,4.5,5.2,0.042,4.03,266.0,80,3
71,4066259,De'Aaron Fox,SAS,PG/SG,ONTEAM,5,DAY_TO_DAY,95.18,-0.07,53.8,43,0,71.0,1.0,31.3,-2.27,-2.27,,-3.99,,-0.47,-1.05,-0.63,-0.9,0.34,-0.28,0.16,-0.79,0.11,1.09,0.5,-0.34,20.6,4.0,5.6,1.4,0.3,2.0,2.3,0.472,16.3,0.772,4.2,7.69,3.24,5.9,0.093,3.83,271.9,80,3
72,4017837,Ivica Zubac,IND,C,ONTEAM,6,ACTIVE,83.43,-0.2,94.3,73,0,69.0,1.0,31.1,-2.53,-2.53,,-4.53,,-0.98,-0.0,1.47,1.84,-0.47,-1.06,-1.06,0.66,-1.85,-1.98,-1.12,2.01,14.9,11.3,2.2,0.5,1.1,0.0,1.6,0.623,10.3,0.695,2.9,6.42,2.01,0.0,0.526,3.57,246.3,80,3
73,4600663,Zach Edey,MEM,C,FREEAGENT,0,ACTIVE,57.02,0.37,123.4,118,0,62.0,1.0,26.4,-2.81,-2.81,,,,-0.44,-0.29,1.17,1.65,-1.22,-1.05,-1.5,1.93,-1.65,-1.33,-1.6,1.52,12.7,10.8,1.2,0.7,1.8,0.2,2.1,0.61,8.6,0.754,2.7,5.24,2.03,0.69,0.465,3.29,204.0,80,3
74,5142718,AJ Dybantsa,WAS,SF,FREEAGENT,0,ACTIVE,84.2,0.23,75.9,81,0,72.0,1.0,32.2,-2.93,-2.93,,,,-0.02,0.09,-0.94,-0.56,0.1,0.7,0.05,0.13,-1.19,-0.27,-0.83,-0.19,20.1,4.9,2.8,1.0,0.8,0.7,1.9,0.478,15.3,0.809,5.9,7.32,4.78,1.81,0.029,3.17,228.2,80,3
75,4433136,Walker Kessler,LAL,C,FREEAGENT,0,DAY_TO_DAY,82.17,0.02,79.9,69,0,64.0,1.0,31.4,-2.97,-2.97,,,,-2.19,-0.6,1.3,2.25,-1.39,-1.43,-1.76,3.35,-1.73,-1.3,-1.36,1.89,11.5,12.4,1.7,0.7,2.6,0.1,1.6,0.663,7.5,0.532,2.7,4.97,1.44,0.59,0.492,3.13,200.3,80,3
76,4845367,Stephon Castle,SAS,PG/SG,ONTEAM,4,ACTIVE,93.23,0.13,49.8,53,0,72.0,1.0,32.7,-3.03,-3.03,,-3.86,,-1.34,-1.23,0.3,-0.3,-0.6,0.46,-0.37,-0.77,-0.56,0.4,1.44,-0.45,18.1,5.6,7.6,1.2,0.3,1.3,3.4,0.463,13.4,0.734,6.0,6.21,4.4,4.1,0.285,3.07,221.0,80,3
77,4431680,Onyeka Okongwu,ATL,C,ONTEAM,3,ACTIVE,80.61,0.22,79.5,62,0,72.0,1.0,30.6,-3.08,-3.08,,-2.85,,-0.44,0.1,0.06,0.52,-1.03,-0.99,-1.04,0.48,-0.14,0.06,-0.74,0.06,15.0,7.8,3.0,1.1,1.0,1.8,1.6,0.49,11.3,0.757,2.8,5.54,2.12,4.69,0.237,3.02,217.4,80,3
78,4396971,Naz Reid,CHA,PF/C,FREEAGENT,0,ACTIVE,83.57,0.44,64.8,44,0,76.0,1.0,31.7,-3.09,-3.09,,-6.85,,-0.43,-0.12,-0.35,0.37,-0.56,-1.4,-0.69,0.84,0.65,0.09,-0.93,-0.56,16.6,7.4,2.6,1.1,1.2,2.6,1.9,0.458,13.7,0.737,2.0,6.28,1.47,7.0,0.152,3.01,228.8,80,3
79,5105623,Kel'el Ware,MIL,C,ONTEAM,6,ACTIVE,62.17,0.86,106.5,76,0,72.0,1.0,26.6,-3.11,-3.11,,-6.1,,-0.35,0.39,0.79,1.57,-1.19,-1.64,-1.45,1.03,-0.56,-0.61,-1.74,0.66,13.0,10.6,0.9,0.9,1.3,1.3,1.0,0.533,9.9,0.731,1.5,5.28,1.1,3.4,0.386,2.99,215.3,80,3
80,3908845,John Collins,DET,PF/C,ONTEAM,6,ACTIVE,66.86,0.05,115.8,102,0,68.0,1.0,30.6,-3.48,-3.48,,-6.7,,-0.11,0.46,-0.35,0.49,-0.54,-0.87,-0.74,0.3,-0.44,-0.99,-1.55,0.88,16.4,7.7,1.3,0.8,0.9,1.4,1.7,0.539,11.7,0.797,2.9,6.31,2.31,3.71,0.15,2.62,178.2,80,3
81,4395724,Immanuel Quickley,TOR,PG/SG,ONTEAM,6,ACTIVE,70.95,0.13,107.5,92,0,65.0,1.0,31.4,-3.52,-3.52,,-3.46,,0.26,0.4,-0.6,-0.9,-0.84,-0.58,-0.6,-1.12,0.7,0.1,0.59,-0.93,17.0,4.0,5.8,1.1,0.1,2.6,1.5,0.438,13.3,0.837,3.3,5.83,2.77,6.91,0.099,2.58,167.7,80,3
82,4395651,Coby White,CHA,PG/SG,FREEAGENT,0,DAY_TO_DAY,79.49,-0.25,100.3,83,0,72.0,1.0,33.5,-3.62,-3.62,,-7.44,,0.52,0.05,-0.96,-0.87,-0.24,-0.01,0.02,-0.97,0.86,-1.33,0.12,-0.82,20.0,4.1,4.8,0.7,0.2,2.8,2.5,0.449,15.1,0.852,4.3,6.78,3.67,7.5,0.026,2.48,178.6,80,3
83,5124612,VJ Edgecombe,PHL,SG,ONTEAM,5,ACTIVE,81.09,0.26,84.1,77,0,72.0,1.0,33.3,-3.65,-3.65,,-4.27,,0.1,0.26,-0.72,-0.38,-0.79,-1.13,-0.87,-0.42,0.1,1.12,-0.27,-0.65,15.7,5.4,4.0,1.4,0.5,2.0,1.7,0.452,13.1,0.825,2.3,5.92,1.9,5.31,0.074,2.45,176.4,80,4
84,4591725,Ryan Rollins,MIL,PG/SG,FREEAGENT,0,ACTIVE,65.84,0.28,110.0,97,0,69.0,1.0,28.0,-3.73,-3.73,,-0.61,,-0.06,1.18,-0.82,-0.9,-0.95,-1.43,-1.04,-0.59,0.24,0.78,0.11,-0.25,14.9,4.0,4.8,1.3,0.4,2.1,2.3,0.472,12.0,0.799,1.8,5.67,1.44,5.3,0.054,2.37,163.5,80,3
85,3059319,Andrew Wiggins,MIA,SF/PF,FREEAGENT,0,ACTIVE,71.83,-0.15,116.2,105,0,67.0,1.0,30.4,-3.77,-3.77,,-3.65,,-0.22,1.25,-0.96,-0.6,-0.87,-1.05,-0.89,0.48,0.14,0.09,-0.88,-0.28,15.7,4.8,2.7,1.1,1.0,2.0,1.5,0.471,12.3,0.782,2.6,5.79,2.03,5.0,0.026,2.33,156.1,80,3
86,4397140,Kevin Porter Jr.,MIL,PG/SG,FREEAGENT,0,ACTIVE,69.31,-0.13,115.0,100,0,66.0,1.0,26.8,-3.86,-3.86,,1.95,,0.5,-1.02,-0.27,-0.79,-1.29,-0.53,-1.22,-0.61,-0.89,2.14,0.54,-0.41,14.1,4.3,5.7,1.7,0.4,1.0,2.4,0.461,11.1,0.862,3.3,5.12,2.85,3.11,0.168,2.24,147.8,80,3
87,5160992,Alex Sarr,WAS,PF/C,FREEAGENT,0,DAY_TO_DAY,78.02,0.04,92.4,78,0,66.0,1.0,28.6,-4.16,-4.16,,-3.87,,-1.11,-0.97,0.12,0.45,-0.37,-0.98,-0.71,2.28,-0.67,-0.96,-0.83,-0.41,16.5,7.6,2.8,0.8,2.0,1.2,1.8,0.466,14.1,0.688,3.1,6.58,2.14,3.7,0.249,1.94,128.0,80,3
88,3062679,Josh Hart,NYK,SG/SF,ONTEAM,5,ACTIVE,83.47,-0.3,99.6,94,0,68.0,1.0,31.5,-4.19,-4.19,,-4.67,,-0.44,0.7,-0.04,0.49,-1.59,-1.4,-1.61,-0.79,-0.44,0.44,0.21,0.31,12.2,7.7,5.0,1.2,0.3,1.4,2.0,0.51,9.1,0.736,2.0,4.65,1.47,3.6,0.215,1.91,129.9,80,3
89,5041955,Darryn Peterson,UTA,PG/SG,FREEAGENT,0,ACTIVE,66.95,0.47,108.4,108,0,73.0,1.0,29.7,-4.19,-4.19,,,,0.19,-0.05,-1.07,-0.98,-0.07,0.48,-0.09,-0.78,-0.96,0.77,-0.84,-0.79,19.4,3.8,2.8,1.3,0.3,0.9,2.3,0.451,15.6,0.822,5.4,7.04,4.44,2.51,0.004,1.91,139.4,80,3
90,5142620,Darius Acuff Jr.,SAC,PG,FREEAGENT,0,ACTIVE,55.62,1.21,107.2,95,0,73.0,1.0,30.6,-4.38,-4.38,,,,0.44,0.08,-0.66,-1.17,-0.71,0.18,-0.63,-0.78,-1.01,0.06,0.64,-0.83,16.9,3.3,5.9,1.1,0.3,0.9,2.9,0.444,13.6,0.843,4.7,6.04,3.96,2.3,0.087,1.72,125.6,80,3
91,4277811,Collin Sexton,LAL,PG/SG,FREEAGENT,0,DAY_TO_DAY,27.96,0.49,132.9,123,0,70.0,1.0,25.8,-4.41,-4.41,,-5.45,,0.6,0.85,-1.03,-1.47,-0.7,-0.09,-0.54,-0.96,-0.21,-0.62,-0.22,-0.04,17.3,2.5,4.1,0.9,0.2,1.7,2.2,0.485,12.5,0.861,4.1,6.06,3.53,4.2,0.011,1.69,118.3,80,3
92,3032976,Rudy Gobert,MIN,C,ONTEAM,2,ACTIVE,83.12,0.11,79.8,70,0,72.0,1.0,32.5,-4.43,-4.43,,-6.05,,-2.58,-0.0,1.14,1.98,-1.56,-0.74,-1.67,1.73,-1.85,-1.33,-1.41,1.87,11.9,11.7,1.6,0.7,1.7,0.0,1.4,0.673,7.0,0.599,4.2,4.71,2.51,0.0,0.458,1.67,120.2,80,3
93,4397002,Ayo Dosunmu,MIN,PG/SG,FREEAGENT,0,ACTIVE,47.84,0.96,115.3,98,0,72.0,1.0,29.4,-4.5,-4.5,,-4.85,,0.35,1.53,-1.0,-1.05,-0.86,-1.18,-0.97,-0.77,-0.06,-0.61,-0.31,0.44,15.3,3.6,3.9,0.9,0.3,1.8,1.5,0.514,11.3,0.867,2.1,5.81,1.82,4.31,0.018,1.6,115.2,80,3
94,4701232,Mark Williams,PHO,C,ONTEAM,1,OUT,23.0,-1.13,140.1,314,0,24.0,1.0,24.9,-4.65,-4.65,,-5.96,,-0.29,-0.0,0.28,0.94,-1.24,-0.75,-1.46,0.48,-1.85,-0.99,-1.45,1.68,12.9,8.9,1.5,0.8,1.0,0.0,1.2,0.628,8.3,0.779,3.2,5.21,2.5,0.0,0.282,1.45,34.8,80,2
95,3078576,Derrick White,BOS,PG/SG,ONTEAM,4,DAY_TO_DAY,95.24,0.06,40.8,36,0,77.0,1.0,34.3,-4.81,-4.81,,-5.32,,0.64,-1.8,-0.91,-0.71,-0.93,-0.86,-0.7,0.83,0.94,0.09,0.35,-1.75,16.6,4.5,5.3,1.1,1.2,2.9,1.8,0.401,14.2,0.895,2.6,5.69,2.33,8.51,0.037,1.29,99.3,80,2
96,2490149,CJ McCollum,ATL,PG/SG,ONTEAM,4,ACTIVE,76.23,0.07,98.9,82,0,73.0,1.0,30.2,-4.95,-4.95,,-5.31,,-0.37,0.37,-1.07,-1.13,-0.07,-0.82,-0.16,-0.41,0.73,-0.98,-0.31,-0.72,19.1,3.4,3.9,0.8,0.5,2.6,1.8,0.454,15.5,0.77,3.1,7.04,2.38,7.0,0.003,1.15,83.9,80,3
97,4869780,Derik Queen,NOP,PF/C,ONTEAM,2,ACTIVE,57.06,0.87,102.9,86,0,76.0,1.0,26.4,-4.95,-4.95,,-7.01,,-0.12,-0.08,-0.2,0.37,-1.59,-0.51,-1.53,0.48,-1.47,0.09,-0.32,-0.09,12.6,7.4,3.9,1.1,1.0,0.4,2.5,0.48,9.7,0.799,3.6,4.66,2.88,1.1,0.183,1.15,87.4,80,3
98,4066383,Miles Bridges,PHO,SF/PF,ONTEAM,4,DAY_TO_DAY,81.03,-0.22,93.7,80,0,71.0,1.0,33.1,-5.04,-5.04,,-7.17,,0.27,-1.43,-0.43,0.11,-0.03,-0.53,-0.16,-0.41,0.2,-1.3,-0.55,-0.78,19.1,6.7,3.4,0.7,0.5,2.1,1.8,0.452,15.7,0.838,3.4,7.1,2.85,6.3,0.134,1.06,75.3,80,2
99,4711294,Matas Buzelis,CHI,SF/PF,ONTEAM,1,ACTIVE,71.33,0.5,90.2,79,0,74.0,1.0,30.5,-5.05,-5.05,,-5.69,,-0.18,-0.79,-0.73,-0.15,-0.76,-0.78,-0.67,1.55,0.4,-1.3,-1.17,-0.46,16.7,6.0,2.1,0.7,1.6,2.3,2.1,0.462,12.9,0.79,3.1,5.96,2.45,6.59,0.073,1.05,77.7,80,3
100,5105565,Donovan Clingan,POR,C,ONTEAM,2,ACTIVE,78.19,0.28,81.6,68,0,73.0,1.0,26.2,-5.07,-5.07,,-4.38,,-1.01,-0.55,1.13,1.76,-1.76,-1.27,-1.78,1.74,-0.89,-1.65,-1.22,0.43,11.4,11.1,2.0,0.6,1.7,1.0,1.2,0.522,8.4,0.672,2.5,4.38,1.69,2.9,0.456,1.03,75.2,80,2
101,5175643,Egor Demin,BKN,PG/SG,FREEAGENT,0,ACTIVE,34.92,0.87,133.9,107,0,71.0,1.0,32.3,-5.12,-5.12,,-10.43,,0.11,1.18,-1.0,-0.87,-1.41,-1.49,-1.17,-0.61,1.22,-0.27,-0.13,-0.68,14.3,4.1,4.3,1.0,0.4,3.1,2.1,0.444,11.1,0.833,1.6,4.93,1.34,8.0,0.017,0.98,69.6,80,3
102,4431671,Jaden McDaniels,MIN,SF/PF,ONTEAM,2,ACTIVE,77.9,0.03,99.5,96,0,74.0,1.0,31.7,-5.21,-5.21,,-4.13,,0.11,0.54,-1.06,-0.75,-1.06,-1.18,-1.2,0.48,-0.51,0.05,-0.98,0.33,14.2,4.4,2.5,1.1,1.0,1.4,1.7,0.508,10.8,0.828,2.2,5.49,1.82,3.5,0.006,0.89,65.9,80,3
103,4711272,Reed Sheppard,HOU,PG/SG,FREEAGENT,0,ACTIVE,72.01,-0.02,105.5,88,0,76.0,1.0,26.7,-5.25,-5.25,,-5.11,,-0.02,0.96,-1.02,-1.28,-1.4,-1.83,-1.35,-0.06,0.86,1.45,-0.55,-1.0,13.5,3.0,3.4,1.5,0.7,2.8,1.5,0.426,11.6,0.803,1.0,4.95,0.8,7.11,0.013,0.85,64.6,80,3
104,3147657,Mikal Bridges,NYK,SG/SF,ONTEAM,7,ACTIVE,91.71,0.18,51.9,45,0,82.0,1.0,33.6,-5.39,-5.39,,-5.15,,0.03,-0.05,-1.04,-1.02,-0.7,-1.61,-0.99,-0.07,0.05,0.4,-0.41,0.02,15.2,3.7,3.7,1.2,0.7,2.0,1.2,0.488,12.4,0.817,1.4,6.05,1.15,5.3,0.008,0.71,58.2,80,3
105,4869342,Dyson Daniels,ATL,PG/SG,ONTEAM,4,ACTIVE,90.08,0.06,60.3,49,0,75.0,1.0,32.4,-5.43,-5.43,,-5.25,,-0.9,-1.63,-0.23,0.04,-1.25,-1.71,-1.71,-0.6,-1.49,3.18,0.49,0.38,11.7,6.5,5.6,2.0,0.4,0.4,1.7,0.513,10.1,0.617,1.6,5.19,0.99,1.71,0.175,0.67,50.2,80,3
106,4431785,Scotty Pippen Jr.,MEM,PG/SG,FREEAGENT,0,ACTIVE,10.46,0.41,138.7,132,0,63.0,1.0,25.1,-5.45,-5.45,,,,-0.5,-0.16,-0.89,-1.13,-1.61,-1.11,-1.56,-0.4,-0.61,2.47,0.35,-0.29,12.4,3.4,5.3,1.8,0.5,1.3,2.5,0.466,9.9,0.744,2.6,4.62,1.94,3.51,0.039,0.65,41.0,80,3
107,2991070,Jerami Grant,MEM,PF,ONTEAM,6,ACTIVE,11.56,0.18,139.4,145,0,68.0,1.0,29.4,-5.52,-5.52,,-4.57,,0.09,0.64,-1.08,-1.13,-1.02,0.36,-0.48,-0.05,0.37,-1.29,-1.17,-0.77,17.6,3.4,2.1,0.7,0.7,2.3,1.9,0.444,12.5,0.816,5.2,5.54,4.25,5.9,0.001,0.58,39.4,80,3
108,4709138,Brandin Podziemski,GSW,PG/SG,ONTEAM,1,DAY_TO_DAY,53.26,1.14,95.0,75,0,79.0,1.0,30.9,-5.6,-5.6,,-6.87,,-0.17,0.11,-0.78,-0.31,-1.26,-0.88,-1.1,-0.95,0.11,0.43,-0.27,-0.54,14.7,5.6,4.0,1.2,0.2,2.0,1.7,0.454,11.4,0.79,2.9,5.18,2.29,5.41,0.063,0.5,39.5,80,3
109,2991230,Fred VanVleet,HOU,PG/SG,FREEAGENT,0,DAY_TO_DAY,50.29,1.37,108.5,89,0,68.0,1.0,32.2,-5.62,-5.62,,,,0.21,-0.26,-0.67,-1.13,-1.56,-1.06,-1.24,-0.42,0.63,0.74,0.68,-1.55,14.0,3.4,6.0,1.3,0.5,2.5,1.4,0.396,11.9,0.841,2.4,4.71,2.02,7.0,0.086,0.48,32.6,80,3
110,3468,Russell Westbrook,FA,PG,ONTEAM,8,ACTIVE,5.46,-0.08,138.9,409,0,,1.0,29.0,-5.71,,,-5.71,,-0.97,-1.18,0.13,-0.36,-0.99,-1.08,-0.99,-0.98,0.1,0.75,0.99,-1.13,15.2,5.4,6.7,1.3,0.2,2.0,3.3,0.427,13.1,0.694,2.9,5.59,1.98,5.92,0.25,0.39,23.4,,
111,3134908,Jakob Poeltl,TOR,C,ONTEAM,7,ACTIVE,59.26,-0.33,127.4,113,0,66.0,1.0,27.0,-5.8,-5.8,,-8.2,,-1.33,-0.0,-0.07,0.74,-1.17,-1.44,-1.65,0.67,-1.85,-0.64,-1.03,1.97,12.0,8.4,2.4,0.9,1.1,0.0,1.6,0.656,8.1,0.612,2.3,5.32,1.41,0.0,0.21,0.3,19.8,80,3
112,5037871,Dylan Harper,SAS,PG/SG,ONTEAM,3,ACTIVE,83.12,0.31,80.4,85,0,72.0,1.0,29.3,-5.86,-5.86,,-10.43,,-0.16,0.01,-0.98,-0.75,-0.69,-1.24,-1.01,-0.42,-0.66,-0.27,0.21,0.11,15.1,4.4,5.0,1.0,0.5,1.2,1.9,0.493,12.3,0.785,2.2,6.07,1.72,3.31,0.021,0.24,17.3,80,3
113,4066354,Payton Pritchard,BOS,PG/SG,ONTEAM,7,DAY_TO_DAY,76.25,-0.03,101.3,90,0,72.0,1.0,30.8,-6.03,-6.03,,-5.07,,0.36,0.48,-0.86,-0.98,-0.73,-1.44,-0.81,-1.14,0.71,-1.33,0.12,-0.4,16.0,3.8,4.8,0.7,0.1,2.6,1.3,0.465,12.9,0.887,1.6,6.0,1.42,6.9,0.045,0.07,5.0,80,2
114,3978,DeMar DeRozan,DEN,SF/PF,ONTEAM,5,ACTIVE,82.69,-0.25,98.3,87,0,77.0,1.0,28.9,-6.05,-6.05,,-4.12,,0.74,-0.61,-1.01,-1.28,-0.58,0.45,-0.48,-0.78,-1.16,-0.95,-0.36,-0.04,17.6,3.0,3.8,0.8,0.3,0.7,1.2,0.484,12.9,0.86,5.1,6.25,4.39,2.19,0.015,0.05,3.9,80,2
115,4437244,Jalen Green,PHO,SG/SF,ONTEAM,8,ACTIVE,77.41,-0.05,113.6,91,0,70.0,1.0,32.4,-6.05,-6.05,,-9.83,,-0.33,-2.18,-1.03,-0.68,0.47,-0.5,0.32,-0.78,0.84,0.07,-0.5,-1.74,21.4,4.6,3.5,1.1,0.3,2.8,2.6,0.422,18.7,0.78,3.7,7.89,2.89,8.4,0.01,0.05,3.5,80,2
116,4576087,Peyton Watson,CLE,SF/PF,FREEAGENT,0,ACTIVE,38.51,1.29,126.1,117,0,71.0,1.0,30.7,-6.05,-6.05,,-5.67,,-0.83,0.67,-0.92,-0.53,-1.26,-0.77,-1.19,1.01,-0.45,-0.62,-1.17,0.01,14.2,5.0,2.1,0.9,1.3,1.4,1.6,0.487,10.6,0.726,3.4,5.17,2.46,3.61,0.033,0.05,3.6,80,2
117,3064290,Aaron Gordon,DEN,PF,FREEAGENT,0,ACTIVE,46.51,-0.31,131.8,136,0,66.0,1.0,29.3,-6.12,-6.12,,-6.24,,-0.35,0.95,-0.68,-0.34,-1.08,-0.35,-0.91,-0.77,-0.37,-2.0,-0.69,0.49,15.5,5.5,3.1,0.5,0.3,1.5,1.3,0.52,10.5,0.78,4.0,5.46,3.12,3.7,0.084,-0.02,-1.3,80,2
118,4903027,Cedric Coward,MEM,SG/SF,FREEAGENT,0,ACTIVE,35.06,1.0,127.9,120,0,69.0,1.0,28.5,-6.12,-6.12,,-8.52,,0.47,-0.72,-0.49,0.04,-1.03,-0.69,-0.95,-0.41,-0.2,-1.33,-0.74,-0.09,15.4,6.5,3.0,0.7,0.5,1.7,1.9,0.481,11.5,0.865,3.0,5.54,2.59,4.9,0.123,-0.02,-1.4,80,3
119,5174563,Kyshawn George,WAS,SG/SF,FREEAGENT,0,ACTIVE,26.84,0.58,134.7,127,0,66.0,1.0,29.4,-6.18,-6.18,,-4.87,,-0.12,-0.06,-0.83,-0.49,-1.39,-1.08,-1.24,0.29,0.16,-0.27,-0.17,-0.97,14.0,5.1,4.2,1.0,0.9,2.1,2.4,0.428,11.6,0.794,2.5,4.97,1.99,5.61,0.051,-0.08,-5.3,80,3
120,4432165,Jalen Suggs,ORL,PG/SG,ONTEAM,8,DAY_TO_DAY,26.86,-0.41,137.3,151,0,62.0,1.0,26.3,-6.21,-6.21,,-4.16,,0.13,-0.65,-0.9,-1.13,-1.56,-1.18,-1.4,-0.07,0.1,1.45,-0.27,-0.73,13.2,3.4,4.0,1.5,0.7,2.0,2.3,0.439,10.7,0.831,2.2,4.69,1.82,5.69,0.038,-0.11,-6.8,80,3
121,6440,Tobias Harris,SAS,SF/PF,FREEAGENT,0,DAY_TO_DAY,60.05,-0.07,122.3,106,0,71.0,1.0,30.5,-6.24,-6.24,,-7.7,,0.41,-0.31,-0.81,-0.26,-1.06,-0.91,-1.13,-0.23,-0.6,-0.27,-0.93,-0.15,14.5,5.7,2.6,1.0,0.6,1.3,1.1,0.477,11.5,0.865,2.6,5.49,2.25,3.61,0.057,-0.14,-9.9,80,3
122,4433083,Cam Spencer,MEM,PG/SG,FREEAGENT,0,ACTIVE,1.43,0,140.2,363,0,,1.0,23.8,-6.28,,,-6.28,,0.7,2.28,-0.68,-1.45,-2.23,-1.23,-1.85,-1.04,0.13,-1.24,0.47,-0.15,11.1,2.5,5.6,0.7,0.2,2.0,1.3,0.473,7.7,0.94,1.9,3.65,1.75,4.51,0.083,-0.18,-10.8,80,3
123,4278585,Collin Gillespie,PHO,PG,ONTEAM,6,ACTIVE,33.29,0.85,127.9,115,0,73.0,1.0,26.8,-6.34,-6.34,,-5.55,,0.19,1.46,-0.96,-0.94,-1.91,-1.78,-1.67,-0.95,0.82,0.43,-0.08,-0.96,11.9,3.9,4.4,1.2,0.2,2.7,1.4,0.419,9.9,0.877,1.0,4.15,0.88,6.79,0.025,-0.24,-17.5,80,2
124,4395625,RJ Barrett,TOR,SG/SF,ONTEAM,5,ACTIVE,72.57,-0.08,112.9,104,0,66.0,1.0,30.8,-6.46,-6.46,,-6.71,,-1.79,-0.7,-0.91,-0.3,0.09,-0.15,-0.03,-0.77,-0.19,-1.32,-0.32,-0.07,19.7,5.6,3.9,0.7,0.3,1.7,2.1,0.483,15.1,0.688,5.0,7.3,3.44,4.89,0.036,-0.36,-23.8,80,3
125,6478,Nikola Vucevic,ORL,C,FREEAGENT,0,ACTIVE,74.66,-0.58,117.6,101,0,72.0,1.0,25.1,-6.53,-6.53,,-4.34,,0.01,-0.31,0.35,0.48,-0.92,-1.62,-1.29,-0.24,-0.67,-1.67,-0.89,0.23,13.8,7.7,2.7,0.6,0.6,1.2,1.2,0.501,11.4,0.812,1.4,5.71,1.14,3.4,0.296,-0.43,-31.0,80,3
126,4683747,Jaylon Tyson,CLE,SG/SF,FREEAGENT,0,ACTIVE,1.97,0.05,140.5,190,0,62.0,1.0,26.7,-6.54,-6.54,,-5.91,,-0.29,2.06,-0.75,-0.49,-1.44,-1.58,-1.46,-0.59,0.05,-0.94,-1.12,0.03,12.9,5.1,2.2,0.8,0.4,2.0,1.5,0.489,10.0,0.748,1.6,4.89,1.19,4.4,0.068,-0.44,-27.3,80,2
127,4684742,Ausar Thompson,DET,SF/PF,ONTEAM,6,ACTIVE,75.09,0.05,103.5,103,0,70.0,1.0,26.8,-6.66,-6.66,,-7.08,,-1.8,-0.45,-0.83,-0.15,-1.78,-1.34,-1.99,0.48,-1.74,3.18,-0.69,0.46,10.4,6.0,3.1,2.0,1.0,0.1,1.6,0.525,8.3,0.582,2.7,4.36,1.57,0.5,0.052,-0.56,-39.2,80,3
128,3064482,Bobby Portis,MIA,PF/C,ONTEAM,8,ACTIVE,18.64,-0.58,140.1,167,0,65.0,1.0,24.3,-6.82,-6.82,,-6.35,,-0.29,1.96,-0.35,0.11,-1.06,-1.83,-1.31,-0.96,-0.03,-1.66,-1.41,-0.02,13.6,6.7,1.6,0.6,0.2,1.9,1.0,0.486,11.3,0.722,1.1,5.49,0.8,4.2,0.152,-0.72,-46.8,80,3
129,3133628,Myles Turner,MIL,C,FREEAGENT,0,ACTIVE,64.63,-0.52,127.5,122,0,71.0,1.0,27.4,-6.98,-6.98,,-7.74,,-0.49,0.59,-0.83,-0.34,-1.88,-1.1,-1.57,1.75,0.18,-1.3,-1.45,-0.54,12.4,5.5,1.5,0.7,1.7,2.1,1.3,0.447,9.4,0.746,2.6,4.2,1.94,5.39,0.052,-0.88,-62.5,80,3
130,5144091,Jeremiah Fears,NOP,PG/SG,FREEAGENT,0,ACTIVE,37.22,1.04,127.9,111,0,77.0,1.0,26.4,-6.99,-6.99,,-8.65,,0.01,-0.34,-0.98,-0.98,-0.98,-0.74,-1.01,-0.59,-0.53,0.4,-0.5,-0.75,15.1,3.8,3.5,1.2,0.4,1.4,2.2,0.445,12.6,0.812,3.1,5.61,2.52,3.81,0.021,-0.89,-68.5,80,3
131,4278049,Daniel Gafford,DAL,C,FREEAGENT,0,ACTIVE,29.25,-0.14,136.4,126,0,68.0,1.0,22.5,-7.0,-7.0,,-8.79,,-1.06,-0.0,-0.31,0.26,-1.78,-1.08,-1.93,1.75,-1.85,-1.29,-1.55,1.85,10.7,7.1,1.3,0.7,1.7,0.0,1.1,0.692,6.3,0.685,2.9,4.35,1.99,0.0,0.159,-0.9,-61.2,80,3
132,3138196,Cameron Johnson,DEN,SF/PF,FREEAGENT,0,ACTIVE,7.34,0.18,140.2,154,0,68.0,1.0,28.8,-7.0,-7.0,,-7.43,,0.28,1.4,-1.03,-0.94,-1.68,-1.1,-1.41,-0.6,0.27,-0.99,-0.98,-0.23,13.2,3.9,2.5,0.8,0.4,2.2,1.0,0.47,9.6,0.853,2.3,4.51,1.96,5.29,0.011,-0.9,-61.2,80,2
133,3155526,Dillon Brooks,PHO,SG/SF,ONTEAM,6,ACTIVE,28.23,0.44,132.4,140,0,69.0,1.0,30.7,-7.04,-7.04,,-6.48,,0.24,-0.57,-1.08,-1.06,-0.19,-0.69,-0.27,-0.95,0.37,-0.27,-1.36,-1.19,18.6,3.6,1.7,1.0,0.2,2.3,1.6,0.434,15.8,0.837,3.1,6.86,2.59,6.41,0.001,-0.94,-64.9,80,2
134,4397014,Quentin Grimes,LAL,SG/SF,ONTEAM,6,ACTIVE,34.55,0.94,129.2,119,0,73.0,1.0,30.8,-7.16,-7.16,,-9.3,,-0.07,-0.46,-1.0,-0.83,-1.28,-0.7,-1.04,-0.6,0.17,-0.27,-0.55,-0.52,14.9,4.2,3.4,1.0,0.4,2.1,1.9,0.455,11.3,0.803,3.2,5.14,2.58,5.79,0.018,-1.06,-77.4,80,3
135,3995,Jrue Holiday,POR,PG/SG,ONTEAM,7,ACTIVE,30.83,0.08,132.2,135,0,68.0,1.0,28.2,-7.21,-7.21,,-3.73,,0.2,0.5,-0.62,-0.75,-1.64,-1.63,-1.62,-0.6,0.03,-0.63,-0.03,-0.42,12.2,4.4,4.5,0.9,0.4,1.9,1.8,0.457,10.0,0.864,1.3,4.57,1.12,5.0,0.096,-1.11,-75.5,80,2
136,4222252,Isaiah Hartenstein,OKC,C,ONTEAM,1,DAY_TO_DAY,40.65,-0.57,133.3,129,0,64.0,1.0,25.0,-7.32,-7.32,,-7.52,,-1.2,-0.47,0.1,1.19,-1.98,-1.47,-2.19,0.12,-1.85,-0.27,-0.5,1.2,9.5,9.6,3.5,1.0,0.8,0.0,1.7,0.614,6.6,0.624,2.2,4.05,1.38,0.2,0.244,-1.22,-78.1,80,3
137,4396909,Aaron Nesmith,IND,SG/SF,FREEAGENT,0,ACTIVE,3.31,0.09,140.6,195,0,64.0,1.0,28.2,-7.46,-7.46,,-9.44,,0.24,1.34,-1.07,-0.87,-1.63,-1.21,-1.43,-0.42,0.19,-0.98,-1.45,-0.18,13.1,4.1,1.5,0.8,0.5,2.1,1.0,0.473,9.7,0.851,2.1,4.59,1.78,5.09,0.003,-1.36,-87.0,80,3
138,5101761,Mikel Brown Jr.,BKN,PG,FREEAGENT,0,DAY_TO_DAY,6.02,0.04,140.4,162,0,71.0,1.0,30.2,-7.52,-7.52,,,,-0.14,0.01,-1.08,-1.46,-0.93,0.11,-0.83,-0.96,-1.16,0.75,-0.55,-1.27,15.9,2.5,3.4,1.3,0.2,0.7,2.4,0.421,13.5,0.801,4.8,5.69,3.85,1.9,0.001,-1.42,-100.8,80,3
139,4683634,Bennedict Mathurin,NOP,SG/SF,ONTEAM,2,ACTIVE,23.7,-0.68,139.9,165,0,68.0,1.0,29.2,-7.55,-7.55,,-6.54,,0.6,-0.93,-0.86,-0.49,-1.14,0.48,-0.7,-0.79,-0.52,-1.29,-1.17,-0.75,16.5,5.1,2.1,0.7,0.3,1.4,2.0,0.444,12.1,0.85,5.2,5.37,4.43,4.1,0.046,-1.45,-98.6,80,3
140,4432639,Jabari Smith Jr.,HOU,PF/C,ONTEAM,1,ACTIVE,55.71,0.32,122.1,121,0,73.0,1.0,32.1,-7.62,-7.62,,-5.81,,-0.17,-0.27,-0.27,0.14,-1.33,-1.09,-1.21,0.11,0.13,-1.65,-1.4,-0.62,14.1,6.8,1.6,0.6,0.8,2.0,1.2,0.448,11.3,0.787,2.5,5.07,1.97,5.6,0.167,-1.52,-111.0,80,3
141,6580,Bradley Beal,LAC,SG/SF,FREEAGENT,0,DAY_TO_DAY,2.82,-0.05,140.5,228,0,54.0,1.0,25.3,-7.79,-7.79,,,,-0.03,0.83,-1.08,-1.31,-1.23,-1.32,-1.33,-0.59,-0.39,-0.98,-0.6,0.23,13.6,2.9,3.3,0.8,0.4,1.5,1.7,0.502,10.4,0.805,2.0,5.22,1.61,3.7,0.001,-1.69,-91.3,80,3
142,3135045,Grayson Allen,CHA,PG/SG,FREEAGENT,0,ACTIVE,6.78,0.05,140.6,170,0,63.0,1.0,26.1,-7.81,-7.81,,-6.1,,0.34,-0.27,-1.08,-1.31,-1.68,-0.88,-1.23,-0.77,0.81,0.05,-0.64,-1.15,14.0,2.9,3.2,1.1,0.3,2.7,1.4,0.413,10.9,0.853,2.7,4.51,2.3,7.51,0.0,-1.71,-107.7,80,3
143,4712849,Anthony Black,ORL,PG/SG,FREEAGENT,0,DAY_TO_DAY,19.52,0.11,137.3,131,0,69.0,1.0,28.9,-7.85,-7.85,,-6.96,,-0.78,-1.02,-1.0,-1.02,-1.39,-0.75,-1.27,-0.07,-0.49,1.13,-0.5,-0.69,13.8,3.7,3.5,1.4,0.7,1.4,2.0,0.444,11.2,0.732,3.4,4.97,2.49,4.2,0.017,-1.75,-120.8,80,3
144,4395712,Andrew Nembhard,IND,PG/SG,ONTEAM,6,ACTIVE,57.95,-0.5,130.6,124,0,71.0,1.0,30.7,-8.03,-8.03,,-4.14,,0.01,-0.76,-0.36,-1.28,-1.55,-1.1,-1.53,-1.14,-0.67,0.07,0.64,-0.35,12.6,3.0,5.9,1.1,0.1,1.2,2.0,0.463,10.2,0.812,2.4,4.72,1.94,3.61,0.15,-1.93,-137.0,80,3
145,4395630,Devin Vassell,SAS,SG/SF,ONTEAM,6,ACTIVE,36.6,-0.42,134.8,141,0,69.0,1.0,27.5,-8.04,-8.04,,-7.93,,-0.03,0.26,-1.04,-1.09,-1.19,-1.32,-1.17,-0.59,0.24,-0.62,-0.89,-0.6,14.3,3.5,2.7,0.9,0.4,2.1,1.1,0.451,11.7,0.804,2.0,5.28,1.61,5.7,0.008,-1.94,-133.9,80,3
146,4594327,Keegan Murray,SAC,SF/PF,FREEAGENT,0,DAY_TO_DAY,53.25,0.07,125.0,116,0,71.0,1.0,34.1,-8.07,-8.07,,-9.37,,0.03,-1.1,-0.67,-0.15,-1.16,-1.61,-1.27,0.48,0.14,-0.62,-1.4,-0.74,13.8,6.0,1.6,0.9,1.0,2.0,0.9,0.444,12.0,0.819,1.4,5.32,1.14,6.0,0.086,-1.97,-139.9,80,3
147,4873138,Ace Bailey,UTA,SF/PF,FREEAGENT,0,ACTIVE,32.98,0.17,132.5,133,0,72.0,1.0,28.2,-8.18,-8.18,,-10.05,,-0.21,-0.13,-1.03,-0.79,-0.87,-1.71,-1.11,-0.07,0.18,-0.61,-1.26,-0.57,14.6,4.3,1.9,0.9,0.7,2.1,1.5,0.455,12.7,0.755,1.3,5.78,0.99,5.69,0.012,-2.08,-149.8,80,3
148,4066262,Malik Monk,SAC,PG/SG,FREEAGENT,0,DAY_TO_DAY,27.28,-0.84,139.7,138,0,68.0,1.0,26.2,-8.2,-8.2,,-9.91,,0.34,-0.51,-1.05,-1.36,-1.14,-1.03,-1.06,-0.42,0.16,-1.29,-0.03,-0.82,14.9,2.8,4.5,0.7,0.5,2.1,2.0,0.44,12.2,0.859,2.4,5.37,2.06,5.79,0.007,-2.1,-142.8,80,3
149,4065732,De'Andre Hunter,SAC,SF/PF,FREEAGENT,0,ACTIVE,2.8,0,140.6,201,0,65.0,1.0,27.6,-8.25,-8.25,,-12.23,,0.41,-0.04,-1.07,-0.9,-1.23,-0.44,-0.93,-0.96,0.16,-1.28,-1.35,-0.62,15.5,4.0,1.7,0.7,0.2,2.1,1.5,0.45,11.6,0.851,3.5,5.21,2.98,5.6,0.003,-2.15,-139.8,80,3
150,4898371,Maxime Raynaud,SAC,C,FREEAGENT,0,ACTIVE,1.68,0.04,140.1,,0,,1.0,26.6,-8.25,,,-8.25,,-0.16,-0.29,0.09,0.41,-1.26,-1.21,-1.56,-0.37,-1.54,-1.95,-1.52,1.09,12.5,7.5,1.4,0.5,0.5,0.3,1.3,0.571,9.1,0.786,2.3,5.18,1.78,1.0,0.243,-2.15,-129.0,80,3
151,4397136,Saddiq Bey,NOP,SF/PF,ONTEAM,1,ACTIVE,15.61,0.02,138.6,144,0,71.0,1.0,27.1,-8.31,-8.31,,-5.06,,0.32,-0.31,-0.78,-0.57,-1.33,-0.52,-1.08,-1.14,-0.13,-0.96,-1.17,-0.63,14.7,4.9,2.1,0.8,0.1,1.8,0.8,0.448,11.3,0.842,3.4,5.06,2.86,4.9,0.062,-2.21,-156.9,80,3
152,4066648,Rui Hachimura,LAC,SF/PF,FREEAGENT,0,ACTIVE,12.04,0.52,138.3,166,0,71.0,1.0,30.6,-8.31,-8.31,,-10.18,,-0.4,1.65,-1.03,-0.87,-1.33,-1.65,-1.45,-0.61,-0.12,-1.3,-1.64,0.43,13.0,4.1,1.1,0.7,0.4,1.8,0.7,0.517,9.8,0.72,1.5,5.07,1.08,4.1,0.01,-2.21,-156.9,80,3
153,4351852,Mitchell Robinson,BOS,C,FREEAGENT,0,DAY_TO_DAY,15.06,0.13,137.1,142,0,61.0,1.0,25.4,-8.34,-8.34,,-11.76,,-2.51,-0.0,-0.45,1.76,-2.51,-1.76,-2.64,1.39,-1.85,0.41,-1.64,1.46,7.3,11.1,1.1,1.2,1.5,0.0,0.9,0.713,4.5,0.418,2.2,3.21,0.92,0.0,0.131,-2.24,-136.6,80,2
154,5254165,Keaton Wagler,LAC,PG/SG,FREEAGENT,0,ACTIVE,8.53,0.07,139.8,164,0,70.0,1.0,28.1,-8.38,-8.38,,,,0.3,0.11,-1.04,-1.24,-1.32,-0.68,-1.38,-0.96,-1.29,-0.27,-0.12,-0.47,13.3,3.1,4.3,1.0,0.2,0.6,2.3,0.457,11.1,0.843,3.1,5.07,2.61,1.5,0.009,-2.28,-159.6,80,3
155,4397424,Neemias Queta,BOS,C,FREEAGENT,0,DAY_TO_DAY,22.24,0.04,136.1,128,0,72.0,1.0,23.6,-8.4,-8.4,,-6.92,,-0.62,-0.14,-0.19,0.48,-2.01,-1.4,-2.19,0.83,-1.84,-1.33,-1.45,1.46,9.5,7.7,1.5,0.7,1.2,0.0,0.9,0.654,6.1,0.709,2.1,3.99,1.49,0.1,0.185,-2.3,-165.6,80,2
156,4683678,Scoot Henderson,POR,PG/SG,FREEAGENT,0,ACTIVE,11.9,-0.27,140.3,172,0,66.0,1.0,27.0,-8.45,-8.45,,-8.97,,0.11,-0.7,-1.05,-1.32,-1.44,-0.57,-1.15,-0.77,-0.05,-0.27,-0.03,-1.22,14.4,2.9,4.5,1.0,0.3,1.8,2.7,0.415,11.8,0.821,3.4,4.89,2.79,5.3,0.007,-2.35,-155.1,80,2
157,4278067,Nic Claxton,CHI,C,FREEAGENT,0,DAY_TO_DAY,58.73,-0.29,124.8,112,0,69.0,1.0,27.8,-8.47,-8.47,,-8.61,,-1.88,-0.34,-0.33,0.26,-1.49,-1.15,-1.75,0.85,-1.8,-1.33,-0.55,1.03,11.6,7.1,3.4,0.7,1.2,0.1,1.4,0.572,8.4,0.603,3.1,4.81,1.87,0.3,0.155,-2.37,-163.5,80,3
158,3102530,Jusuf Nurkic,UTA,C,FREEAGENT,0,OUT,8.09,-0.19,140.4,155,0,64.0,1.0,23.1,-8.57,-8.57,,-5.68,,-1.51,-0.64,0.41,1.01,-2.22,-1.28,-2.2,-0.05,-1.41,-0.27,-0.55,0.15,9.4,9.1,3.4,1.0,0.7,0.5,2.0,0.501,7.3,0.619,2.7,3.66,1.67,1.5,0.308,-2.47,-158.1,80,3
159,4432848,Jaime Jaquez Jr.,MIL,SG/SF,ONTEAM,1,ACTIVE,41.2,1.0,123.4,114,0,74.0,1.0,27.3,-8.65,-8.65,,-7.76,,-0.34,-0.83,-0.8,-0.56,-0.91,-0.97,-1.16,-0.78,-1.11,-1.3,-0.13,0.26,14.4,4.9,4.3,0.7,0.3,0.8,1.9,0.502,11.4,0.768,2.8,5.73,2.15,2.4,0.058,-2.55,-188.7,80,3
160,4278129,Deandre Ayton,WAS,C,ONTEAM,1,ACTIVE,28.23,-1.15,140.3,185,0,64.0,1.0,23.8,-8.67,-8.67,,-6.8,,-0.5,-0.28,0.11,0.44,-1.22,-1.72,-1.77,-0.05,-1.82,-1.68,-1.69,1.51,11.5,7.6,1.0,0.6,0.7,0.0,1.2,0.609,8.6,0.689,1.4,5.23,0.97,0.2,0.247,-2.57,-164.5,80,3
161,4900671,Ajay Mitchell,OKC,PG/SG,ONTEAM,8,ACTIVE,5.73,0.08,139.7,226,0,55.0,1.0,23.5,-8.71,-8.71,,-7.0,,0.38,-0.33,-1.04,-1.28,-1.68,-0.96,-1.62,-0.76,-0.89,0.1,-0.59,-0.03,12.2,3.0,3.3,1.1,0.3,1.0,1.3,0.484,9.3,0.862,2.5,4.51,2.16,2.8,0.009,-2.61,-143.5,80,3
162,4278078,P.J. Washington,DAL,SF/PF,FREEAGENT,0,DAY_TO_DAY,9.24,0.05,139.9,160,0,64.0,1.0,29.0,-8.82,-8.82,,-8.02,,-1.03,-0.94,-0.43,0.07,-1.44,-1.02,-1.41,0.48,-0.56,-0.6,-1.36,-0.6,13.2,6.6,1.7,0.9,1.0,1.3,1.6,0.448,10.9,0.693,3.0,4.89,2.08,4.0,0.135,-2.72,-174.1,80,3
163,4914336,Shaedon Sharpe,POR,SG/SF,FREEAGENT,0,OUT,25.89,-1.27,140.1,323,0,27.0,1.0,25.4,-8.93,-8.93,,-4.74,,-0.18,-1.33,-1.08,-1.01,-0.55,-0.74,-0.64,-1.12,-0.19,-0.27,-1.08,-0.74,16.8,3.7,2.3,1.0,0.1,1.7,2.2,0.45,14.0,0.791,3.2,6.3,2.52,5.18,0.001,-2.83,-76.4,80,2
164,4432194,Day'Ron Sharpe,BKN,C,FREEAGENT,0,DAY_TO_DAY,8.71,0.34,138.9,139,0,69.0,1.0,22.0,-9.01,-9.01,,-10.47,,-0.7,-0.73,-0.41,0.75,-2.0,-1.41,-2.14,0.48,-1.64,-0.62,-1.12,0.52,9.7,8.4,2.2,0.9,1.0,0.2,1.6,0.535,7.5,0.697,2.1,4.01,1.46,0.9,0.139,-2.91,-200.8,80,3
165,4066211,Robert Williams III,POR,C,FREEAGENT,0,ACTIVE,1.66,0.07,140.5,189,0,59.0,1.0,20.0,-9.01,-9.01,,-10.76,,-0.48,0.02,-0.68,0.52,-2.44,-1.88,-2.6,1.73,-1.7,-1.33,-1.59,1.42,7.5,7.8,1.2,0.7,1.7,0.2,1.0,0.693,4.8,0.662,1.1,3.32,0.73,0.41,0.084,-2.91,-171.7,80,2
166,4433247,Jonathan Kuminga,MIN,SF/PF,FREEAGENT,0,ACTIVE,18.88,0.25,135.7,156,0,67.0,1.0,27.3,-9.06,-9.06,,-11.62,,-1.24,-0.97,-0.76,-0.08,-1.07,-0.39,-1.0,-0.59,-0.77,-0.94,-0.93,-0.31,15.1,6.2,2.6,0.8,0.4,1.1,2.1,0.468,11.7,0.712,4.3,5.48,3.06,3.4,0.066,-2.96,-198.3,80,3
167,6589,Draymond Green,GSW,PF/C,FREEAGENT,0,DAY_TO_DAY,35.89,-0.98,135.7,148,0,64.0,1.0,27.9,-9.11,-9.11,,-11.26,,-0.49,-0.74,-0.81,-0.12,-2.54,-1.62,-2.35,0.12,-0.63,0.05,0.54,-0.5,8.7,6.1,5.7,1.1,0.8,1.2,2.6,0.438,7.2,0.706,1.6,3.16,1.12,3.7,0.055,-3.01,-192.6,80,3
168,4278580,Sandro Mamukelashvili,LAL,PF/C,FREEAGENT,0,ACTIVE,1.74,0.11,139.9,,0,,1.0,21.9,-9.2,,,-9.2,,-0.37,0.45,-0.9,-0.55,-1.93,-1.4,-1.83,-0.4,-0.45,-0.97,-1.27,0.41,11.2,4.9,1.9,0.8,0.5,1.4,0.8,0.523,7.9,0.747,2.0,4.12,1.48,3.7,0.037,-3.1,-186.0,80,3
169,4432171,Moses Moody,GSW,SG/SF,FREEAGENT,0,OUT,0.54,-0.01,140.0,345,0,12.0,1.0,24.7,-9.22,-9.22,,-8.31,,-0.2,1.13,-1.08,-1.22,-2.06,-1.44,-1.74,-0.42,0.43,-0.56,-1.45,-0.61,11.6,3.2,1.5,0.9,0.5,2.3,0.9,0.439,8.9,0.773,1.8,3.92,1.42,5.83,0.0,-3.12,-37.4,80,3
170,4683688,Dereck Lively II,DAL,C,FREEAGENT,0,DAY_TO_DAY,5.02,0.07,140.4,153,0,65.0,1.0,23.6,-9.24,-9.24,,,,-1.21,-0.0,-0.6,0.3,-2.05,-1.72,-2.32,1.39,-1.85,-1.66,-1.41,1.88,8.8,7.2,1.6,0.6,1.5,0.0,1.0,0.729,5.4,0.567,1.7,3.94,0.97,0.0,0.1,-3.14,-204.1,80,3
171,4395626,Tre Jones,CHI,PG,FREEAGENT,0,DAY_TO_DAY,5.57,0,140.7,158,0,68.0,1.0,22.3,-9.31,-9.31,,-5.86,,0.21,-0.49,-0.87,-1.43,-1.89,-0.9,-1.84,-1.13,-1.35,-0.27,-0.03,0.68,11.1,2.6,4.5,1.0,0.1,0.5,1.1,0.549,7.6,0.837,2.7,4.18,2.27,1.6,0.044,-3.21,-218.3,80,3
172,4683692,Cason Wallace,OKC,PG/SG,FREEAGENT,0,ACTIVE,14.76,0.24,137.4,146,0,76.0,1.0,26.4,-9.35,-9.35,,-9.2,,-0.02,-0.35,-1.05,-1.24,-2.48,-1.93,-2.41,-0.61,-0.61,2.82,-0.98,-0.5,8.4,3.1,2.5,1.9,0.4,1.3,0.9,0.439,7.4,0.803,0.8,3.25,0.65,3.6,0.007,-3.25,-247.0,80,3
173,3448,Brook Lopez,LAC,C,FREEAGENT,0,ACTIVE,7.81,0.21,139.4,137,0,72.0,1.0,26.2,-9.38,-9.38,,-12.74,,-0.04,-0.1,-1.03,-0.79,-2.04,-1.62,-1.95,1.73,-0.28,-1.67,-1.45,-0.14,10.6,4.3,1.5,0.6,1.7,1.6,0.9,0.475,8.3,0.802,1.4,3.94,1.12,4.4,0.01,-3.28,-236.2,80,3
174,3934673,Donte DiVincenzo,MIN,PG/SG,ONTEAM,8,OUT,5.14,-0.22,139.8,348,0,4.0,1.0,24.1,-9.45,-9.45,,-7.34,,-0.18,1.21,-1.05,-1.18,-2.32,-1.86,-2.03,-0.87,0.59,-0.27,-0.74,-0.74,10.2,3.2,3.0,1.0,0.2,2.5,1.2,0.424,8.2,0.75,1.0,3.5,0.75,6.25,0.006,-3.35,-13.4,80,3
175,4395702,Isaiah Joe,DET,SG,FREEAGENT,0,ACTIVE,1.29,-0.01,140.4,217,0,72.0,1.0,21.1,-9.55,-9.55,,-9.2,,0.34,1.97,-1.08,-1.47,-2.36,-1.49,-1.92,-0.97,0.62,-1.33,-1.5,-0.36,10.8,2.5,1.4,0.7,0.2,2.5,0.6,0.453,7.6,0.889,1.5,3.44,1.33,6.0,0.0,-3.45,-248.4,80,3
176,4578893,Vit Krejci,POR,PG,FREEAGENT,0,ACTIVE,0.51,0.03,140.4,212,0,65.0,1.0,25.7,-9.55,-9.55,,-12.94,,-0.26,1.79,-1.08,-1.16,-2.59,-1.93,-2.35,-0.4,0.01,-0.97,-0.69,0.09,8.7,3.3,3.1,0.8,0.5,1.9,1.1,0.496,6.2,0.711,0.9,3.08,0.65,4.4,0.0,-3.45,-224.2,80,2
177,4351851,Anfernee Simons,PHL,PG/SG,ONTEAM,8,DAY_TO_DAY,30.88,-1.42,140.2,203,0,66.0,1.0,25.1,-9.56,-9.56,,-9.64,,0.47,0.36,-1.08,-1.54,-1.19,-1.31,-1.08,-1.13,0.62,-2.0,-0.74,-0.93,14.7,2.3,3.0,0.5,0.1,2.5,1.4,0.434,12.2,0.899,1.8,5.29,1.62,6.7,0.0,-3.46,-228.4,80,4
178,4684793,Kyle Filipowski,UTA,PF/C,FREEAGENT,0,DAY_TO_DAY,7.16,0.03,140.4,149,0,73.0,1.0,22.0,-9.63,-9.63,,-8.65,,-0.53,-0.72,-0.41,0.11,-2.04,-1.16,-1.94,-0.41,-0.96,-0.61,-1.03,0.07,10.7,6.7,2.4,0.9,0.5,0.9,1.5,0.493,8.0,0.738,2.5,3.94,1.85,2.79,0.138,-3.53,-257.7,80,3
179,4592479,Julian Champagnie,SAS,SF/PF,FREEAGENT,0,ACTIVE,19.8,0.42,134.1,134,0,82.0,1.0,26.7,-9.65,-9.65,,-8.97,,0.21,0.41,-0.79,-0.38,-2.29,-1.47,-1.91,-0.42,0.41,-1.33,-1.45,-0.63,10.8,5.4,1.5,0.7,0.5,2.3,0.8,0.433,8.2,0.855,1.6,3.55,1.37,6.1,0.061,-3.55,-291.1,80,3
180,4896372,Walter Clayton Jr.,MEM,PG/SG,FREEAGENT,0,ACTIVE,1.15,0.05,140.4,177,0,71.0,1.0,25.1,-9.7,-9.7,,-14.75,,0.6,0.12,-1.0,-1.46,-2.35,-1.08,-1.97,-0.79,-0.28,-0.96,0.21,-0.75,10.5,2.5,5.0,0.8,0.3,1.6,2.1,0.423,8.2,0.904,2.2,3.46,1.99,4.3,0.018,-3.6,-255.6,80,3
181,4431736,Toumani Camara,POR,SF/PF,ONTEAM,8,ACTIVE,23.7,-0.35,139.2,152,0,75.0,1.0,29.4,-9.74,-9.74,,-7.6,,-0.41,-0.08,-0.94,-0.53,-2.07,-1.65,-1.94,-0.41,-0.09,0.1,-1.22,-0.49,10.7,5.0,2.0,1.1,0.5,1.8,1.4,0.447,8.7,0.717,1.5,3.89,1.08,4.91,0.029,-3.64,-273.0,80,2
182,5175737,Yaxel Lendeborg,GSW,SF/PF,FREEAGENT,0,DAY_TO_DAY,35.43,0.74,131.5,173,0,71.0,1.0,24.6,-9.76,-9.76,,,,-0.16,-0.18,-0.96,-0.49,-1.92,-1.03,-1.95,0.13,-1.59,-0.27,-1.12,-0.2,10.6,5.1,2.2,1.0,0.8,0.3,1.5,0.47,8.8,0.789,2.6,4.14,2.06,0.8,0.025,-3.66,-259.9,80,3
183,4066399,Micah Potter,POR,C,FREEAGENT,0,ACTIVE,0.05,0,140.0,,0,,1.0,19.3,-9.77,,,-9.77,,0.2,1.21,-0.36,-0.54,-2.51,-1.19,-2.13,-0.74,-0.38,-2.11,-1.47,0.26,9.7,5.0,1.5,0.5,0.3,1.5,1.0,0.515,6.2,0.842,2.1,3.21,1.81,3.57,0.149,-3.67,-220.2,80,2
184,4433192,Tari Eason,HOU,SF/PF,FREEAGENT,0,ACTIVE,10.92,-0.28,140.5,205,0,66.0,1.0,24.9,-9.78,-9.78,,-9.69,,-0.13,-0.34,-0.68,-0.11,-2.0,-1.75,-2.0,-0.42,-0.46,0.41,-1.5,-0.8,10.4,6.1,1.4,1.2,0.5,1.4,1.3,0.427,9.4,0.772,1.2,4.01,0.92,4.0,0.084,-3.68,-242.9,80,3
185,4781746,Javon Small,MEM,PG,FREEAGENT,0,ACTIVE,0.08,0,140.0,,0,,1.0,20.2,-9.79,,,-9.79,,0.11,1.16,-1.08,-1.23,-2.47,-1.28,-2.15,-0.92,-0.42,-0.87,-0.42,-0.22,9.7,3.1,3.7,0.8,0.2,1.5,1.4,0.465,7.0,0.83,2.0,3.27,1.66,3.46,0.0,-3.69,-221.4,80,3
186,5093267,Collin Murray-Boyles,TOR,PF,FREEAGENT,0,ACTIVE,7.79,0.28,139.4,184,0,66.0,1.0,22.9,-9.82,-9.82,,-10.84,,-0.84,-0.17,-0.86,-0.45,-2.15,-1.49,-2.25,0.48,-1.56,-0.27,-1.27,1.01,9.2,5.2,1.9,1.0,1.0,0.3,1.1,0.599,6.3,0.666,2.0,3.77,1.33,0.89,0.046,-3.72,-245.5,80,3
187,5082206,Brayden Burries,MIL,SG,FREEAGENT,0,ACTIVE,3.01,0.02,140.4,193,0,71.0,1.0,25.8,-9.86,-9.86,,,,0.12,-0.12,-1.06,-1.39,-2.03,-0.66,-1.87,-0.79,-1.44,0.07,-0.22,-0.47,11.0,2.7,4.1,1.1,0.3,0.4,2.1,0.45,8.8,0.824,3.2,3.96,2.63,1.2,0.005,-3.76,-267.0,80,3
188,4432582,Max Christie,DAL,SG,FREEAGENT,0,ACTIVE,2.02,0.03,140.7,187,0,77.0,1.0,28.2,-9.94,-9.94,,-9.09,,0.39,1.01,-1.08,-1.21,-2.06,-1.32,-1.76,-0.59,0.22,-1.67,-1.26,-0.6,11.5,3.2,1.9,0.6,0.4,2.1,1.2,0.439,8.9,0.885,1.8,3.91,1.6,5.3,0.0,-3.84,-295.7,80,3
189,3157465,Duncan Robinson,DET,SG/SF,FREEAGENT,0,ACTIVE,3.09,0.05,140.5,183,0,76.0,1.0,26.2,-9.95,-9.95,,-9.32,,-0.16,1.58,-1.08,-1.47,-2.01,-1.7,-1.72,-0.96,0.81,-1.64,-1.17,-0.43,11.7,2.5,2.1,0.6,0.2,2.7,0.8,0.453,8.8,0.767,1.3,3.99,1.0,6.7,0.0,-3.85,-292.6,80,3
190,2528210,Tim Hardaway Jr.,MIA,SG/SF,FREEAGENT,0,ACTIVE,4.38,0.07,140.1,171,0,80.0,1.0,26.9,-10.01,-10.01,,-9.28,,0.05,1.27,-1.08,-1.43,-1.81,-1.09,-1.39,-1.14,0.8,-2.0,-1.5,-0.67,13.3,2.6,1.4,0.5,0.1,2.7,0.6,0.439,9.8,0.818,2.4,4.3,1.96,6.8,0.0,-3.91,-312.8,80,3
191,4592691,Jake LaRavia,LAL,SF/PF,ONTEAM,8,ACTIVE,5.56,0.22,140.2,147,0,77.0,1.0,29.2,-10.09,-10.09,,-12.01,,-0.34,-0.8,-1.02,-0.64,-2.37,-1.28,-2.15,-0.41,-0.75,1.12,-1.12,-0.32,9.6,4.7,2.2,1.4,0.5,1.1,1.3,0.457,7.5,0.757,2.2,3.43,1.66,3.4,0.012,-3.99,-307.2,80,3
192,5149077,Kingston Flemings,ATL,SG/PG,FREEAGENT,0,ACTIVE,3.14,0.07,140.4,192,0,71.0,1.0,24.8,-10.17,-10.17,,,,-0.11,-0.25,-1.07,-1.35,-1.88,-0.97,-1.89,-0.41,-1.49,0.41,-0.41,-0.75,10.9,2.8,3.7,1.2,0.5,0.4,2.1,0.433,9.7,0.797,2.7,4.2,2.15,1.1,0.002,-4.07,-289.0,80,3
193,4395723,Keldon Johnson,SAS,SF/PF,FREEAGENT,0,ACTIVE,7.45,0.2,139.9,143,0,77.0,1.0,25.1,-10.19,-10.19,,-9.94,,-0.15,-0.64,-0.85,-0.46,-1.29,-1.03,-1.31,-0.97,-0.55,-1.67,-1.31,0.02,13.6,5.2,1.8,0.6,0.2,1.3,1.1,0.488,10.5,0.79,2.6,5.13,2.05,3.9,0.049,-4.09,-314.9,80,3
194,4432810,Isaiah Stewart,MEM,PF/C,FREEAGENT,0,OUT,3.38,0.02,140.6,159,0,69.0,1.0,24.7,-10.21,-10.21,,-11.12,,-0.37,-0.42,-0.89,-0.27,-2.04,-1.23,-2.01,1.73,-1.16,-2.68,-1.5,0.63,10.3,5.7,1.4,0.3,1.7,0.7,1.2,0.547,7.2,0.755,2.3,3.94,1.74,2.1,0.04,-4.11,-283.6,80,3
195,4873153,Morez Johnson Jr.,DAL,PF/C,FREEAGENT,0,ACTIVE,4.46,0.05,140.6,174,0,71.0,1.0,24.7,-10.23,-10.23,,,,-0.51,-0.18,-0.87,-0.3,-2.01,-0.85,-1.95,0.3,-1.59,-0.96,-1.4,0.08,10.6,5.6,1.6,0.8,0.9,0.3,1.1,0.494,8.1,0.754,3.1,4.0,2.34,0.8,0.044,-4.13,-293.2,80,3
196,4278053,Davion Mitchell,MIA,PG,FREEAGENT,0,ACTIVE,9.59,0.34,138.8,150,0,71.0,1.0,27.7,-10.28,-10.28,,-9.48,,-0.4,0.51,-0.8,-1.46,-2.29,-1.96,-2.31,-0.96,-0.66,-0.62,0.68,-0.0,8.9,2.5,6.0,0.9,0.2,1.2,1.5,0.486,7.3,0.657,0.9,3.55,0.59,3.1,0.059,-4.18,-296.8,80,3
197,4066436,De'Anthony Melton,GSW,PG/SG,FREEAGENT,0,DAY_TO_DAY,1.43,-0.01,140.5,199,0,65.0,1.0,23.1,-10.28,-10.28,,-10.43,,0.12,-2.24,-1.08,-1.2,-1.79,-1.08,-1.62,-0.6,-0.4,1.8,-0.93,-1.25,12.2,3.2,2.6,1.6,0.4,1.5,1.8,0.405,10.7,0.827,2.4,4.34,1.99,5.0,0.0,-4.18,-271.7,80,3
198,4278402,Jordan Goodwin,PHO,PG/SG,FREEAGENT,0,ACTIVE,0.15,0,140.0,,0,,1.0,22.5,-10.28,,,-10.28,,-0.27,0.04,-0.94,-0.58,-2.47,-1.99,-2.35,-0.96,-0.29,1.5,-1.14,-0.84,8.7,4.9,2.2,1.5,0.2,1.6,1.0,0.413,7.9,0.696,0.8,3.27,0.56,4.31,0.029,-4.18,-250.8,80,2
199,5105839,Brice Sensabaugh,UTA,SG/SF,FREEAGENT,0,DAY_TO_DAY,2.9,-0.08,140.5,213,0,72.0,1.0,21.6,-10.32,-10.32,,-9.22,,0.14,0.12,-1.08,-1.31,-1.55,-1.12,-1.37,-1.14,0.11,-1.33,-1.36,-0.42,13.4,2.9,1.7,0.7,0.1,2.0,1.5,0.458,10.3,0.831,2.3,4.72,1.92,5.4,0.0,-4.22,-303.8,80,3
200,4601023,Oso Ighodaro,PHO,PF,FREEAGENT,0,ACTIVE,16.94,0.44,136.8,125,0,79.0,1.0,27.6,-10.34,-10.34,,-12.9,,-1.72,-0.0,-0.86,-0.04,-2.28,-1.84,-2.51,0.3,-1.85,0.08,-0.89,1.28,7.9,6.3,2.7,1.1,0.9,0.0,1.5,0.648,5.5,0.463,1.7,3.57,0.79,0.0,0.046,-4.24,-335.0,80,2
201,3133603,Kelly Oubre Jr.,IND,SG/SF,FREEAGENT,0,ACTIVE,7.74,-0.18,140.2,200,0,67.0,1.0,26.3,-10.37,-10.37,,-6.61,,-0.39,-1.09,-0.82,-0.75,-1.66,-1.09,-1.61,-0.41,-0.69,0.09,-1.55,-0.4,12.2,4.4,1.3,1.1,0.5,1.2,1.1,0.458,9.9,0.759,2.6,4.54,1.97,3.7,0.055,-4.27,-286.1,80,3
202,3213,Al Horford,GSW,PF/C,FREEAGENT,0,ACTIVE,1.64,0,140.3,221,0,56.0,1.0,25.4,-10.38,-10.38,,-11.44,,0.08,0.31,-0.99,-0.23,-2.51,-2.01,-2.35,0.48,-0.14,-1.63,-1.03,-0.35,8.7,5.8,2.4,0.6,1.0,1.8,0.8,0.452,7.1,0.853,0.6,3.21,0.52,4.61,0.018,-4.28,-239.7,80,3
203,2583632,Royce O'Neale,CHA,SF/PF,FREEAGENT,0,ACTIVE,1.75,-0.02,140.7,186,0,76.0,1.0,24.5,-10.41,-10.41,,-8.18,,-0.09,1.34,-1.01,-0.83,-2.68,-2.16,-2.4,-0.61,0.41,-0.64,-1.07,-0.68,8.5,4.2,2.3,0.9,0.4,2.3,1.1,0.419,7.0,0.732,0.4,2.93,0.29,5.7,0.015,-4.31,-327.6,80,3
204,4433249,Moussa Diabate,CHA,PF/C,FREEAGENT,0,ACTIVE,5.8,0.2,140.3,168,0,70.0,1.0,24.6,-10.43,-10.43,,-9.03,,-1.06,-0.0,-0.18,0.71,-2.64,-1.39,-2.6,0.3,-1.85,-1.31,-1.36,0.95,7.5,8.3,1.7,0.7,0.9,0.0,1.0,0.625,4.8,0.652,2.3,3.0,1.5,0.0,0.186,-4.33,-303.1,80,3
205,3913174,Luke Kennard,PHO,SG,ONTEAM,5,ACTIVE,1.19,0.01,140.3,220,0,74.0,1.0,21.8,-10.46,-10.46,,-10.55,,0.26,2.13,-1.05,-1.5,-2.59,-1.82,-2.38,-1.15,-0.33,-1.3,-1.02,0.3,8.5,2.4,2.4,0.7,0.1,1.6,0.8,0.522,5.9,0.91,0.9,3.08,0.82,3.3,0.007,-4.36,-322.6,80,2
206,4066757,Sam Merrill,CLE,SG,FREEAGENT,0,ACTIVE,0.61,0,140.2,255,0,62.0,1.0,23.0,-10.47,-10.47,,-7.7,,0.18,1.69,-1.04,-1.54,-2.28,-1.79,-1.95,-1.14,0.68,-1.67,-1.22,-0.4,10.6,2.3,2.0,0.6,0.1,2.6,0.7,0.451,7.9,0.871,1.0,3.56,0.87,6.31,0.01,-4.37,-270.9,80,2
207,5105550,GG Jackson,MEM,PF,FREEAGENT,0,ACTIVE,1.86,0.06,140.6,188,0,69.0,1.0,23.0,-10.63,-10.63,,-11.1,,-0.6,-0.86,-1.01,-0.71,-1.44,-0.98,-1.4,0.12,-0.58,-1.68,-1.45,-0.05,13.2,4.5,1.5,0.6,0.8,1.3,1.6,0.484,10.1,0.74,2.9,4.88,2.15,3.9,0.016,-4.53,-312.6,80,3
208,5107173,Danny Wolf,BKN,PF/C,FREEAGENT,0,ACTIVE,1.37,0.1,140.5,157,0,71.0,1.0,24.1,-10.63,-10.63,,-13.99,,-0.22,-0.95,-0.87,-0.26,-1.88,-1.26,-1.76,-0.23,-0.45,-1.64,-0.93,-0.19,11.5,5.7,2.6,0.6,0.6,1.4,1.5,0.472,8.9,0.776,2.2,4.2,1.7,4.3,0.045,-4.53,-321.6,80,3
209,5238230,Tre Johnson,WAS,SG,FREEAGENT,0,ACTIVE,1.73,-0.01,140.4,215,0,68.0,1.0,25.3,-10.65,-10.65,,-12.19,,0.32,-0.16,-1.08,-1.28,-1.36,-1.5,-1.36,-0.79,0.14,-1.65,-1.17,-0.76,13.4,3.0,2.1,0.6,0.3,2.0,1.6,0.44,11.4,0.883,1.5,5.01,1.32,5.6,0.0,-4.55,-309.4,80,3
210,4593125,Santi Aldama,DAL,SF/PF,FREEAGENT,0,DAY_TO_DAY,16.4,-0.65,140.8,180,0,66.0,1.0,23.7,-10.66,-10.66,,-7.68,,-0.7,-0.39,-0.69,-0.3,-1.88,-1.67,-1.86,-0.23,-0.33,-1.32,-1.03,-0.26,11.0,5.6,2.4,0.7,0.6,1.6,1.0,0.466,9.0,0.661,1.6,4.2,1.06,4.39,0.081,-4.56,-301.0,80,3
211,2530530,T.J. McConnell,IND,PG,FREEAGENT,0,DAY_TO_DAY,23.88,-1.06,140.6,163,0,70.0,1.0,17.8,-10.76,-10.76,,-10.83,,-0.1,-0.1,-1.0,-1.47,-1.82,-1.95,-2.2,-0.96,-1.62,-0.27,0.16,0.56,9.4,2.5,4.9,1.0,0.2,0.2,1.4,0.536,8.0,0.767,0.8,4.29,0.61,0.7,0.017,-4.66,-326.2,80,3
212,3907498,Matisse Thybulle,LAL,SF,FREEAGENT,0,ACTIVE,0.47,0.01,140.1,263,0,59.0,1.0,19.1,-10.78,-10.78,,-10.2,,-0.06,0.21,-1.08,-1.58,-3.26,-2.0,-2.95,-0.25,-0.63,2.83,-1.59,-0.43,5.9,2.2,1.2,1.9,0.6,1.3,0.8,0.424,4.8,0.78,0.7,2.03,0.54,3.31,0.0,-4.68,-276.1,80,3
213,2991350,Alex Caruso,OKC,PG/SG,FREEAGENT,0,ACTIVE,7.3,0.14,138.7,175,0,69.0,1.0,24.3,-10.82,-10.82,,-14.59,,-0.05,-1.57,-1.08,-1.06,-2.6,-1.73,-2.42,-0.41,-0.58,2.13,-0.89,-0.57,8.4,3.6,2.7,1.7,0.5,1.3,1.1,0.431,7.1,0.796,1.2,3.06,0.96,4.2,0.0,-4.72,-325.7,80,3
214,4397020,Luguentz Dort,ATL,SG/SF,FREEAGENT,0,DAY_TO_DAY,2.7,-0.01,140.4,206,0,72.0,1.0,28.1,-10.84,-10.84,,-14.15,,-0.09,0.5,-1.08,-0.98,-2.42,-1.85,-2.17,-0.42,0.21,-0.27,-1.5,-0.78,9.6,3.8,1.4,1.0,0.5,2.1,0.8,0.418,8.0,0.778,1.0,3.35,0.78,5.5,0.001,-4.74,-341.3,80,3
215,5279130,Nolan Traore,BKN,PG,FREEAGENT,0,ACTIVE,0.6,0.02,140.4,204,0,71.0,1.0,25.0,-10.9,-10.9,,-14.25,,-0.06,-0.47,-1.02,-1.65,-1.95,-1.37,-1.86,-0.41,-0.52,-0.62,-0.13,-0.85,11.1,2.0,4.3,0.9,0.5,1.4,2.6,0.425,9.6,0.8,1.9,4.08,1.52,3.9,0.013,-4.8,-340.8,80,3
216,4277956,Jordan Poole,NOP,PG/SG,ONTEAM,8,ACTIVE,30.38,-1.22,139.5,216,0,66.0,1.0,22.1,-10.91,-10.91,,-12.41,,0.44,-1.08,-1.08,-1.65,-1.66,-1.01,-1.4,-0.77,0.14,-0.96,-0.65,-1.23,13.2,2.0,3.2,0.8,0.3,2.0,1.9,0.409,11.1,0.873,2.4,4.54,2.09,6.0,0.0,-4.81,-317.5,80,3
217,4397040,Brandon Williams,GSW,PG/SG,FREEAGENT,0,ACTIVE,0.28,0.02,140.0,,0,,1.0,22.2,-10.91,,,-10.91,,-0.24,-2.04,-1.01,-1.32,-1.75,-0.02,-1.44,-0.77,-1.32,-0.48,-0.32,-0.2,13.0,2.9,3.9,0.9,0.3,0.5,1.9,0.472,9.3,0.793,4.6,4.41,3.65,2.35,0.015,-4.81,-288.6,80,3
218,4683766,Isaiah Collier,UTA,PG,FREEAGENT,0,ACTIVE,5.73,-0.16,140.7,182,0,67.0,1.0,22.7,-10.94,-10.94,,-8.56,,-0.75,-1.09,-0.51,-1.5,-2.21,-1.01,-2.11,-0.78,-1.44,-0.27,0.77,-0.04,9.9,2.4,6.2,1.0,0.3,0.4,2.3,0.483,7.6,0.722,2.9,3.67,2.09,1.6,0.118,-4.84,-324.3,80,3
219,3134907,Kyle Kuzma,MIL,SF/PF,FREEAGENT,0,ACTIVE,4.36,-0.06,140.4,191,0,68.0,1.0,25.7,-10.96,-10.96,,-10.14,,-0.78,-0.69,-0.91,-0.68,-1.41,-1.11,-1.44,-0.6,-0.66,-1.65,-0.93,-0.1,13.0,4.6,2.6,0.6,0.4,1.2,1.8,0.48,10.3,0.712,2.7,4.94,1.93,3.6,0.037,-4.86,-330.5,80,3
220,4683778,Jared McCain,OKC,PG/SG,FREEAGENT,0,ACTIVE,13.77,-0.16,137.9,223,0,69.0,1.0,24.7,-11.02,-11.02,,-14.77,,0.21,0.52,-1.08,-1.32,-1.75,-1.62,-1.65,-1.14,0.21,-1.33,-1.22,-0.87,12.1,2.9,2.0,0.7,0.1,2.1,1.2,0.428,10.3,0.867,1.3,4.41,1.13,5.51,0.0,-4.92,-339.5,80,3
221,3146557,Jock Landale,ATL,C,FREEAGENT,0,ACTIVE,0.17,-0.01,140.0,,0,,1.0,22.2,-11.02,,,-11.02,,-0.95,0.25,-0.44,-0.27,-1.91,-1.59,-1.96,-0.37,-0.79,-1.95,-1.36,0.32,10.6,5.7,1.7,0.5,0.5,1.1,0.9,0.515,8.1,0.635,1.9,4.15,1.18,2.84,0.132,-4.92,-295.2,80,3
222,4278355,Obi Toppin,IND,PF,FREEAGENT,0,ACTIVE,3.53,-0.09,140.3,231,0,63.0,1.0,20.0,-11.03,-11.03,,-11.07,,-0.06,0.12,-1.07,-0.9,-1.97,-1.63,-1.95,-0.6,-0.53,-1.65,-1.36,0.59,10.6,4.0,1.7,0.6,0.4,1.3,0.9,0.541,7.5,0.795,1.4,4.06,1.11,3.6,0.002,-4.93,-310.6,80,3
223,4433137,Ziaire Williams,LAL,SG/SF,FREEAGENT,0,DAY_TO_DAY,0.52,-0.01,140.3,248,0,65.0,1.0,23.0,-11.09,-11.09,,-10.91,,0.25,-0.8,-1.08,-1.35,-2.47,-1.05,-2.05,-0.6,-0.35,0.79,-1.64,-0.74,10.1,2.8,1.1,1.3,0.4,1.5,1.1,0.42,7.8,0.846,2.4,3.28,2.03,4.51,0.0,-4.99,-324.4,80,3
224,4277847,Wendell Carter Jr.,ORL,C,FREEAGENT,0,ACTIVE,4.04,0.06,140.6,176,0,72.0,1.0,25.4,-11.14,-11.14,,-8.53,,-0.39,-0.97,-0.48,0.11,-2.26,-1.09,-2.08,-0.42,-1.07,-1.33,-1.31,0.14,10.0,6.7,1.8,0.7,0.5,0.8,1.1,0.5,7.2,0.759,2.6,3.6,1.97,2.6,0.125,-5.04,-362.9,80,3
225,4397189,Jalen Smith,CHI,PF/C,FREEAGENT,0,DAY_TO_DAY,1.35,0.05,140.3,214,0,66.0,1.0,19.5,-11.14,-11.14,,-10.2,,-0.3,-0.09,-0.49,-0.01,-2.3,-1.53,-2.12,0.13,-0.46,-2.37,-1.6,-0.01,9.8,6.4,1.2,0.4,0.8,1.4,0.9,0.485,7.3,0.75,1.7,3.54,1.27,3.89,0.123,-5.04,-332.6,80,3
226,5214640,Kasparas Jakucionis,MIL,PG,FREEAGENT,0,ACTIVE,0.79,0,140.3,232,0,68.0,1.0,22.6,-11.15,-11.15,,-13.72,,0.24,0.92,-1.08,-1.17,-2.91,-1.46,-2.49,-0.95,-0.37,-0.99,-0.6,-0.29,8.0,3.3,3.3,0.8,0.2,1.5,1.2,0.451,5.7,0.862,1.6,2.57,1.38,3.71,0.0,-5.05,-343.4,80,3
227,4576060,Ryan Kalkbrenner,CHA,C,FREEAGENT,0,ACTIVE,1.77,0.03,140.7,196,0,69.0,1.0,23.2,-11.16,-11.16,,-11.41,,-0.44,-0.24,-0.91,-0.19,-2.54,-1.51,-2.58,1.55,-1.85,-1.98,-1.79,1.32,7.6,5.9,0.8,0.5,1.6,0.0,1.0,0.688,4.6,0.726,1.8,3.16,1.3,0.1,0.035,-5.06,-349.1,80,3
228,5104155,Bilal Coulibaly,WAS,SG/SF,FREEAGENT,0,ACTIVE,2.58,0,140.6,198,0,68.0,1.0,24.0,-11.18,-11.18,,-9.31,,-0.52,-1.16,-1.08,-0.94,-2.25,-1.06,-2.03,0.11,-0.88,0.44,-1.08,-0.74,10.2,3.9,2.3,1.2,0.8,1.0,1.4,0.426,8.5,0.745,2.7,3.62,2.02,3.21,0.001,-5.08,-345.4,80,3
229,4431679,Precious Achiuwa,SAC,PF/C,FREEAGENT,0,ACTIVE,3.33,0.18,140.7,161,0,71.0,1.0,24.3,-11.19,-11.19,,-11.13,,-1.37,-0.71,-0.44,0.15,-1.84,-1.66,-2.09,-0.05,-1.49,-0.62,-1.5,0.45,9.9,6.8,1.4,0.9,0.7,0.4,0.9,0.525,8.1,0.563,1.9,4.25,1.07,1.3,0.133,-5.09,-361.4,80,3
230,4601025,Pelle Larsson,MIA,SG/SF,FREEAGENT,0,DAY_TO_DAY,1.19,0,140.0,,0,,1.0,26.5,-11.19,,,-11.19,,-0.13,-0.8,-1.02,-1.1,-2.03,-0.67,-1.78,-0.91,-0.99,-1.31,-0.57,0.1,11.4,3.5,3.4,0.7,0.2,0.9,1.4,0.495,8.0,0.797,3.3,3.96,2.63,2.74,0.014,-5.09,-305.4,80,3
231,3032979,Dennis Schroder,CHA,PG,FREEAGENT,0,ACTIVE,3.81,-0.05,140.7,178,0,72.0,1.0,24.7,-11.25,-11.25,,-11.58,,0.17,-0.46,-0.93,-1.47,-2.09,-1.02,-1.83,-0.97,-0.55,-1.33,0.16,-0.94,11.2,2.5,4.9,0.7,0.2,1.3,1.7,0.416,9.3,0.833,2.5,3.88,2.08,3.81,0.032,-5.15,-370.8,80,3
232,4277848,Marvin Bagley III,DEN,PF/C,FREEAGENT,0,ACTIVE,0.75,0,140.4,238,0,61.0,1.0,19.1,-11.26,-11.26,,-10.25,,-0.98,0.41,-0.72,-0.23,-1.98,-1.37,-2.09,-0.05,-1.5,-2.37,-1.55,1.17,10.0,5.8,1.3,0.4,0.7,0.4,1.0,0.61,6.6,0.664,2.3,4.03,1.52,0.8,0.074,-5.16,-314.8,80,2
233,4278594,Naji Marshall,DAL,SF/PF,FREEAGENT,0,ACTIVE,2.8,0.03,140.6,197,0,70.0,1.0,24.2,-11.37,-11.37,,-8.26,,-0.27,-1.01,-1.0,-0.87,-1.81,-1.06,-1.77,-1.14,-1.07,-0.62,-0.93,0.18,11.4,4.1,2.6,0.9,0.1,0.8,1.3,0.502,8.6,0.775,2.6,4.31,2.01,2.6,0.016,-5.27,-368.9,80,3
234,6609,Khris Middleton,WAS,SF/PF,FREEAGENT,0,DAY_TO_DAY,0.74,-0.01,140.1,267,0,53.0,1.0,20.3,-11.41,-11.41,,-12.17,,0.28,0.03,-1.0,-1.13,-2.19,-1.36,-2.06,-0.94,-0.77,-1.32,-0.64,-0.32,10.1,3.4,3.2,0.7,0.2,1.1,1.6,0.459,8.1,0.863,1.8,3.72,1.55,3.0,0.017,-5.31,-281.4,80,3
235,4065731,Jay Huff,IND,C,FREEAGENT,0,ACTIVE,0.58,0,140.0,,0,,1.0,21.0,-11.45,,,-11.45,,0.06,-1.45,-1.02,-0.92,-2.29,-1.7,-2.17,2.06,-0.44,-2.0,-1.46,-0.11,9.5,4.0,1.5,0.5,1.9,1.5,0.9,0.476,7.5,0.829,1.2,3.55,1.0,4.55,0.012,-5.35,-321.0,80,3
236,4431767,Christian Braun,DEN,SG/SF,FREEAGENT,0,ACTIVE,28.45,-1.21,140.6,208,0,65.0,1.0,27.5,-11.46,-11.46,,-11.34,,-0.14,-0.78,-1.07,-0.83,-1.88,-1.28,-1.88,-0.76,-1.0,-1.28,-1.07,0.5,10.9,4.2,2.3,0.7,0.3,0.9,0.8,0.531,7.9,0.788,2.1,4.2,1.66,2.71,0.003,-5.36,-348.4,80,2
237,4431823,Miles McBride,NYK,PG/SG,FREEAGENT,0,ACTIVE,1.23,-0.01,140.2,247,0,65.0,1.0,22.2,-11.46,-11.46,,-8.86,,-0.04,1.22,-1.08,-1.61,-2.38,-1.88,-2.14,-0.96,0.25,-0.97,-1.12,-0.76,9.7,2.1,2.2,0.8,0.2,2.2,0.6,0.421,8.1,0.796,0.9,3.42,0.72,5.31,0.0,-5.36,-348.4,80,3
238,3936099,Derrick Jones Jr.,LAC,SF/PF,ONTEAM,4,ACTIVE,0.88,0.02,140.4,219,0,68.0,1.0,25.4,-11.53,-11.53,,-10.48,,-0.38,-0.31,-1.03,-1.13,-2.22,-1.5,-2.14,0.11,-0.82,-0.63,-1.64,0.16,9.7,3.4,1.1,0.9,0.8,1.1,0.8,0.502,7.3,0.738,1.8,3.66,1.32,3.0,0.01,-5.43,-369.2,80,3
239,5203685,Khaman Maluach,PHO,C,FREEAGENT,0,ACTIVE,4.25,0.02,140.2,218,0,65.0,1.0,23.0,-11.58,-11.58,,-19.31,,-0.45,-0.27,-0.83,0.41,-2.59,-1.56,-2.54,2.11,-1.46,-2.67,-2.02,0.29,7.8,7.5,0.3,0.3,1.9,0.4,1.4,0.521,5.9,0.721,1.7,3.08,1.23,1.2,0.052,-5.48,-356.2,80,2
240,6475,Klay Thompson,MIA,SG/SF,FREEAGENT,0,ACTIVE,15.95,-0.41,138.2,234,0,70.0,1.0,23.0,-11.62,-11.62,,-12.49,,0.03,0.8,-1.08,-1.54,-1.76,-1.92,-1.57,-0.78,1.05,-2.0,-1.45,-1.39,12.4,2.3,1.5,0.5,0.3,3.0,1.0,0.399,11.0,0.821,0.8,4.39,0.66,7.7,0.0,-5.52,-386.4,80,3
241,5061589,Yves Missi,NOP,C,FREEAGENT,0,ACTIVE,2.88,0.11,140.8,179,0,67.0,1.0,25.1,-11.64,-11.64,,-14.17,,-1.45,-0.0,-0.72,0.41,-2.54,-1.57,-2.6,1.93,-1.85,-2.34,-1.41,0.49,7.5,7.5,1.6,0.4,1.8,0.0,1.0,0.545,5.8,0.575,2.1,3.16,1.21,0.0,0.075,-5.54,-371.2,80,3
242,5107199,Daniss Jenkins,DET,PG,ONTEAM,5,ACTIVE,0.35,0,140.0,,0,,1.0,20.2,-11.75,,,-11.75,,0.14,0.09,-0.88,-1.54,-2.5,-1.16,-2.22,-0.94,-0.86,-0.66,-0.33,-0.88,9.3,2.3,3.9,0.9,0.2,1.0,1.6,0.408,7.9,0.832,2.2,3.22,1.86,2.71,0.042,-5.65,-339.0,80,3
243,4065804,Sam Hauser,BOS,SF/PF,FREEAGENT,0,DAY_TO_DAY,1.87,0,140.4,202,0,77.0,1.0,25.3,-11.77,-11.77,,-12.42,,0.05,1.18,-1.08,-0.94,-2.41,-2.18,-2.16,-0.78,0.71,-1.98,-1.5,-0.69,9.6,3.9,1.4,0.5,0.3,2.6,0.4,0.426,7.9,0.87,0.3,3.36,0.26,6.6,0.001,-5.67,-436.6,80,2
244,4845374,Bub Carrington,WAS,PG/SG,FREEAGENT,0,ACTIVE,2.59,0.02,140.7,181,0,82.0,1.0,25.1,-11.79,-11.79,,-10.16,,-0.23,0.83,-1.07,-1.24,-2.39,-1.77,-2.19,-0.97,-0.1,-1.66,-0.22,-0.77,9.5,3.1,4.1,0.6,0.2,1.8,2.0,0.42,8.1,0.745,1.2,3.4,0.89,4.5,0.002,-5.69,-466.6,80,3
245,4687718,Josh Minott,BKN,SF,FREEAGENT,0,ACTIVE,0.08,0,140.0,,0,,1.0,17.0,-11.81,,,-11.81,,-0.08,0.97,-0.99,-1.19,-2.91,-1.72,-2.62,-0.44,-0.58,-0.63,-1.72,0.1,7.4,3.2,0.9,0.9,0.5,1.3,0.9,0.5,5.1,0.787,1.2,2.57,0.98,3.12,0.02,-5.71,-342.6,80,3
246,4277813,Herbert Jones,NOP,SF/PF,FREEAGENT,0,ACTIVE,2.24,0.01,140.4,224,0,63.0,1.0,27.1,-11.85,-11.85,,-11.88,,0.02,-1.49,-1.08,-1.2,-2.54,-1.71,-2.37,-0.4,-0.57,1.48,-0.93,-1.05,8.6,3.2,2.6,1.5,0.5,1.3,1.2,0.395,8.0,0.816,1.2,3.16,0.98,4.21,0.0,-5.75,-362.2,80,3
247,4432907,Justin Champagnie,WAS,SF/PF,FREEAGENT,0,ACTIVE,0.18,0,140.0,,0,,1.0,20.0,-11.88,,,-11.88,,-0.11,-0.76,-0.8,-0.32,-2.41,-1.6,-2.36,-0.2,-1.1,-0.78,-1.59,0.15,8.7,5.6,1.2,0.9,0.6,0.8,0.7,0.502,6.7,0.784,1.5,3.36,1.16,2.41,0.058,-5.78,-346.8,80,3
248,4397183,Aaron Wiggins,ATL,SG/SF,FREEAGENT,0,ACTIVE,1.9,-0.04,140.4,225,0,72.0,1.0,20.3,-11.91,-11.91,,-12.78,,0.02,0.42,-1.08,-1.16,-2.04,-1.82,-2.05,-0.97,-0.45,-1.33,-1.45,0.01,10.1,3.3,1.5,0.7,0.2,1.4,0.9,0.487,8.1,0.819,1.0,3.94,0.82,3.69,0.0,-5.81,-418.3,80,3
249,4433174,Dylan Cardwell,SAC,C,FREEAGENT,0,ACTIVE,0.19,0.01,140.0,,0,,1.0,20.7,-11.98,,,-11.98,,-1.02,0.07,-0.75,0.43,-3.03,-1.96,-3.04,1.42,-1.81,-1.37,-1.5,0.58,5.4,7.6,1.4,0.7,1.5,0.0,0.9,0.587,4.1,0.51,1.2,2.39,0.59,0.09,0.068,-5.88,-352.8,80,3
250,4397475,AJ Green,MIL,SG,FREEAGENT,0,ACTIVE,0.78,0,140.2,243,0,76.0,1.0,25.4,-12.01,-12.01,,-10.5,,0.08,1.89,-1.08,-1.51,-2.68,-1.96,-2.29,-1.13,0.64,-2.0,-1.36,-0.6,9.0,2.4,1.7,0.5,0.1,2.6,0.8,0.426,6.9,0.849,0.7,2.93,0.59,6.11,0.0,-5.91,-449.2,80,3
251,2990992,Marcus Smart,HOU,PG/SG,FREEAGENT,0,ACTIVE,1.35,-0.03,140.2,250,0,62.0,1.0,24.4,-12.02,-12.02,,-11.21,,-0.07,-1.12,-1.08,-1.5,-2.61,-1.32,-2.25,-0.77,-0.4,0.78,-0.74,-0.93,9.2,2.4,3.0,1.3,0.3,1.5,1.6,0.401,7.6,0.798,2.0,3.05,1.6,4.5,0.0,-5.92,-367.0,80,3
252,4065778,Max Strus,LAC,SF,FREEAGENT,0,OUT,1.02,0.03,140.5,209,0,67.0,1.0,25.9,-12.03,-12.03,,,,-0.06,-0.38,-1.07,-0.9,-2.32,-1.84,-2.11,-0.78,0.14,-1.31,-0.65,-0.76,9.9,4.0,3.2,0.7,0.3,2.0,1.2,0.423,8.3,0.791,1.0,3.51,0.79,5.7,0.004,-5.93,-397.3,80,3
253,4702384,Nique Clifford,SAC,SG/SF,FREEAGENT,0,ACTIVE,1.24,0,140.5,211,0,72.0,1.0,27.4,-12.04,-12.04,,-13.67,,-0.28,-0.66,-1.07,-0.87,-2.11,-1.68,-2.11,-0.77,-0.73,-0.27,-0.93,-0.57,9.9,4.1,2.6,1.0,0.3,1.2,1.7,0.441,8.7,0.743,1.4,3.83,1.04,3.4,0.002,-5.94,-427.7,80,3
254,4432170,Isaiah Jackson,LAC,PF/C,FREEAGENT,0,ACTIVE,1.26,0.08,140.4,229,0,67.0,1.0,18.4,-12.06,-12.06,,-12.87,,-1.01,-0.24,-0.71,-0.19,-2.6,-1.43,-2.59,0.48,-1.85,-1.31,-1.64,1.03,7.6,5.9,1.1,0.7,1.0,0.0,1.2,0.637,4.8,0.653,2.2,3.06,1.43,0.1,0.077,-5.96,-399.3,80,3
255,4593841,Baylor Scheierman,BOS,SG,FREEAGENT,0,ACTIVE,0.86,0.04,140.3,227,0,72.0,1.0,25.1,-12.06,-12.06,,-14.95,,0.17,0.66,-0.94,-0.64,-2.87,-2.0,-2.6,-1.14,-0.2,-0.94,-1.22,-0.33,7.5,4.7,2.0,0.8,0.1,1.7,0.8,0.447,5.9,0.908,0.6,2.64,0.54,4.31,0.029,-5.96,-429.1,80,2
256,5211175,Zaccharie Risacher,DAL,SF,FREEAGENT,0,ACTIVE,2.47,0,140.5,230,0,68.0,1.0,22.8,-12.09,-12.09,,-12.41,,-0.67,-0.04,-1.08,-0.98,-2.12,-1.71,-2.06,-0.42,-0.42,-0.63,-1.59,-0.38,10.1,3.8,1.2,0.9,0.5,1.5,0.9,0.455,8.4,0.657,1.5,3.82,0.98,4.0,0.001,-5.99,-407.3,80,3
257,4278562,Paul Reed,DET,PF/C,FREEAGENT,0,ACTIVE,1.05,0.02,140.2,244,0,63.0,1.0,13.8,-12.12,-12.12,,-11.77,,-0.64,-0.21,-0.96,-0.75,-2.59,-1.65,-2.62,0.31,-1.67,-0.6,-1.59,0.86,7.4,4.4,1.2,0.9,0.9,0.2,0.9,0.604,5.1,0.673,1.6,3.08,1.08,0.6,0.025,-6.02,-379.3,80,3
258,4396818,Jordan Miller,LAC,SF,FREEAGENT,0,OUT,0.13,-0.01,140.0,349,0,,1.0,22.0,-12.14,,,-12.14,,-0.28,-0.28,-1.0,-1.27,-2.3,-0.9,-2.08,-0.99,-1.23,-1.14,-1.09,0.43,10.0,3.0,2.3,0.8,0.2,0.6,1.1,0.531,6.7,0.777,2.9,3.53,2.27,1.83,0.017,-6.04,-362.4,80,3
259,4065670,Bruce Brown,NYK,SG/SF,FREEAGENT,0,ACTIVE,0.23,-0.01,140.1,372,0,,1.0,24.3,-12.21,,,-12.21,,-0.22,0.18,-1.02,-0.95,-2.63,-1.6,-2.52,-0.88,-1.17,-0.15,-1.16,-0.11,7.9,3.9,2.1,1.0,0.2,0.7,1.1,0.475,6.4,0.762,1.5,3.02,1.17,1.8,0.012,-6.11,-366.6,80,3
260,4684272,Ja'Kobe Walter,TOR,SG,FREEAGENT,0,ACTIVE,0.6,-0.01,140.2,256,0,69.0,1.0,21.6,-12.25,-12.25,,-12.42,,-0.11,0.79,-1.08,-1.35,-2.84,-1.64,-2.49,-0.95,-0.32,-0.27,-1.55,-0.41,8.0,2.8,1.3,1.0,0.2,1.6,0.6,0.439,6.1,0.783,1.4,2.68,1.1,3.9,0.0,-6.15,-424.4,80,3
261,3133602,Svi Mykhailiuk,UTA,SG,FREEAGENT,0,ACTIVE,0.05,0,140.0,,0,,1.0,23.1,-12.27,,,-12.27,,0.13,1.18,-1.08,-1.47,-2.35,-2.02,-2.21,-1.21,0.06,-1.93,-1.28,-0.09,9.4,2.5,1.9,0.5,0.1,2.0,0.8,0.478,7.2,0.893,0.6,3.46,0.5,4.8,0.0,-6.17,-370.2,80,3
262,2991139,Kris Dunn,LAC,PG/SG,FREEAGENT,0,ACTIVE,0.87,0.01,140.5,210,0,75.0,1.0,22.0,-12.29,-12.29,,-10.27,,-0.13,-0.16,-1.08,-1.31,-3.05,-2.06,-2.92,-0.77,-1.04,1.11,-0.69,-0.18,6.0,2.9,3.1,1.4,0.3,0.8,1.1,0.462,5.1,0.733,0.6,2.36,0.44,2.31,0.0,-6.19,-464.3,80,3
263,6585,Andre Drummond,NYK,C,FREEAGENT,0,ACTIVE,1.45,-0.01,140.1,253,0,60.0,1.0,19.4,-12.36,-12.36,,-12.02,,-0.82,-0.17,-0.27,0.75,-2.86,-1.75,-2.78,-0.06,-1.45,-1.31,-1.6,-0.04,6.7,8.4,1.2,0.7,0.7,0.4,1.0,0.482,5.5,0.622,1.5,2.65,0.93,1.2,0.167,-6.26,-375.6,80,3
264,5112087,Jaylen Wells,MEM,SG/SF,FREEAGENT,0,ACTIVE,1.04,0,140.4,233,0,71.0,1.0,25.0,-12.41,-12.41,,-11.43,,-0.14,-0.54,-1.08,-1.24,-1.98,-1.24,-1.75,-1.14,-0.13,-0.96,-1.45,-0.76,11.6,3.1,1.5,0.8,0.1,1.8,1.0,0.43,9.4,0.788,2.2,4.04,1.73,5.0,0.0,-6.31,-448.0,80,3
265,4702177,Keon Ellis,BKN,SG/SF,FREEAGENT,0,ACTIVE,0.86,-0.01,140.3,241,0,72.0,1.0,21.0,-12.41,-12.41,,-13.47,,-0.18,0.21,-1.08,-1.65,-3.0,-1.86,-2.71,-0.07,-0.52,0.4,-1.64,-0.28,7.0,2.0,1.1,1.2,0.7,1.4,0.6,0.45,5.4,0.75,1.0,2.43,0.75,3.6,0.0,-6.31,-454.3,80,3
266,2596112,Javonte Green,DET,SF,FREEAGENT,0,ACTIVE,0.05,0,140.0,,0,,1.0,17.6,-12.46,,,-12.46,,0.13,0.21,-1.02,-1.35,-3.11,-1.53,-2.72,-0.77,-0.73,0.57,-1.84,-0.29,6.9,2.8,0.7,1.2,0.3,1.1,0.5,0.447,5.0,0.84,1.5,2.26,1.28,3.01,0.012,-6.36,-381.6,80,3
267,5106258,Gradey Dick,LAC,SG/SF,FREEAGENT,0,ACTIVE,1.9,0.03,139.9,222,0,72.0,1.0,25.8,-12.52,-12.52,,-17.66,,0.39,-1.57,-1.05,-1.13,-2.03,-1.17,-1.82,-0.97,-0.4,-0.27,-1.54,-0.95,11.2,3.4,1.3,1.0,0.2,1.5,1.1,0.417,9.5,0.874,2.1,3.96,1.83,4.69,0.007,-6.42,-462.2,80,3
268,4066372,Kevin Huerter,DET,SG/SF,FREEAGENT,0,ACTIVE,1.37,0,140.5,194,0,69.0,1.0,23.6,-12.59,-12.59,,-12.88,,-0.12,-1.69,-1.05,-1.09,-2.01,-1.85,-2.01,-0.41,-0.31,-0.62,-0.93,-0.49,10.3,3.5,2.6,0.9,0.5,1.6,1.1,0.448,8.9,0.768,1.0,3.99,0.77,5.0,0.008,-6.49,-447.8,80,3
269,4432823,Jaylin Williams,OKC,PF/C,FREEAGENT,0,DAY_TO_DAY,2.03,-0.05,139.9,237,0,67.0,1.0,19.0,-12.6,-12.6,,-12.21,,-0.07,0.36,-0.83,-0.38,-3.14,-1.69,-2.73,-0.24,-0.42,-1.98,-1.02,-0.46,6.9,5.4,2.4,0.5,0.6,1.5,1.0,0.425,5.2,0.793,1.3,2.21,1.03,3.81,0.052,-6.5,-435.5,80,3
270,3134932,John Konchar,FA,SG,FREEAGENT,0,ACTIVE,0.07,0,140.0,392,0,,1.0,19.9,-12.79,,,-12.79,,-0.19,-0.97,-0.82,-0.8,-3.48,-1.98,-3.25,-0.1,-1.36,1.39,-1.16,-0.07,4.4,4.3,2.1,1.5,0.7,0.5,0.6,0.472,3.6,0.726,0.8,1.68,0.57,1.77,0.054,-6.69,-401.4,,
271,4683689,Jordan Walsh,BOS,SF,FREEAGENT,0,ACTIVE,0.67,0.01,140.2,239,0,71.0,1.0,21.5,-12.86,-12.86,,-14.59,,-0.14,0.07,-1.0,-0.6,-3.04,-1.86,-2.84,-0.23,-1.01,-0.62,-1.69,0.11,6.4,4.8,1.0,0.9,0.6,0.9,0.6,0.503,4.7,0.761,1.0,2.37,0.76,2.3,0.016,-6.76,-480.0,80,2
272,4870562,Dominick Barlow,PHL,PF/C,FREEAGENT,0,DAY_TO_DAY,0.42,-0.01,139.9,,0,,1.0,23.7,-12.9,,,-12.9,,-0.5,-0.79,-0.95,-0.61,-2.62,-1.5,-2.57,0.02,-1.56,-0.66,-1.58,0.42,7.7,4.8,1.2,0.9,0.7,0.3,0.8,0.539,5.6,0.718,1.8,3.03,1.32,1.14,0.028,-6.8,-408.0,80,4
273,4595400,Olivier-Maxence Prosper,MEM,PF,FREEAGENT,0,ACTIVE,0.19,0,140.1,270,0,64.0,1.0,17.1,-12.92,-12.92,,-11.28,,-0.4,0.38,-1.04,-1.17,-2.51,-1.4,-2.31,-0.95,-0.89,-1.3,-1.73,0.41,8.9,3.3,0.9,0.7,0.2,1.0,0.8,0.534,6.0,0.742,2.0,3.2,1.48,2.5,0.01,-6.82,-436.5,80,3
274,4277951,Luka Garza,BOS,C,FREEAGENT,0,ACTIVE,0.18,0.03,139.9,,0,,1.0,16.1,-13.01,,,-13.01,,-0.21,0.74,-0.94,-0.88,-2.65,-1.51,-2.48,-0.59,-1.07,-2.38,-1.71,0.67,8.1,4.1,1.0,0.4,0.4,0.8,0.7,0.577,5.2,0.769,1.7,2.99,1.3,1.84,0.029,-6.91,-414.6,80,2
275,2581018,Kentavious Caldwell-Pope,PHL,SG/SF,FREEAGENT,0,ACTIVE,1.02,0,140.0,259,0,68.0,1.0,23.6,-13.11,-13.11,,-14.09,,0.28,-0.21,-1.08,-1.65,-2.82,-1.66,-2.55,-0.79,-0.66,-0.27,-1.26,-0.43,7.7,2.0,1.9,1.0,0.3,1.2,0.8,0.438,6.2,0.891,1.2,2.72,1.07,3.4,0.0,-7.01,-476.7,80,4
276,3907387,Ben Simmons,SAC,PG,FREEAGENT,0,DAY_TO_DAY,4.17,-0.02,139.6,311,0,37.0,1.0,21.2,-13.14,-13.14,,,,-0.32,-0.0,-1.06,-0.53,-3.11,-2.05,-3.13,-0.39,-1.85,-1.3,0.35,0.26,5.0,5.0,5.3,0.7,0.5,0.0,1.9,0.528,4.3,0.653,0.7,2.27,0.46,0.0,0.005,-7.04,-260.5,80,3
277,4592829,Quenton Jackson,IND,PG/SG,FREEAGENT,0,ACTIVE,0.13,0,140.1,388,0,,1.0,18.3,-13.14,,,-13.14,,0.09,-0.2,-0.99,-1.53,-2.55,-1.07,-2.26,-1.1,-1.02,-1.54,-0.81,-0.16,9.1,2.3,2.9,0.6,0.1,0.9,1.3,0.47,6.7,0.823,2.4,3.14,2.0,2.41,0.02,-7.04,-422.4,80,3
278,4997536,Gui Santos,GSW,SF,FREEAGENT,0,DAY_TO_DAY,1.24,0.01,140.4,242,0,66.0,1.0,23.9,-13.23,-13.23,,-11.82,,-0.33,-0.66,-0.94,-0.38,-2.86,-1.69,-2.63,-0.77,-0.8,-0.96,-1.03,-0.17,7.4,5.4,2.4,0.8,0.3,1.1,1.3,0.466,5.7,0.728,1.4,2.65,1.01,3.2,0.029,-7.13,-470.6,80,3
279,2991043,Caris LeVert,MIL,SG/SF,FREEAGENT,0,ACTIVE,0.74,-0.02,140.2,261,0,61.0,1.0,20.7,-13.3,-13.3,,-14.48,,-0.59,-0.54,-1.08,-1.54,-2.57,-1.59,-2.38,-0.23,-0.75,-0.61,-0.79,-0.62,8.5,2.3,2.9,0.9,0.6,1.1,1.4,0.427,7.3,0.692,1.7,3.12,1.18,3.29,0.0,-7.2,-439.2,80,3
280,4277869,Jose Alvarado,NYK,PG,FREEAGENT,0,ACTIVE,1.87,-0.05,140.0,245,0,66.0,1.0,20.4,-13.35,-13.35,,-13.68,,-0.13,-0.47,-1.05,-1.47,-2.74,-1.96,-2.54,-1.13,-0.37,-0.27,-0.5,-0.73,7.8,2.5,3.5,1.0,0.1,1.5,1.2,0.413,6.9,0.755,0.8,2.85,0.61,4.3,0.007,-7.25,-478.5,80,3
281,6477,Jonas Valanciunas,FA,C,FREEAGENT,0,ACTIVE,0.37,-0.02,140.0,403,0,,1.0,13.4,-13.38,,,-13.38,,-0.23,-0.16,-0.71,-0.51,-2.33,-1.31,-2.35,-0.29,-1.73,-2.99,-1.6,0.82,8.7,5.1,1.2,0.2,0.6,0.1,1.1,0.582,6.0,0.772,2.1,3.49,1.61,0.4,0.077,-7.28,-436.8,,
282,4432827,Oscar Tshiebwe,HOU,C,FREEAGENT,0,ACTIVE,0.04,0,140.0,,0,,1.0,16.6,-13.44,,,-13.44,,-1.37,-0.0,-0.54,0.08,-2.38,-1.7,-2.54,-0.99,-1.85,-1.68,-1.6,1.14,7.8,6.6,1.2,0.6,0.2,0.0,0.8,0.634,5.4,0.551,1.8,3.41,1.0,0.0,0.111,-7.34,-440.4,80,3
283,4279318,Daeqwon Plowden,SAC,SG,FREEAGENT,0,ACTIVE,0.04,0,140.0,,0,,1.0,26.3,-13.44,,,-13.44,,0.21,-1.32,-1.08,-1.27,-2.16,-1.51,-1.92,-0.92,0.04,-1.25,-1.56,-0.71,10.8,3.0,1.3,0.7,0.2,1.9,0.8,0.43,8.7,0.857,1.5,3.75,1.31,5.81,0.0,-7.34,-440.4,80,3
284,4702382,Tristan da Silva,ORL,SF/PF,FREEAGENT,0,ACTIVE,0.63,0.01,140.3,240,0,77.0,1.0,21.4,-13.47,-13.47,,-11.28,,0.21,-0.02,-1.08,-1.21,-2.6,-1.78,-2.43,-0.78,-0.56,-1.31,-1.5,-0.42,8.3,3.2,1.4,0.7,0.3,1.3,0.8,0.444,6.9,0.883,1.0,3.06,0.88,3.6,0.0,-7.37,-567.5,80,3
285,4997537,Tristan Vukcevic,WAS,PF,FREEAGENT,0,OUT,0.16,0,140.1,284,0,61.0,1.0,13.8,-13.47,-13.47,,-13.7,,-0.17,-0.35,-1.03,-1.24,-2.56,-1.25,-2.29,-0.05,-0.86,-1.98,-1.64,-0.05,9.0,3.1,1.1,0.5,0.7,1.0,1.3,0.481,6.5,0.783,2.2,3.13,1.72,2.9,0.01,-7.37,-449.6,80,3
286,4592492,Bones Hyland,MIN,PG,FREEAGENT,0,ACTIVE,0.57,0,140.0,274,0,62.0,1.0,16.2,-13.48,-13.48,,-13.19,,-0.05,0.51,-1.08,-1.77,-2.69,-1.79,-2.43,-0.97,-0.26,-1.67,-0.93,-0.35,8.3,1.7,2.6,0.6,0.2,1.6,1.0,0.449,6.5,0.794,1.1,2.92,0.87,4.19,0.0,-7.38,-457.6,80,3
287,4066993,Dru Smith,MIA,PG,FREEAGENT,0,DAY_TO_DAY,0.08,0,140.0,,0,,1.0,16.4,-13.53,,,-13.53,,0.08,-0.87,-1.08,-1.48,-3.32,-1.55,-2.99,-0.78,-1.32,1.21,-0.94,-0.47,5.6,2.5,2.6,1.4,0.3,0.5,0.8,0.415,4.6,0.829,1.5,1.93,1.24,1.84,0.0,-7.43,-445.8,80,3
288,3134903,Gary Payton II,GSW,SG,FREEAGENT,0,DAY_TO_DAY,0.36,-0.02,140.1,390,0,,1.0,15.6,-13.56,,,-13.56,,-0.26,-0.86,-0.95,-1.04,-2.44,-2.11,-2.6,-0.8,-1.36,-0.56,-1.37,0.79,7.5,3.6,1.7,0.9,0.3,0.5,0.8,0.583,5.7,0.65,0.5,3.31,0.36,1.74,0.027,-7.46,-447.6,80,3
289,5106060,Jarace Walker,IND,SF/PF,FREEAGENT,0,ACTIVE,0.65,0,140.1,279,0,63.0,1.0,18.6,-13.58,-13.58,,-10.2,,-0.34,0.4,-0.99,-1.05,-2.8,-1.69,-2.56,-0.77,-0.67,-1.32,-1.31,-0.46,7.7,3.6,1.8,0.7,0.3,1.2,1.2,0.436,6.3,0.727,1.4,2.75,1.02,3.1,0.02,-7.48,-471.2,80,3
290,4433218,Jaden Ivey,FA,PG/SG,FREEAGENT,0,DAY_TO_DAY,0.41,-0.01,140.0,364,0,,1.0,18.1,-13.6,,,-13.6,,-0.01,0.08,-1.08,-1.48,-2.59,-1.69,-2.38,-0.64,-0.53,-1.58,-1.29,-0.41,8.5,2.5,1.8,0.6,0.4,1.4,1.1,0.445,6.9,0.809,1.3,3.08,1.03,3.62,0.0,-7.5,-450.0,,
291,4432847,Terrence Shannon Jr.,MIN,SG,FREEAGENT,0,ACTIVE,0.54,0,140.0,283,0,69.0,1.0,20.7,-13.62,-13.62,,-17.58,,-0.04,0.65,-1.08,-1.65,-2.65,-1.01,-2.24,-1.14,-0.71,-1.98,-1.45,-0.32,9.2,2.0,1.5,0.5,0.1,1.2,0.9,0.453,6.6,0.805,2.6,2.99,2.09,2.9,0.0,-7.52,-518.9,80,3
292,4610139,Jeremy Sochan,POR,PF,FREEAGENT,0,ACTIVE,0.58,-0.01,140.3,246,0,66.0,1.0,21.3,-13.65,-13.65,,-19.36,,-0.32,-0.88,-1.05,-0.57,-2.36,-1.64,-2.38,-0.61,-1.3,-1.32,-1.12,-0.09,8.5,4.9,2.2,0.7,0.4,0.6,1.3,0.478,7.2,0.737,1.5,3.44,1.11,1.89,0.006,-7.55,-498.3,80,2
293,6578,Harrison Barnes,SAS,SF/PF,FREEAGENT,0,ACTIVE,0.99,-0.02,140.3,251,0,80.0,1.0,20.5,-13.71,-13.71,,-11.95,,0.01,0.68,-1.08,-1.5,-2.66,-1.51,-2.36,-1.14,-0.48,-2.0,-1.6,-0.06,8.7,2.4,1.2,0.5,0.1,1.4,0.5,0.48,6.2,0.812,1.6,2.98,1.3,3.5,0.0,-7.61,-608.8,80,3
294,2990984,Buddy Hield,CHI,SG/SF,FREEAGENT,0,ACTIVE,1.0,-0.03,140.1,278,0,62.0,1.0,18.2,-13.75,-13.75,,-14.95,,0.05,-0.33,-1.08,-1.47,-2.52,-1.97,-2.35,-0.97,-0.14,-0.94,-1.45,-0.59,8.7,2.5,1.5,0.8,0.2,1.8,1.0,0.431,7.4,0.837,0.7,3.19,0.58,4.9,0.0,-7.65,-474.3,80,3
295,5144126,Will Riley,WAS,SF,ONTEAM,5,ACTIVE,0.34,-0.01,140.0,,0,,1.0,22.0,-13.75,,,-13.75,,-0.07,-1.13,-0.95,-1.33,-2.22,-1.1,-2.01,-1.1,-0.82,-1.21,-1.23,-0.58,10.3,2.9,2.0,0.7,0.1,1.1,1.3,0.439,8.4,0.8,2.4,3.66,1.95,3.34,0.027,-7.65,-459.0,80,3
296,5281370,Hannes Steinbach,CHA,PF,FREEAGENT,0,ACTIVE,1.34,-0.01,140.3,254,0,71.0,1.0,17.9,-13.76,-13.76,,,,-0.25,-0.17,-1.07,-0.87,-2.78,-1.52,-2.69,0.3,-1.66,-1.3,-1.64,-0.12,7.1,4.1,1.1,0.7,0.9,0.2,0.9,0.473,5.9,0.761,1.7,2.79,1.3,0.61,0.002,-7.66,-543.9,80,3
297,4702352,Kobe Sanders,LAC,SG,FREEAGENT,0,DAY_TO_DAY,0.1,0,140.0,,0,,1.0,19.9,-13.79,,,-13.79,,0.04,0.71,-1.08,-1.56,-2.88,-1.81,-2.65,-1.05,-0.7,-1.24,-1.4,-0.17,7.3,2.2,1.6,0.7,0.1,1.2,1.2,0.466,5.6,0.826,1.0,2.63,0.84,2.88,0.0,-7.69,-461.4,80,3
298,4432241,Jamal Shead,TOR,PG,FREEAGENT,0,ACTIVE,1.94,0.05,140.7,169,0,81.0,1.0,23.3,-13.8,-13.8,,-14.36,,-0.09,-0.98,-0.99,-1.73,-2.99,-1.64,-2.69,-0.96,-0.82,-0.27,0.45,-1.09,7.1,1.8,5.5,1.0,0.2,1.1,1.5,0.372,6.6,0.788,1.4,2.46,1.1,3.3,0.019,-7.7,-623.7,80,3
299,4576086,Bryce McGowens,NOP,SG,FREEAGENT,0,ACTIVE,0.03,0,140.0,,0,,1.0,21.0,-13.8,,,-13.8,,-0.21,0.55,-1.08,-1.62,-2.82,-1.22,-2.48,-0.93,-0.97,-1.51,-1.46,-0.05,8.1,2.1,1.5,0.6,0.2,0.9,0.4,0.481,5.6,0.779,2.3,2.71,1.76,2.21,0.0,-7.7,-462.0,80,3
300,2580365,Larry Nance Jr.,IND,PF,FREEAGENT,0,DAY_TO_DAY,0.19,0,140.1,277,0,62.0,1.0,17.8,-13.84,-13.84,,-18.49,,-0.18,0.37,-1.08,-0.83,-3.06,-2.02,-2.94,-0.77,-1.14,-0.94,-1.45,0.21,5.9,4.2,1.5,0.8,0.3,0.7,0.7,0.52,4.5,0.72,0.7,2.34,0.5,1.81,0.0,-7.74,-479.9,80,3
301,3102529,Clint Capela,HOU,C,FREEAGENT,0,ACTIVE,0.56,-0.02,140.2,258,0,62.0,1.0,16.8,-13.91,-13.91,,-16.71,,-1.0,-0.0,-0.98,0.11,-2.74,-1.74,-2.79,0.31,-1.85,-2.0,-1.74,0.51,6.6,6.7,0.9,0.5,0.9,0.0,0.7,0.557,5.1,0.596,1.6,2.84,0.95,0.0,0.021,-7.81,-484.2,80,3
302,3064230,Cameron Payne,FA,PG,FREEAGENT,0,DAY_TO_DAY,0.06,0,140.0,356,0,,1.0,17.0,-13.93,,,-13.93,,0.16,-1.1,-0.86,-1.65,-2.93,-1.79,-2.62,-0.75,-0.43,0.04,-0.91,-1.08,7.4,2.0,2.6,1.1,0.3,1.5,0.5,0.376,6.8,0.864,1.0,2.54,0.86,4.41,0.045,-7.83,-469.8,,
303,3037789,Bogdan Bogdanovic,HOU,SG/SF,FREEAGENT,0,ACTIVE,0.41,-0.01,140.1,273,0,65.0,1.0,17.6,-13.96,-13.96,,-16.26,,0.25,-0.04,-1.08,-1.61,-2.58,-1.71,-2.34,-0.96,-0.3,-1.66,-1.26,-0.67,8.8,2.1,1.9,0.6,0.2,1.6,0.9,0.423,7.3,0.889,1.1,3.09,0.98,4.31,0.0,-7.86,-510.9,80,3
304,4888725,Ryan Dunn,PHO,SF/PF,FREEAGENT,0,ACTIVE,0.58,0,140.3,235,0,71.0,1.0,22.6,-13.97,-13.97,,-15.24,,-0.75,-0.77,-1.0,-0.6,-2.75,-2.09,-2.7,-0.41,-0.89,-0.27,-1.4,-0.33,7.0,4.8,1.6,1.0,0.5,1.0,0.9,0.45,6.3,0.491,0.8,2.83,0.39,3.0,0.017,-7.87,-558.8,80,2
305,3907823,Terance Mann,BKN,SG/SF,FREEAGENT,0,ACTIVE,0.39,0,140.3,252,0,71.0,1.0,23.8,-14.0,-14.0,,-13.98,,-0.12,-0.07,-1.08,-1.24,-2.79,-1.75,-2.64,-0.96,-1.0,-1.3,-0.88,-0.16,7.3,3.1,2.7,0.7,0.2,0.9,1.0,0.468,5.9,0.777,1.2,2.76,0.93,2.39,0.0,-7.9,-560.9,80,3
306,4066218,Grant Williams,CHA,PF,FREEAGENT,0,DAY_TO_DAY,0.26,0,140.1,285,0,63.0,1.0,19.4,-14.03,-14.03,,-13.82,,-0.02,0.34,-1.08,-1.02,-3.15,-1.62,-2.73,-0.4,-0.53,-1.98,-1.45,-0.39,6.9,3.7,1.5,0.5,0.5,1.3,0.9,0.433,5.1,0.807,1.4,2.21,1.13,3.51,0.0,-7.93,-499.6,80,3
307,4684806,Taylor Hendricks,MEM,PF,FREEAGENT,0,ACTIVE,0.17,0,140.0,,0,,1.0,19.0,-14.11,,,-14.11,,-0.46,-0.53,-0.92,-1.0,-2.79,-1.81,-2.62,-0.4,-0.81,-0.8,-1.72,-0.24,7.4,3.7,0.9,0.8,0.5,1.1,0.8,0.459,6.0,0.681,1.2,2.76,0.83,3.12,0.034,-8.01,-480.6,80,3
308,4278572,Jamal Cain,ORL,SF,FREEAGENT,0,ACTIVE,0.13,0,140.1,271,0,69.0,1.0,19.3,-14.11,-14.11,,-17.52,,-0.02,0.01,-1.08,-1.24,-2.72,-1.42,-2.44,-0.95,-0.81,-1.68,-1.64,-0.12,8.3,3.1,1.1,0.6,0.2,1.1,0.8,0.473,6.1,0.806,1.8,2.88,1.45,2.9,0.0,-8.01,-552.7,80,3
309,4280151,Corey Kispert,ATL,SG/SF,FREEAGENT,0,ACTIVE,0.27,0,140.1,269,0,65.0,1.0,20.3,-14.21,-14.21,,-14.86,,-0.09,-0.06,-1.08,-1.5,-2.36,-1.48,-2.11,-0.96,-0.27,-2.67,-1.41,-0.22,9.9,2.4,1.6,0.3,0.2,1.6,0.8,0.466,7.4,0.793,1.7,3.45,1.35,4.4,0.0,-8.11,-527.1,80,3
310,4432173,Sharife Cooper,FA,PG,FREEAGENT,0,ACTIVE,0.12,-0.01,139.9,,0,,1.0,17.1,-14.21,,,-14.21,,0.1,0.14,-1.08,-1.62,-2.58,-1.56,-2.47,-1.1,-1.16,-2.38,-0.73,0.24,8.1,2.1,3.0,0.4,0.1,0.7,1.5,0.514,6.0,0.834,1.5,3.1,1.22,1.85,0.0,-8.11,-486.6,,
311,4897262,Will Richard,GSW,SG/SF,FREEAGENT,0,ACTIVE,0.14,0,140.0,,0,,1.0,20.0,-14.25,,,-14.25,,0.09,-0.67,-1.08,-1.47,-3.06,-1.92,-2.84,-1.08,-0.85,0.28,-1.52,-0.13,6.4,2.5,1.3,1.2,0.1,1.0,0.8,0.468,5.0,0.852,0.8,2.35,0.67,3.07,0.0,-8.15,-489.0,80,3
312,3449,Kevin Love,FA,PF,FREEAGENT,0,ACTIVE,0.18,0,140.0,383,0,,1.0,16.5,-14.27,,,-14.27,,0.11,0.09,-0.82,-0.22,-3.19,-1.7,-2.77,-0.88,-0.45,-2.42,-1.31,-0.69,6.7,5.8,1.8,0.4,0.2,1.4,0.8,0.397,5.4,0.841,1.2,2.13,1.0,3.84,0.054,-8.17,-490.2,,
313,4997538,Karlo Matkovic,NOP,PF,FREEAGENT,0,ACTIVE,0.04,0,140.0,,0,,1.0,14.7,-14.29,,,-14.29,,-0.15,0.49,-1.01,-1.02,-3.09,-2.03,-2.99,0.25,-1.25,-2.34,-1.78,0.64,5.7,3.7,0.8,0.4,0.9,0.6,0.5,0.604,3.8,0.732,0.7,2.29,0.48,1.45,0.016,-8.19,-491.4,80,3
314,3914044,Landry Shamet,NYK,SG,FREEAGENT,0,ACTIVE,0.6,-0.02,139.9,288,0,67.0,1.0,20.8,-14.3,-14.3,,-13.48,,-0.3,0.59,-1.08,-1.8,-2.73,-1.79,-2.42,-0.97,-0.1,-1.67,-1.6,-0.43,8.4,1.6,1.2,0.6,0.2,1.8,0.6,0.44,6.5,0.725,1.2,2.87,0.87,4.6,0.0,-8.2,-549.4,80,3
315,4606840,Jamir Watkins,WAS,SG,FREEAGENT,0,OUT,0.04,0,140.0,,0,,1.0,20.6,-14.36,,,-14.36,,-0.55,-1.44,-1.08,-0.95,-2.87,-1.62,-2.63,-0.42,-0.93,0.0,-1.53,-0.35,7.4,3.9,1.3,1.1,0.5,0.9,0.8,0.446,5.9,0.695,1.6,2.64,1.14,3.16,0.0,-8.26,-495.6,80,3
316,4684275,Rob Dillingham,FA,PG,FREEAGENT,0,DAY_TO_DAY,0.67,-0.03,140.0,264,0,68.0,1.0,20.5,-14.42,-14.42,,-16.89,,-0.25,-0.95,-1.08,-1.39,-2.35,-1.83,-2.37,-1.13,-0.99,-0.27,-0.69,-1.12,8.6,2.7,3.1,1.0,0.1,0.9,2.1,0.397,8.7,0.733,1.1,3.46,0.81,2.79,0.0,-8.32,-565.8,,
317,4701233,Craig Porter Jr.,CLE,PG/SG,FREEAGENT,0,ACTIVE,0.09,0.01,140.0,,0,,1.0,17.9,-14.55,,,-14.55,,-0.38,-0.13,-1.08,-1.11,-3.4,-2.1,-3.23,-0.25,-1.35,-0.65,-0.64,-0.21,4.5,3.4,3.2,0.9,0.6,0.5,0.9,0.45,4.0,0.6,0.6,1.81,0.38,1.45,0.0,-8.45,-507.0,80,2
318,3899664,Simone Fontecchio,MIA,SF,FREEAGENT,0,ACTIVE,0.23,0,140.1,268,0,71.0,1.0,17.1,-14.58,-14.58,,-14.11,,0.16,0.07,-1.08,-1.28,-2.84,-1.59,-2.46,-1.14,-0.26,-1.98,-1.5,-0.68,8.2,3.0,1.4,0.5,0.1,1.6,0.7,0.413,6.5,0.849,1.4,2.69,1.18,4.39,0.0,-8.48,-602.1,80,3
319,4592714,Pat Spencer,PHO,PG/SG,FREEAGENT,0,ACTIVE,0.13,0,140.0,,0,,1.0,18.6,-14.58,,,-14.58,,-0.1,-0.2,-1.01,-1.51,-2.76,-1.92,-2.66,-1.18,-0.96,-1.22,-0.5,-0.57,7.2,2.4,3.5,0.7,0.1,0.9,1.3,0.427,6.6,0.772,0.9,2.82,0.67,2.54,0.015,-8.48,-508.8,80,2
320,4432174,Cam Thomas,FA,SG/SF,FREEAGENT,0,ACTIVE,18.1,-0.94,140.0,354,0,,1.0,21.0,-14.59,,,-14.59,,0.0,-1.51,-1.08,-1.77,-1.69,-0.26,-1.34,-1.15,-0.64,-2.99,-0.94,-1.21,13.5,1.7,2.6,0.2,0.1,1.2,1.8,0.41,11.0,0.811,4.0,4.5,3.26,4.0,0.0,-8.49,-509.4,,
321,4397077,Jaxson Hayes,UTA,C,FREEAGENT,0,ACTIVE,0.38,0,140.1,276,0,64.0,1.0,16.8,-14.66,-14.66,,-13.5,,-0.88,-0.02,-1.04,-0.94,-2.91,-1.61,-2.85,-0.05,-1.82,-2.0,-1.79,1.25,6.3,3.9,0.8,0.5,0.7,0.0,0.6,0.737,3.5,0.643,1.8,2.58,1.16,0.09,0.008,-8.56,-547.8,80,3
322,2993874,Kyle Anderson,TOR,SF/PF,FREEAGENT,0,ACTIVE,0.28,-0.01,140.1,266,0,62.0,1.0,17.7,-14.66,-14.66,,-12.74,,-0.36,-0.17,-1.08,-1.24,-3.18,-1.75,-3.03,-0.42,-1.66,-0.94,-0.79,-0.04,5.5,3.1,2.9,0.8,0.5,0.2,0.8,0.48,4.5,0.716,1.3,2.16,0.94,0.6,0.0,-8.56,-530.7,80,3
323,4592427,Spencer Jones,DEN,SF/PF,FREEAGENT,0,DAY_TO_DAY,0.07,0,140.0,,0,,1.0,22.2,-14.67,,,-14.67,,-0.47,0.38,-1.01,-1.18,-3.24,-2.03,-3.02,-0.5,-0.98,-0.92,-1.79,0.1,5.5,3.3,0.8,0.8,0.5,0.9,0.5,0.504,4.1,0.607,0.8,2.06,0.48,2.25,0.016,-8.57,-514.2,80,2
324,5175647,Hugo Gonzalez,BOS,SF,FREEAGENT,0,ACTIVE,0.86,0.01,140.1,262,0,74.0,1.0,21.7,-14.74,-14.74,,-17.46,,-0.43,-0.07,-1.01,-0.56,-3.06,-2.18,-2.97,-0.59,-1.03,-0.98,-1.79,-0.07,5.8,4.9,0.8,0.8,0.4,0.8,0.8,0.477,4.9,0.514,0.5,2.34,0.26,2.3,0.015,-8.64,-639.4,80,2
325,3064560,Luke Kornet,SAS,C,FREEAGENT,0,ACTIVE,1.27,0,140.0,257,0,71.0,1.0,15.6,-14.8,-14.8,,-12.04,,-0.05,-0.0,-0.98,-0.76,-3.24,-1.79,-3.13,0.13,-1.85,-2.37,-1.55,0.79,5.0,4.4,1.3,0.4,0.8,0.0,0.3,0.663,3.1,0.794,1.1,2.06,0.87,0.0,0.022,-8.7,-617.7,80,3
326,4431684,Trayce Jackson-Davis,TOR,PF,FREEAGENT,0,DAY_TO_DAY,0.29,0,140.1,260,0,65.0,1.0,15.9,-14.82,-14.82,,-19.03,,-1.46,-0.0,-1.02,-0.56,-2.71,-1.68,-2.74,0.12,-1.85,-2.35,-1.5,0.94,6.8,4.9,1.4,0.4,0.8,0.0,0.7,0.629,4.6,0.548,1.9,2.89,1.05,0.0,0.013,-8.72,-566.8,80,3
327,4397227,Vince Williams Jr.,FA,PG/SG,FREEAGENT,0,OUT,0.12,0.01,140.1,400,0,,1.0,20.5,-14.82,,,-14.82,,-0.11,-1.64,-0.96,-0.95,-2.91,-1.72,-2.6,-0.6,-0.51,-1.22,-0.18,-1.4,7.5,3.9,4.2,0.7,0.4,1.4,1.8,0.353,7.3,0.78,1.2,2.58,0.97,4.42,0.025,-8.72,-523.2,,
328,2990962,Taurean Prince,DET,SF,FREEAGENT,0,ACTIVE,0.21,-0.01,140.0,312,0,62.0,1.0,16.4,-14.83,-14.83,,-10.22,,0.03,1.31,-0.9,-1.62,-3.23,-2.18,-2.96,-0.97,-0.5,-2.0,-1.6,-0.22,5.8,2.1,1.2,0.5,0.2,1.4,0.7,0.453,4.6,0.843,0.3,2.08,0.26,3.19,0.039,-8.73,-541.3,80,3
329,4348700,Goga Bitadze,ORL,C,FREEAGENT,0,ACTIVE,0.33,-0.01,140.1,265,0,65.0,1.0,13.3,-14.92,-14.92,,-13.42,,-0.44,-0.27,-0.97,-0.79,-3.25,-1.76,-3.12,0.32,-1.82,-1.98,-1.6,0.76,5.0,4.3,1.2,0.5,0.9,0.0,0.6,0.658,3.1,0.694,1.3,2.05,0.91,0.2,0.024,-8.82,-573.3,80,3
330,4277843,Gary Trent Jr.,MIL,SG/SF,FREEAGENT,0,ACTIVE,0.37,0,140.0,292,0,67.0,1.0,22.3,-15.0,-15.0,,-16.49,,-0.07,0.12,-1.08,-1.92,-2.58,-1.89,-2.3,-1.13,0.12,-1.67,-1.6,-1.0,8.9,1.3,1.2,0.6,0.1,2.0,0.6,0.398,7.8,0.782,0.9,3.1,0.7,5.4,0.0,-8.9,-596.3,80,3
331,4683771,Ronald Holland II,DET,SF/PF,FREEAGENT,0,ACTIVE,0.79,0.01,140.3,249,0,79.0,1.0,18.5,-15.04,-15.04,,-13.91,,-0.08,-1.78,-1.02,-1.06,-2.75,-1.43,-2.57,-0.77,-1.3,-0.27,-1.59,-0.42,7.6,3.6,1.2,1.0,0.3,0.6,1.1,0.441,6.4,0.796,1.8,2.82,1.43,2.3,0.013,-8.94,-706.3,80,3
332,3912848,Dean Wade,PHL,PF,FREEAGENT,0,ACTIVE,0.69,0.02,139.9,294,0,58.0,1.0,21.5,-15.06,-15.06,,-14.64,,-0.27,-0.02,-1.04,-0.86,-3.33,-2.09,-3.01,-0.6,-0.56,-1.29,-1.59,-0.4,5.6,4.1,1.2,0.7,0.4,1.3,0.3,0.425,4.5,0.658,0.6,1.91,0.4,3.6,0.009,-8.96,-519.7,80,4
333,4066650,Zach Collins,CHI,C,FREEAGENT,0,DAY_TO_DAY,0.14,0,140.0,301,0,56.0,1.0,14.7,-15.07,-15.07,,,,-0.12,-0.12,-1.07,-0.83,-2.87,-1.65,-2.71,-0.61,-1.26,-2.68,-1.45,0.3,7.0,4.2,1.5,0.3,0.4,0.6,0.9,0.529,5.0,0.782,1.4,2.64,1.09,1.7,0.002,-8.97,-502.3,80,3
334,4712896,Noah Clowney,BKN,PF,FREEAGENT,0,ACTIVE,0.42,0,140.1,272,0,69.0,1.0,19.6,-15.08,-15.08,,-11.56,,-0.06,-1.07,-1.05,-1.24,-2.82,-1.11,-2.33,-0.41,-0.47,-1.98,-1.64,-0.91,8.8,3.1,1.1,0.5,0.5,1.4,1.1,0.395,6.9,0.801,2.4,2.73,1.93,4.3,0.008,-8.98,-619.6,80,3
335,5105637,Adem Bona,PHL,C,FREEAGENT,0,DAY_TO_DAY,0.56,0,139.9,275,0,69.0,1.0,17.2,-15.17,-15.17,,-15.26,,-0.47,-0.05,-1.05,-0.79,-3.35,-1.62,-3.14,0.85,-1.82,-2.33,-1.92,0.54,4.9,4.3,0.5,0.4,1.2,0.0,0.8,0.608,3.1,0.709,1.6,1.88,1.13,0.1,0.007,-9.07,-625.8,80,4
336,4433629,Ryan Nembhard,DEN,PG/SG,FREEAGENT,0,ACTIVE,0.12,0,140.0,,0,,1.0,19.5,-15.18,,,-15.18,,-0.01,-0.2,-0.76,-1.57,-2.83,-2.08,-2.79,-1.26,-1.07,-2.29,0.33,-0.66,6.6,2.2,5.3,0.4,0.0,0.8,1.4,0.415,6.5,0.807,0.5,2.7,0.42,2.25,0.067,-9.08,-544.8,80,2
337,4997528,Nikola Jovic,MIA,PF,FREEAGENT,0,ACTIVE,1.79,0,139.8,236,0,71.0,1.0,22.9,-15.23,-15.23,,-18.04,,-0.79,-2.21,-1.07,-0.83,-2.46,-1.22,-2.15,-0.61,-0.53,-1.3,-0.83,-1.23,9.7,4.2,2.8,0.7,0.4,1.4,1.7,0.386,8.5,0.702,2.5,3.28,1.76,4.61,0.002,-9.13,-648.2,80,3
338,2528426,Jordan Clarkson,NYK,SG/SF,FREEAGENT,0,ACTIVE,0.97,-0.03,139.9,290,0,66.0,1.0,19.0,-15.24,-15.24,,-16.21,,0.05,-0.84,-1.08,-1.65,-2.28,-1.5,-2.16,-1.13,-0.76,-2.0,-1.36,-0.53,9.6,2.0,1.7,0.5,0.1,1.1,1.1,0.441,8.1,0.821,1.6,3.58,1.32,3.39,0.0,-9.14,-603.2,80,3
339,5211176,Tidjane Salaun,CHA,PF,FREEAGENT,0,ACTIVE,0.08,0,140.0,,0,,1.0,15.6,-15.26,,,-15.26,,-0.5,0.91,-0.95,-0.89,-3.17,-1.89,-2.92,-0.98,-0.9,-2.24,-1.82,0.1,6.0,4.0,0.7,0.4,0.2,1.0,0.7,0.503,4.3,0.65,1.1,2.16,0.7,2.24,0.027,-9.16,-549.6,80,3
340,2581184,Anthony Gill,WAS,PF,FREEAGENT,0,ACTIVE,0.03,0.01,140.0,,0,,1.0,17.3,-15.3,,,-15.3,,-0.17,-0.08,-1.08,-1.33,-2.99,-1.95,-2.95,-0.63,-1.55,-1.78,-1.57,0.79,5.8,2.9,1.3,0.6,0.4,0.3,0.7,0.628,3.9,0.739,0.8,2.46,0.62,0.87,0.0,-9.2,-552.0,80,3
341,3136196,Trey Lyles,MIN,PF,FREEAGENT,0,ACTIVE,0.18,0,140.1,286,0,64.0,1.0,19.7,-15.33,-15.33,,,,-0.38,-0.19,-1.07,-0.72,-3.04,-1.8,-2.73,-0.78,-0.59,-2.0,-1.59,-0.43,6.9,4.5,1.2,0.5,0.3,1.3,0.6,0.432,5.5,0.702,1.2,2.38,0.84,3.59,0.003,-9.23,-590.7,80,3
342,4433188,Devin Carter,BOS,PG,FREEAGENT,0,ACTIVE,0.1,0.01,140.0,,0,,1.0,18.4,-15.33,,,-15.33,,-0.71,-2.02,-1.08,-1.17,-2.52,-1.22,-2.3,-0.89,-1.08,-0.64,-0.9,-0.8,8.9,3.3,2.7,0.9,0.2,0.8,1.4,0.414,7.7,0.713,2.5,3.18,1.76,3.0,0.0,-9.23,-553.8,80,2
343,3136776,D'Angelo Russell,FA,PG/SG,FREEAGENT,0,ACTIVE,18.16,-0.94,140.0,307,0,48.0,1.0,17.2,-15.37,-15.37,,-15.91,,-0.23,-1.3,-0.99,-1.65,-2.52,-1.47,-2.28,-0.94,-0.61,-2.0,-0.5,-0.87,9.0,2.0,3.5,0.5,0.2,1.3,1.5,0.409,7.8,0.767,1.8,3.19,1.38,4.0,0.019,-9.27,-445.0,,
344,4711297,Justin Edwards,PHL,SF,FREEAGENT,0,ACTIVE,0.21,0,139.9,,0,,1.0,15.2,-15.38,,,-15.38,,0.07,0.05,-1.08,-1.85,-3.13,-2.01,-2.91,-1.01,-0.83,-0.81,-1.57,-0.29,6.0,1.5,1.2,0.8,0.2,1.0,0.6,0.447,5.0,0.847,0.6,2.23,0.52,2.81,0.0,-9.28,-556.8,80,4
345,4997526,Ousmane Dieng,MIL,SF,FREEAGENT,0,ACTIVE,0.24,-0.01,140.0,,0,,1.0,19.4,-15.39,,,-15.39,,-0.23,-0.59,-0.66,-1.22,-2.68,-1.98,-2.59,-0.78,-0.77,-2.21,-1.03,-0.65,7.6,3.2,2.4,0.4,0.3,1.1,1.3,0.422,7.0,0.711,0.8,2.95,0.56,3.25,0.088,-9.29,-557.4,80,3
346,4432822,Isaac Okoro,CHI,SG/SF,FREEAGENT,0,ACTIVE,0.2,-0.01,140.1,280,0,68.0,1.0,21.6,-15.39,-15.39,,-13.61,,-0.13,-0.57,-1.08,-1.54,-2.85,-1.65,-2.63,-0.6,-0.93,-1.65,-1.55,-0.21,7.4,2.3,1.3,0.6,0.4,0.9,0.6,0.462,5.8,0.779,1.4,2.68,1.09,2.79,0.0,-9.29,-631.7,80,3
347,4593016,Quinten Post,MEM,PF/C,FREEAGENT,0,ACTIVE,0.11,0,140.0,,0,,1.0,17.3,-15.41,,,-15.41,,-0.04,-0.88,-1.08,-0.9,-2.72,-2.02,-2.57,-0.38,-0.5,-2.39,-1.5,-0.44,7.7,4.0,1.4,0.4,0.5,1.4,0.8,0.44,6.6,0.79,0.6,2.88,0.51,4.13,0.0,-9.31,-558.6,80,3
348,5105592,Cam Whitmore,DEN,SF/PF,FREEAGENT,0,ACTIVE,2.02,-0.09,140.0,369,0,,1.0,16.9,-15.45,,,-15.45,,-0.3,-1.41,-1.08,-1.37,-2.22,-1.64,-2.25,-0.63,-1.11,-1.26,-1.83,-0.36,9.2,2.8,0.7,0.7,0.4,0.8,0.9,0.456,8.0,0.742,1.5,3.67,1.09,2.67,0.0,-9.35,-561.0,80,2
349,3150844,Moritz Wagner,BKN,C,FREEAGENT,0,ACTIVE,0.31,-0.01,140.0,302,0,62.0,1.0,13.3,-15.55,-15.55,,-17.07,,-0.09,-0.59,-1.08,-1.09,-2.79,-1.17,-2.49,-1.14,-1.22,-2.0,-1.74,-0.14,8.0,3.5,0.9,0.5,0.1,0.6,0.7,0.47,5.9,0.797,2.3,2.77,1.84,2.0,0.0,-9.45,-585.9,80,3
350,4432181,Julian Strawther,DEN,SF,FREEAGENT,0,ACTIVE,0.23,0,140.0,304,0,66.0,1.0,16.0,-15.57,-15.57,,-15.69,,-0.0,0.14,-1.08,-1.65,-2.83,-1.72,-2.61,-1.13,-0.79,-2.0,-1.64,-0.25,7.5,2.0,1.1,0.5,0.1,1.1,0.7,0.458,5.9,0.81,1.2,2.7,0.97,2.89,0.0,-9.47,-625.0,80,2
351,3133626,Kenrich Williams,OKC,SF,FREEAGENT,0,ACTIVE,0.17,0,140.0,299,0,65.0,1.0,15.4,-15.57,-15.57,,-15.66,,-0.41,0.25,-1.04,-1.16,-2.98,-2.02,-2.85,-1.12,-0.98,-1.66,-1.5,-0.1,6.3,3.3,1.4,0.6,0.1,0.9,0.7,0.473,5.2,0.635,0.8,2.46,0.51,2.31,0.009,-9.47,-615.6,80,3
352,3195,Mike Conley,BOS,PG,FREEAGENT,0,ACTIVE,0.49,-0.01,140.0,309,0,55.0,1.0,17.6,-15.74,-15.74,,-16.79,,0.24,-0.11,-1.08,-1.76,-3.59,-1.82,-3.14,-0.96,-0.79,-1.28,-0.74,-0.7,4.9,1.7,3.0,0.7,0.2,1.1,0.7,0.367,4.1,0.9,0.9,1.51,0.82,3.0,0.0,-9.64,-530.2,80,2
353,5164559,Nate Ament,MIL,SF,FREEAGENT,0,DAY_TO_DAY,1.04,-0.02,140.0,295,0,70.0,1.0,17.7,-15.75,-15.75,,,,-0.38,-0.22,-1.08,-1.05,-3.08,-1.8,-2.99,0.12,-1.67,-1.31,-1.83,-0.45,5.7,3.6,0.7,0.7,0.8,0.2,1.1,0.429,5.4,0.703,1.2,2.31,0.84,0.6,0.0,-9.65,-675.5,80,3
354,4278077,Jarred Vanderbilt,LAL,SF/PF,FREEAGENT,0,ACTIVE,0.25,0,140.0,298,0,62.0,1.0,17.6,-15.75,-15.75,,-16.38,,-0.62,-0.7,-1.05,-0.64,-3.41,-1.96,-3.22,-0.77,-1.49,-0.27,-1.6,-0.01,4.5,4.7,1.2,1.0,0.3,0.4,0.9,0.485,3.7,0.597,1.0,1.79,0.6,1.31,0.008,-9.65,-598.3,80,3
355,4432811,Josh Green,UTA,SG,FREEAGENT,0,ACTIVE,0.15,0,140.0,322,0,59.0,1.0,18.3,-15.78,-15.78,,-16.49,,0.03,0.7,-1.08,-1.65,-3.46,-2.03,-3.13,-1.13,-0.81,-1.33,-1.69,-0.19,5.0,2.0,1.0,0.7,0.1,1.1,0.7,0.451,3.8,0.83,0.6,1.71,0.49,2.59,0.0,-9.68,-571.1,80,3
356,4431687,Patrick Williams,CHI,PF,FREEAGENT,0,ACTIVE,0.25,0,140.1,282,0,72.0,1.0,20.0,-15.82,-15.82,,-15.91,,-0.26,-0.5,-1.08,-1.31,-2.99,-1.88,-2.73,-0.59,-0.63,-1.33,-1.5,-1.01,6.9,2.9,1.4,0.7,0.4,1.2,1.0,0.378,6.5,0.722,1.0,2.46,0.72,3.6,0.0,-9.72,-699.8,80,3
357,4432107,Marcus Sasser,DAL,PG,FREEAGENT,0,DAY_TO_DAY,0.12,0,140.0,315,0,60.0,1.0,13.1,-15.86,-15.86,,-16.47,,0.04,0.63,-1.08,-1.99,-3.25,-2.02,-2.98,-1.14,-0.75,-1.66,-1.12,-0.55,5.7,1.1,2.2,0.6,0.1,1.1,0.9,0.41,5.0,0.833,0.6,2.05,0.5,2.8,0.0,-9.76,-585.6,80,3
358,4868423,Jaden Hardy,LAL,SG,FREEAGENT,0,ACTIVE,0.14,0,140.0,316,0,60.0,1.0,15.3,-15.88,-15.88,,-15.22,,-0.3,0.48,-1.08,-1.8,-2.61,-1.74,-2.38,-1.14,-0.37,-2.69,-1.6,-0.65,8.6,1.6,1.2,0.3,0.1,1.5,1.1,0.424,7.2,0.731,1.3,3.05,0.95,3.9,0.0,-9.78,-586.8,80,3
359,4602025,Sion James,CHA,SF,FREEAGENT,0,ACTIVE,0.1,0,140.0,,0,,1.0,22.4,-15.89,,,-15.89,,0.09,-0.32,-1.08,-1.09,-3.48,-1.7,-3.05,-0.88,-0.86,-1.54,-1.22,-0.75,5.4,3.5,2.0,0.6,0.2,1.0,0.8,0.371,4.5,0.837,1.2,1.68,1.0,2.88,0.0,-9.79,-587.4,80,3
360,4683934,Jahmai Mashack,MEM,SG,FREEAGENT,0,ACTIVE,0.02,0,140.0,,0,,1.0,21.6,-15.94,,,-15.94,,-0.88,-1.77,-0.77,-1.42,-2.97,-1.95,-2.88,-0.5,-1.25,0.4,-1.11,-0.83,6.2,2.6,2.2,1.2,0.5,0.6,1.6,0.395,6.3,0.543,1.1,2.48,0.61,2.42,0.065,-9.84,-590.4,80,3
361,4397886,Charles Bassey,GSW,C,FREEAGENT,0,ACTIVE,0.17,0,140.0,346,0,17.0,1.0,11.3,-15.96,-15.96,,,,-0.49,-0.0,-1.08,-0.79,-3.17,-1.78,-3.08,0.16,-1.85,-2.71,-1.91,0.74,5.2,4.3,0.5,0.3,0.8,0.0,0.5,0.638,3.4,0.682,1.3,2.18,0.88,0.0,0.001,-9.86,-167.6,80,3
362,5242502,Ben Saraf,BKN,SG,FREEAGENT,0,ACTIVE,0.12,0.01,140.0,,0,,1.0,20.8,-15.99,,,-15.99,,0.11,-2.04,-1.08,-1.62,-2.82,-1.28,-2.59,-0.99,-1.43,-0.74,-0.6,-0.89,7.5,2.1,3.3,0.9,0.2,0.4,2.2,0.396,6.9,0.83,2.0,2.73,1.66,2.04,0.0,-9.89,-593.4,80,3
363,4433144,Caleb Love,PHL,SG,FREEAGENT,0,ACTIVE,0.19,0,140.0,,0,,1.0,20.7,-16.09,,,-16.09,,-0.22,-1.91,-1.08,-1.53,-2.08,-1.87,-2.0,-1.17,0.0,-1.83,-0.97,-1.42,10.4,2.3,2.5,0.6,0.1,1.9,1.3,0.388,10.0,0.735,1.0,3.88,0.73,5.96,0.0,-9.99,-599.4,80,4
364,3934723,Thomas Bryant,CLE,C,FREEAGENT,0,ACTIVE,0.19,0.01,140.0,296,0,68.0,1.0,12.6,-16.15,-16.15,,-16.18,,0.01,-0.26,-1.04,-1.09,-3.1,-1.77,-2.88,-0.42,-1.13,-2.71,-1.88,0.13,6.2,3.5,0.6,0.3,0.5,0.7,0.5,0.506,4.5,0.813,1.1,2.28,0.9,2.1,0.009,-10.05,-683.4,80,2
365,5239590,Liam McNeeley,CHA,SF,FREEAGENT,0,ACTIVE,0.19,0,140.0,297,0,64.0,1.0,19.5,-16.16,-16.16,,-18.52,,-0.03,-0.76,-1.08,-0.94,-3.11,-1.27,-2.65,-0.95,-0.82,-2.7,-1.55,-0.31,7.3,3.9,1.3,0.3,0.2,1.1,0.7,0.445,5.1,0.806,2.1,2.27,1.69,3.2,0.001,-10.06,-643.8,80,3
366,4277922,Jericho Sims,MIL,C,FREEAGENT,0,ACTIVE,0.15,0,140.0,300,0,64.0,1.0,18.5,-16.17,-16.17,,-15.51,,-0.5,-0.0,-0.86,-0.45,-3.32,-1.98,-3.25,-0.78,-1.85,-2.7,-1.5,1.03,4.4,5.2,1.4,0.3,0.3,0.0,1.0,0.775,2.5,0.62,0.9,1.94,0.56,0.0,0.045,-10.07,-644.5,80,3
367,4873201,Asa Newell,ATL,PF,FREEAGENT,0,ACTIVE,0.3,-0.01,140.0,305,0,66.0,1.0,14.1,-16.19,-16.19,,-17.19,,-0.48,0.16,-0.97,-1.39,-2.98,-2.03,-2.87,-0.61,-1.07,-2.37,-1.83,0.26,6.2,2.7,0.7,0.4,0.4,0.8,0.6,0.526,4.7,0.604,0.8,2.47,0.48,2.11,0.023,-10.09,-665.9,80,3
368,4397233,Pete Nance,MIL,PF,FREEAGENT,0,ACTIVE,0.02,0,140.0,,0,,1.0,15.6,-16.21,,,-16.21,,-0.31,0.81,-0.98,-1.41,-3.2,-2.29,-3.04,-0.78,-0.81,-2.7,-1.68,0.17,5.4,2.7,1.0,0.3,0.3,1.1,0.6,0.516,4.1,0.363,0.2,2.13,0.09,2.53,0.021,-10.11,-606.6,80,3
369,4895758,Cody Williams,MIN,SG,FREEAGENT,0,ACTIVE,0.3,-0.01,140.0,281,0,64.0,1.0,22.8,-16.23,-16.23,,-15.43,,-0.49,-1.78,-1.01,-1.39,-2.52,-1.62,-2.51,-0.59,-1.44,-1.3,-1.26,-0.31,7.9,2.7,1.9,0.7,0.4,0.4,1.0,0.455,7.0,0.706,1.6,3.19,1.12,1.91,0.015,-10.13,-648.3,80,3
370,5044385,Leonard Miller,CHI,SF,FREEAGENT,0,ACTIVE,0.19,0,140.0,306,0,62.0,1.0,13.6,-16.23,-16.23,,-15.01,,-0.2,-0.57,-0.92,-1.13,-2.8,-1.87,-2.74,-0.77,-1.25,-2.67,-1.78,0.47,6.9,3.4,0.8,0.3,0.3,0.6,0.7,0.552,5.0,0.742,1.0,2.76,0.74,1.9,0.033,-10.13,-628.1,80,3
371,4066421,Lonzo Ball,FA,PG/SG,FREEAGENT,0,ACTIVE,0.86,-0.01,139.8,378,0,,1.0,20.8,-16.25,,,-16.25,,-0.25,-2.58,-1.08,-0.9,-3.59,-2.09,-3.22,-0.86,-0.74,0.71,-0.32,-1.34,4.6,4.0,3.9,1.3,0.3,1.1,1.5,0.301,5.0,0.667,0.6,1.51,0.4,4.2,0.0,-10.15,-609.0,,
372,4432809,Cole Anthony,FA,PG/SG,FREEAGENT,0,ACTIVE,0.24,0,140.0,360,0,,1.0,15.1,-16.26,,,-16.26,,-0.42,-0.83,-1.08,-1.47,-2.77,-2.05,-2.77,-0.75,-1.24,-1.76,-0.52,-0.59,6.7,2.5,3.5,0.6,0.3,0.6,1.9,0.424,6.6,0.615,0.7,2.8,0.46,2.06,0.0,-10.16,-609.6,,
373,3155535,Kevon Looney,LAL,C,FREEAGENT,0,ACTIVE,0.34,0.01,140.0,287,0,65.0,1.0,15.4,-16.27,-16.27,,-18.04,,-0.64,-0.16,-1.08,-0.23,-3.42,-1.91,-3.29,-0.6,-1.84,-1.98,-1.35,0.23,4.2,5.8,1.7,0.5,0.4,0.0,0.6,0.535,3.3,0.611,1.1,1.77,0.68,0.11,0.0,-10.17,-661.0,80,3
374,3416,Nicolas Batum,FA,PF,FREEAGENT,0,ACTIVE,0.07,0,140.0,381,0,,1.0,17.5,-16.29,,,-16.29,,0.0,0.66,-1.08,-1.47,-3.72,-2.26,-3.35,-0.76,-0.64,-1.54,-1.75,-0.38,4.0,2.5,0.9,0.6,0.3,1.2,0.5,0.403,3.2,0.819,0.1,1.3,0.12,3.08,0.0,-10.19,-611.4,,
375,3133635,Jevon Carter,ORL,PG,FREEAGENT,0,ACTIVE,0.1,0,140.0,319,0,51.0,1.0,15.4,-16.33,-16.33,,-15.73,,-0.01,-0.31,-1.08,-1.8,-3.14,-2.19,-2.91,-0.97,-0.49,-1.29,-1.4,-0.74,6.1,1.6,1.6,0.7,0.2,1.4,0.6,0.395,5.6,0.799,0.3,2.22,0.23,3.9,0.0,-10.23,-521.7,80,3
376,4431675,Trendon Watford,NOP,SF/PF,FREEAGENT,0,ACTIVE,0.04,0,140.0,,0,,1.0,16.3,-16.33,,,-16.33,,-0.13,-1.01,-0.99,-1.17,-2.89,-1.62,-2.81,-0.57,-1.67,-2.69,-0.98,0.2,6.5,3.3,2.5,0.3,0.4,0.2,1.2,0.515,5.1,0.779,1.5,2.6,1.13,0.94,0.019,-10.23,-613.8,80,3
377,4701208,Moussa Cisse,DAL,C,FREEAGENT,0,ACTIVE,0.04,0,140.0,,0,,1.0,13.9,-16.33,,,-16.33,,-2.12,-0.0,-0.83,-0.27,-3.44,-1.7,-3.24,0.81,-1.85,-2.0,-2.05,0.38,4.5,5.7,0.2,0.5,1.2,0.0,0.8,0.574,3.0,0.469,2.1,1.74,1.0,0.0,0.053,-10.23,-613.8,80,3
378,4712863,Mouhamed Gueye,ATL,PF,FREEAGENT,0,DAY_TO_DAY,0.16,0,140.1,289,0,70.0,1.0,15.4,-16.44,-16.44,,-16.41,,-0.35,-0.72,-0.99,-1.05,-3.43,-2.0,-3.22,-0.42,-1.35,-0.97,-1.74,-0.2,4.6,3.6,0.9,0.8,0.5,0.5,0.4,0.451,3.9,0.661,0.8,1.76,0.53,1.7,0.02,-10.34,-723.8,80,3
379,4278516,Ethan Thompson,FA,SG,FREEAGENT,0,ACTIVE,0.01,0,140.0,,0,,1.0,20.5,-16.48,,,-16.48,,-0.1,-0.95,-1.08,-1.59,-3.08,-1.61,-2.72,-0.81,-0.69,-1.57,-1.32,-0.96,7.0,2.2,1.8,0.6,0.3,1.2,0.8,0.377,6.1,0.787,1.5,2.31,1.16,3.62,0.0,-10.38,-622.8,,
380,4065663,Josh Okogie,UTA,SF,FREEAGENT,0,ACTIVE,0.04,0,140.0,,0,,1.0,17.4,-16.62,,,-16.62,,-0.56,0.21,-1.02,-1.44,-3.53,-2.01,-3.23,-0.95,-1.08,-0.94,-1.74,-0.33,4.5,2.6,0.9,0.8,0.2,0.8,0.5,0.425,3.8,0.594,0.9,1.6,0.53,2.06,0.013,-10.52,-631.2,80,3
381,4592435,Branden Carlson,POR,C,FREEAGENT,0,ACTIVE,0.02,0,140.0,,0,,1.0,11.7,-16.67,,,-16.67,,-0.42,-0.12,-0.74,-1.3,-3.07,-2.11,-2.97,-0.16,-1.13,-3.07,-1.84,0.25,5.8,3.0,0.7,0.2,0.6,0.7,0.4,0.527,4.4,0.577,0.6,2.33,0.36,2.05,0.071,-10.57,-634.2,80,2
382,4594326,Kris Murray,MEM,PF,FREEAGENT,0,ACTIVE,0.11,0,140.1,291,0,68.0,1.0,21.9,-16.69,-16.69,,-15.86,,-0.48,-1.28,-1.08,-1.13,-3.16,-1.93,-3.0,-0.6,-1.29,-0.99,-1.55,-0.2,5.6,3.4,1.3,0.8,0.4,0.6,0.8,0.457,4.8,0.647,1.0,2.19,0.65,2.1,0.0,-10.59,-720.1,80,3
383,4683024,Killian Hayes,FA,PG,FREEAGENT,0,ACTIVE,0.21,-0.01,140.0,389,0,,1.0,17.6,-16.71,,,-16.71,,0.42,-1.72,-1.08,-1.52,-3.39,-1.62,-3.02,-1.0,-1.13,-0.57,-0.49,-1.57,5.5,2.3,3.5,0.9,0.2,0.7,1.2,0.304,6.0,0.929,1.2,1.83,1.13,2.74,0.0,-10.61,-636.6,,
384,4432819,Tre Mann,WAS,PG/SG,FREEAGENT,0,ACTIVE,0.21,0,140.1,303,0,67.0,1.0,16.3,-16.72,-16.72,,-18.59,,0.08,-0.85,-1.08,-1.58,-2.82,-1.96,-2.66,-1.13,-0.69,-1.67,-1.17,-1.2,7.2,2.2,2.1,0.6,0.1,1.2,1.3,0.372,7.3,0.852,0.7,2.72,0.6,3.6,0.0,-10.62,-711.5,80,3
385,4278076,Nick Richards,MIA,C,FREEAGENT,0,ACTIVE,0.18,-0.02,140.0,367,0,,1.0,14.6,-16.8,,,-16.8,,-1.02,-0.22,-0.68,-0.51,-3.18,-1.48,-2.97,-0.12,-1.75,-3.01,-2.01,0.15,5.8,5.1,0.3,0.2,0.7,0.1,1.2,0.512,4.2,0.644,2.1,2.15,1.35,0.38,0.083,-10.7,-642.0,80,3
386,3138160,Caleb Martin,DAL,SG,FREEAGENT,0,DAY_TO_DAY,0.16,0,140.0,308,0,67.0,1.0,17.0,-16.91,-16.91,,-17.6,,-0.65,-0.11,-1.08,-1.39,-3.43,-1.87,-3.19,-0.78,-1.4,-1.31,-1.45,-0.27,4.7,2.7,1.5,0.7,0.3,0.5,0.8,0.44,4.0,0.625,1.2,1.76,0.75,1.3,0.0,-10.81,-724.3,80,3
387,4433076,Ben Sheppard,IND,SG/SF,FREEAGENT,0,ACTIVE,0.16,0,140.0,310,0,62.0,1.0,18.7,-16.93,-16.93,,-15.37,,0.04,-0.52,-1.08,-1.47,-3.25,-2.07,-3.0,-1.14,-0.78,-1.67,-1.5,-0.48,5.6,2.5,1.4,0.6,0.1,1.1,0.4,0.418,4.9,0.838,0.5,2.05,0.42,3.19,0.0,-10.83,-671.5,80,3
388,3922230,Aaron Holiday,FA,PG,FREEAGENT,0,ACTIVE,0.04,0,140.0,401,0,,1.0,13.7,-16.97,,,-16.97,,0.09,0.47,-1.08,-2.02,-3.38,-1.95,-3.03,-1.16,-0.7,-2.09,-1.66,-0.44,5.5,1.0,1.1,0.5,0.1,1.2,0.7,0.417,4.4,0.854,0.7,1.84,0.61,2.98,0.0,-10.87,-652.2,,
389,2531367,Dwight Powell,DAL,C,FREEAGENT,0,ACTIVE,0.06,0,140.0,352,0,,1.0,14.4,-16.99,,,-16.99,,-0.59,-0.06,-0.85,-0.87,-3.89,-1.55,-3.48,-0.72,-1.82,-1.86,-1.65,0.36,3.3,4.1,1.1,0.5,0.3,0.0,0.7,0.644,1.6,0.696,1.8,1.03,1.24,0.11,0.048,-10.89,-653.4,80,3
390,4017844,Guerschon Yabusele,FA,PF/C,FREEAGENT,0,ACTIVE,0.2,-0.01,140.0,384,0,,1.0,15.0,-17.01,,,-17.01,,-0.19,-0.32,-0.79,-1.09,-3.36,-1.83,-3.01,-0.89,-0.85,-2.39,-1.72,-0.57,5.6,3.5,0.9,0.4,0.2,1.0,0.6,0.401,4.7,0.75,1.1,1.87,0.81,2.92,0.06,-10.91,-654.6,,
391,5106268,Nae'Qwan Tomlin,CLE,PF,FREEAGENT,0,DAY_TO_DAY,0.06,0,140.0,,0,,1.0,15.7,-17.07,,,-17.07,,-0.11,-1.53,-1.08,-1.31,-3.06,-1.87,-2.95,-0.36,-1.44,-1.52,-1.77,-0.06,5.8,2.9,0.8,0.6,0.5,0.4,0.5,0.478,4.9,0.77,1.0,2.34,0.73,1.8,0.0,-10.97,-658.2,80,2
392,4280245,Jamaree Bouyea,PHO,PG,FREEAGENT,0,ACTIVE,0.03,0,140.0,,0,,1.0,14.0,-17.08,,,-17.08,,-0.28,-0.8,-1.08,-1.73,-3.06,-2.01,-2.98,-0.69,-1.36,-1.55,-1.32,-0.21,5.7,1.8,1.8,0.6,0.3,0.5,0.7,0.458,5.1,0.686,0.8,2.35,0.52,1.7,0.0,-10.98,-658.8,80,2
393,5099752,Rayan Rupert,PHL,SG,FREEAGENT,0,ACTIVE,0.15,0,140.0,321,0,61.0,1.0,15.7,-17.22,-17.22,,-16.51,,-0.08,-0.63,-0.97,-1.39,-3.4,-1.94,-3.16,-1.14,-1.23,-0.96,-1.69,-0.63,4.9,2.7,1.0,0.8,0.1,0.6,0.8,0.391,4.6,0.776,0.8,1.8,0.62,2.0,0.024,-11.12,-678.3,80,4
394,3135046,Tyus Jones,DEN,PG,FREEAGENT,0,ACTIVE,0.87,-0.03,140.1,293,0,69.0,1.0,17.5,-17.31,-17.31,,-19.75,,-0.0,-0.47,-1.08,-1.88,-3.42,-2.18,-3.19,-1.14,-0.99,-1.68,-0.69,-0.59,4.7,1.4,3.1,0.6,0.1,0.9,0.5,0.396,4.5,0.809,0.3,1.78,0.25,2.59,0.0,-11.21,-773.5,80,2
395,3914285,Drew Eubanks,NYK,C,FREEAGENT,0,DAY_TO_DAY,0.04,0,140.0,405,0,,1.0,13.2,-17.44,,,-17.44,,-0.98,-0.24,-0.97,-1.27,-3.14,-1.86,-3.08,-0.2,-1.83,-2.5,-1.95,0.58,5.2,3.0,0.5,0.4,0.6,0.0,0.7,0.596,3.7,0.562,1.4,2.21,0.76,0.17,0.024,-11.34,-680.4,80,3
396,5023693,Tyrese Proctor,CLE,SG,FREEAGENT,0,ACTIVE,0.11,0.01,140.0,,0,,1.0,11.0,-17.45,,,-17.45,,0.21,-0.3,-0.99,-1.92,-3.37,-1.83,-3.04,-1.32,-0.95,-2.0,-1.46,-0.47,5.4,1.3,1.5,0.5,0.0,0.9,0.8,0.413,4.5,0.889,0.9,1.86,0.8,2.62,0.02,-11.35,-681.0,80,2
397,4431714,Jalen Wilson,ATL,PF,FREEAGENT,0,ACTIVE,0.15,-0.01,140.0,318,0,63.0,1.0,18.0,-17.5,-17.5,,-17.89,,-0.35,-0.4,-1.08,-1.5,-3.11,-1.49,-2.72,-1.32,-0.8,-2.36,-1.64,-0.72,7.0,2.4,1.1,0.4,0.0,1.1,0.8,0.398,5.7,0.743,1.8,2.27,1.33,3.1,0.0,-11.4,-718.2,80,3
398,4067017,A.J. Lawson,FA,SG,FREEAGENT,0,ACTIVE,0.01,0,140.0,,0,,1.0,9.4,-17.53,,,-17.53,,-0.07,0.63,-1.08,-1.73,-3.65,-1.97,-3.3,-1.02,-1.08,-2.0,-2.03,-0.24,4.2,1.8,0.3,0.5,0.2,0.8,0.2,0.436,3.2,0.777,0.8,1.42,0.58,1.88,0.0,-11.43,-685.8,,
399,3134916,Jordan McLaughlin,SAS,PG,FREEAGENT,0,ACTIVE,0.14,0,140.0,329,0,64.0,1.0,10.1,-17.55,-17.55,,-19.76,,-0.05,0.67,-1.08,-1.99,-3.83,-2.14,-3.51,-1.15,-1.24,-1.68,-1.41,-0.13,3.2,1.1,1.6,0.6,0.1,0.6,0.4,0.45,2.5,0.768,0.4,1.12,0.31,1.41,0.0,-11.45,-732.8,80,3
400,4433225,Tyler Kolek,NYK,PG,FREEAGENT,0,ACTIVE,0.25,-0.01,139.9,,0,,1.0,11.8,-17.56,,,-17.56,,-0.1,0.19,-0.93,-1.81,-3.44,-2.2,-3.25,-1.2,-1.16,-2.5,-0.86,-0.29,4.4,1.6,2.7,0.4,0.1,0.7,0.9,0.435,4.0,0.7,0.3,1.74,0.23,1.84,0.032,-11.46,-687.6,80,3
401,4431772,Myron Gardner,MIA,SF,FREEAGENT,0,ACTIVE,0.03,0,140.0,,0,,1.0,9.2,-17.58,,,-17.58,,-0.14,0.33,-0.98,-1.39,-3.72,-2.07,-3.42,-1.0,-1.29,-2.2,-1.7,-0.03,3.6,2.7,1.0,0.4,0.2,0.6,0.4,0.48,2.7,0.73,0.6,1.31,0.42,1.42,0.022,-11.48,-688.8,80,3
402,5037873,Drake Powell,BKN,SG,FREEAGENT,0,ACTIVE,0.1,0,140.0,,0,,1.0,20.9,-17.61,,,-17.61,,0.3,-1.62,-1.08,-1.74,-3.1,-1.64,-2.82,-0.92,-1.06,-1.76,-1.48,-0.69,6.5,1.8,1.4,0.6,0.2,0.8,1.0,0.402,5.7,0.896,1.2,2.29,1.09,2.89,0.0,-11.51,-690.6,80,3
403,4683686,Nick Smith Jr.,FA,SG,FREEAGENT,0,ACTIVE,0.07,0,140.0,398,0,,1.0,12.5,-17.61,,,-17.61,,-0.11,0.47,-1.08,-2.12,-3.07,-2.11,-2.88,-1.2,-0.75,-2.69,-1.67,-0.4,6.2,0.8,1.0,0.3,0.1,1.1,0.7,0.435,5.4,0.734,0.5,2.33,0.37,2.87,0.0,-11.51,-690.6,,
404,4397179,Tyrese Martin,FA,SF,FREEAGENT,0,ACTIVE,0.03,0,140.0,,0,,1.0,16.8,-17.67,,,-17.67,,-0.23,-1.09,-1.08,-1.46,-3.04,-2.08,-2.85,-1.08,-0.73,-1.85,-1.36,-0.8,6.3,2.5,1.7,0.5,0.1,1.2,0.9,0.394,6.0,0.678,0.6,2.37,0.41,3.59,0.0,-11.57,-694.2,,
405,2528588,Doug McDermott,FA,SF,FREEAGENT,0,ACTIVE,0.02,0,140.0,,0,,1.0,15.1,-17.7,,,-17.7,,0.07,0.56,-1.08,-1.92,-3.37,-2.17,-2.99,-1.07,-0.24,-3.02,-1.8,-0.67,5.7,1.3,0.8,0.2,0.1,1.7,0.4,0.388,4.8,0.89,0.3,1.86,0.28,4.24,0.0,-11.6,-696.0,,
406,5108024,Yanic Konan Niederhauser,LAC,C,FREEAGENT,0,OUT,0.38,0,140.0,,0,,1.0,10.4,-17.86,,,-17.86,,-0.23,-0.13,-1.08,-1.33,-3.56,-1.61,-3.28,-0.0,-1.83,-3.31,-2.03,0.54,4.3,2.9,0.3,0.1,0.7,0.0,0.6,0.64,2.4,0.758,1.5,1.56,1.15,0.12,0.0,-11.76,-705.6,80,3
407,5107897,Jonathan Mogbo,SAC,PF,FREEAGENT,0,ACTIVE,0.13,0,140.0,313,0,66.0,1.0,12.6,-17.9,-17.9,,-20.57,,-0.31,-0.34,-1.08,-1.2,-3.65,-1.99,-3.45,-0.61,-1.76,-2.0,-1.55,0.06,3.5,3.2,1.3,0.5,0.4,0.1,0.7,0.503,2.8,0.679,0.8,1.41,0.55,0.39,0.0,-11.8,-778.8,80,3
408,4683774,Bronny James,LAL,PG/SG,FREEAGENT,0,ACTIVE,4.76,0.04,137.9,333,0,63.0,1.0,11.9,-18.03,-18.03,,-19.32,,0.03,0.13,-1.08,-2.11,-3.61,-2.18,-3.36,-1.15,-1.19,-1.65,-1.4,-0.46,3.9,0.8,1.6,0.6,0.1,0.7,0.8,0.399,3.7,0.841,0.3,1.48,0.25,1.79,0.0,-11.93,-751.6,80,3
409,5214637,Noah Penda,ORL,PF,FREEAGENT,0,DAY_TO_DAY,0.06,0,140.0,,0,,1.0,12.9,-18.03,,,-18.03,,-0.29,-0.47,-0.92,-1.21,-3.67,-1.99,-3.37,-0.77,-1.36,-1.98,-1.6,-0.41,3.8,3.2,1.2,0.5,0.3,0.5,0.7,0.404,3.4,0.687,0.8,1.39,0.56,1.58,0.034,-11.93,-715.8,80,3
410,4433159,Dalen Terry,GSW,SF,FREEAGENT,0,ACTIVE,0.06,0,140.0,362,0,,1.0,11.5,-18.05,,,-18.05,,-0.51,-0.05,-1.08,-1.73,-3.65,-2.13,-3.41,-0.76,-1.36,-1.64,-1.51,-0.22,3.7,1.8,1.4,0.6,0.3,0.5,0.5,0.439,3.2,0.533,0.6,1.42,0.33,1.38,0.0,-11.95,-717.0,80,3
411,5217746,Yang Hansen,POR,C,FREEAGENT,0,ACTIVE,0.67,-0.02,139.9,332,0,65.0,1.0,12.7,-18.07,-18.07,,-22.8,,0.1,-0.31,-1.08,-1.35,-3.42,-1.6,-3.06,-0.6,-1.25,-3.36,-1.73,-0.39,5.3,2.8,0.9,0.1,0.4,0.6,1.4,0.421,4.2,0.835,1.4,1.77,1.17,1.8,0.0,-11.97,-778.1,80,2
412,4565201,Malaki Branham,ORL,SG,FREEAGENT,0,ACTIVE,0.04,0,140.0,370,0,,1.0,9.9,-18.1,,,-18.1,,0.05,0.08,-1.08,-1.81,-3.57,-1.7,-3.22,-1.13,-1.36,-2.5,-1.77,-0.07,4.6,1.6,0.8,0.4,0.1,0.5,0.5,0.473,3.2,0.824,1.2,1.54,1.0,1.32,0.0,-12.0,-720.0,80,3
413,5279133,Joan Beringer,MIN,C,FREEAGENT,0,ACTIVE,0.75,0.01,140.0,,0,,1.0,7.9,-18.13,,,-18.13,,-0.29,-0.0,-0.96,-1.54,-3.52,-1.93,-3.36,-0.15,-1.85,-3.13,-2.02,0.62,3.9,2.3,0.3,0.2,0.7,0.0,0.3,0.663,2.5,0.703,0.9,1.62,0.65,0.0,0.025,-12.03,-721.8,80,3
414,5157066,Johnny Furphy,IND,SG,FREEAGENT,0,OUT,0.2,0,140.0,317,0,61.0,1.0,16.1,-18.13,-18.13,,-17.28,,-0.79,-0.58,-1.01,-0.98,-3.43,-2.05,-3.23,-0.96,-1.29,-1.98,-1.69,-0.14,4.5,3.8,1.0,0.5,0.2,0.6,0.7,0.461,3.8,0.509,0.9,1.75,0.46,1.8,0.015,-12.03,-733.8,80,3
415,2999547,Gary Harris,FA,SG,FREEAGENT,0,ACTIVE,0.11,0,140.0,341,0,48.0,1.0,14.5,-18.19,-18.19,,-18.23,,-0.0,0.21,-1.08,-1.92,-3.89,-2.23,-3.58,-0.94,-1.24,-1.64,-1.69,-0.18,2.9,1.3,1.0,0.6,0.2,0.6,0.4,0.435,2.4,0.803,0.2,1.04,0.17,1.6,0.0,-12.09,-580.3,,
416,4683750,Jordan Hawkins,CHI,SG,FREEAGENT,0,ACTIVE,0.12,0,140.0,326,0,65.0,1.0,15.4,-18.26,-18.26,,-19.09,,0.08,-0.53,-1.08,-1.69,-3.16,-1.91,-2.88,-0.96,-0.74,-2.67,-1.73,-0.99,6.2,1.9,0.9,0.3,0.2,1.1,0.7,0.37,5.9,0.846,0.8,2.19,0.68,3.31,0.0,-12.16,-790.4,80,3
417,4432446,Jabari Walker,PHL,PF,FREEAGENT,0,ACTIVE,0.09,0,140.0,,0,,1.0,11.8,-18.32,,,-18.32,,-0.23,-0.3,-0.93,-1.28,-3.59,-1.84,-3.27,-0.95,-1.36,-2.49,-1.91,-0.15,4.3,3.0,0.5,0.4,0.2,0.5,0.4,0.456,3.3,0.735,1.1,1.52,0.78,1.48,0.031,-12.22,-733.2,80,4
418,4431778,Christian Koloko,NOP,C,FREEAGENT,0,ACTIVE,0.01,0,140.0,,0,,1.0,13.3,-18.33,,,-18.33,,-0.24,-0.54,-1.08,-1.28,-3.82,-2.11,-3.61,0.21,-1.82,-1.94,-1.85,-0.27,2.7,3.0,0.7,0.5,0.9,0.0,0.6,0.419,2.7,0.665,0.6,1.15,0.37,0.33,0.0,-12.23,-733.8,80,3
419,4432247,Jaylen Clark,MIN,SG,FREEAGENT,0,ACTIVE,0.24,0,140.0,327,0,68.0,1.0,13.1,-18.4,-18.4,,-18.47,,-0.43,-0.34,-1.08,-1.76,-3.63,-1.92,-3.33,-1.13,-1.36,-1.29,-1.88,-0.23,4.0,1.7,0.6,0.7,0.1,0.5,0.3,0.437,3.3,0.662,1.0,1.44,0.66,1.5,0.0,-12.3,-836.4,80,3
420,4591259,Koby Brea,PHO,SG,FREEAGENT,0,ACTIVE,0.11,0,140.0,334,0,63.0,1.0,10.2,-18.48,-18.48,,,,0.02,0.42,-1.08,-2.03,-3.37,-2.23,-3.07,-1.32,-0.49,-3.4,-1.59,-0.34,5.3,1.0,1.2,0.1,0.0,1.4,0.5,0.432,4.3,0.85,0.2,1.86,0.17,3.6,0.0,-12.38,-779.9,80,2
421,2991235,Steven Adams,HOU,C,FREEAGENT,0,ACTIVE,0.48,-0.01,139.9,324,0,63.0,1.0,12.0,-18.55,-18.55,,-13.76,,-1.17,-0.0,-0.86,-0.64,-3.75,-1.88,-3.5,-0.6,-1.85,-2.69,-1.74,0.13,3.2,4.7,0.9,0.3,0.4,0.0,0.7,0.523,2.4,0.523,1.4,1.25,0.73,0.0,0.047,-12.45,-784.3,80,3
422,2578185,Dorian Finney-Smith,ATL,PF,FREEAGENT,0,ACTIVE,0.13,0,140.0,320,0,64.0,1.0,18.1,-18.56,-18.56,,-20.55,,-0.02,-0.88,-1.08,-1.39,-3.56,-2.19,-3.27,-0.95,-0.91,-2.0,-1.69,-0.62,4.3,2.7,1.0,0.5,0.2,1.0,0.6,0.382,4.1,0.788,0.3,1.56,0.23,3.0,0.0,-12.46,-797.4,80,3
423,5105806,Jett Howard,DAL,SF,FREEAGENT,0,ACTIVE,0.08,0,140.0,328,0,66.0,1.0,12.4,-18.58,-18.58,,-18.01,,0.16,-0.16,-1.08,-1.84,-3.37,-1.99,-3.08,-0.96,-0.9,-3.05,-1.78,-0.49,5.2,1.5,0.8,0.2,0.2,1.0,0.3,0.411,4.5,0.899,0.6,1.85,0.55,2.7,0.0,-12.48,-823.7,80,3
424,5239561,Jase Richardson,ORL,SG,FREEAGENT,0,ACTIVE,0.18,0,140.0,340,0,54.0,1.0,10.9,-18.59,-18.59,,-18.95,,-0.2,0.01,-1.08,-1.95,-3.51,-1.92,-3.24,-1.32,-1.31,-2.32,-1.65,-0.11,4.5,1.2,1.1,0.4,0.0,0.6,0.5,0.466,3.5,0.735,0.9,1.63,0.67,1.5,0.0,-12.49,-674.5,80,3
425,4683834,KJ Simpson,FA,PG,FREEAGENT,0,ACTIVE,0.01,0,140.0,,0,,1.0,12.8,-18.59,,,-18.59,,-0.52,-0.88,-1.08,-1.71,-3.47,-1.99,-3.22,-1.32,-1.27,-0.97,-1.14,-1.02,4.5,1.9,2.1,0.8,0.0,0.6,1.2,0.343,5.0,0.611,0.9,1.7,0.55,2.0,0.0,-12.49,-749.4,,
426,4697268,Kam Jones,MIL,PG,FREEAGENT,0,ACTIVE,0.02,0,140.0,,0,,1.0,16.6,-18.66,,,-18.66,,-0.2,-0.97,-0.95,-1.79,-3.38,-2.27,-3.26,-1.32,-1.27,-2.05,-0.64,-0.55,4.4,1.6,3.2,0.5,0.0,0.6,1.0,0.402,4.6,0.5,0.2,1.84,0.11,2.03,0.027,-12.56,-753.6,80,3
427,4431786,Keshad Johnson,MIA,PF,FREEAGENT,0,OUT,0.03,0,140.0,,0,,1.0,8.7,-18.69,,,-18.69,,-0.23,-0.64,-0.93,-1.68,-3.54,-1.92,-3.29,-0.87,-1.46,-2.11,-2.05,0.02,4.2,1.9,0.2,0.5,0.2,0.4,0.4,0.49,3.2,0.724,0.9,1.59,0.66,1.38,0.031,-12.59,-755.4,80,3
428,5081727,Sidy Cissoko,POR,SG,FREEAGENT,0,ACTIVE,0.12,0,140.0,325,0,62.0,1.0,16.2,-18.7,-18.7,,-17.91,,-0.48,-1.15,-1.08,-1.65,-3.56,-1.88,-3.24,-0.77,-1.24,-1.67,-1.54,-0.44,4.5,2.0,1.3,0.6,0.3,0.6,0.8,0.407,3.8,0.662,1.1,1.55,0.73,2.19,0.0,-12.6,-781.2,80,2
429,4433607,DaRon Holmes II,DEN,PF,FREEAGENT,0,ACTIVE,0.07,0,140.0,,0,,1.0,8.4,-18.7,,,-18.7,,-0.04,0.85,-1.08,-1.88,-3.76,-2.06,-3.4,-0.89,-1.07,-3.59,-1.86,0.08,3.7,1.4,0.6,0.0,0.2,0.8,0.5,0.508,2.4,0.786,0.6,1.24,0.44,1.8,0.0,-12.6,-756.0,80,2
430,4397251,Ron Harper Jr.,BOS,SG,FREEAGENT,0,DAY_TO_DAY,0.1,0,140.0,,0,,1.0,10.9,-18.72,,,-18.72,,-0.03,-0.33,-1.08,-1.78,-3.54,-2.28,-3.29,-0.76,-0.91,-2.54,-1.8,-0.37,4.2,1.7,0.8,0.3,0.3,1.0,0.3,0.418,3.8,0.746,0.1,1.59,0.1,2.76,0.0,-12.62,-757.2,80,2
431,4431690,Zeke Nnaji,DEN,PF/C,FREEAGENT,0,ACTIVE,0.04,0,140.0,,0,,1.0,12.1,-18.8,,,-18.8,,-0.09,-0.72,-0.9,-1.42,-3.68,-1.92,-3.41,-0.49,-1.59,-2.6,-1.9,-0.07,3.7,2.6,0.6,0.3,0.5,0.3,0.5,0.47,2.9,0.773,0.8,1.36,0.65,1.04,0.038,-12.7,-762.0,80,2
432,3137259,Gabe Vincent,FA,PG,FREEAGENT,0,ACTIVE,0.11,0,140.1,350,0,,1.0,16.5,-18.84,,,-18.84,,0.07,-0.58,-1.08,-2.02,-3.64,-2.1,-3.26,-1.22,-0.77,-1.97,-1.48,-0.79,4.4,1.0,1.4,0.5,0.1,1.1,0.5,0.352,4.1,0.869,0.4,1.43,0.38,3.26,0.0,-12.74,-764.4,,
433,4065654,Jonathan Isaac,ORL,PF,FREEAGENT,0,DAY_TO_DAY,0.13,0,140.0,330,0,55.0,1.0,11.3,-18.85,-18.85,,-20.12,,-0.61,-0.98,-1.08,-1.28,-3.81,-1.85,-3.48,-0.04,-1.6,-1.97,-1.92,-0.22,3.3,3.0,0.5,0.5,0.7,0.3,0.4,0.43,2.7,0.637,1.2,1.16,0.76,1.11,0.0,-12.75,-701.2,80,3
434,4897943,Dalton Knecht,LAL,SG/SF,FREEAGENT,0,DAY_TO_DAY,0.44,-0.02,140.0,331,0,66.0,1.0,12.0,-18.86,-18.86,,-19.66,,-0.12,-0.28,-1.08,-1.77,-3.3,-2.11,-3.09,-0.96,-0.99,-3.05,-1.93,-0.18,5.2,1.7,0.5,0.2,0.2,0.9,0.4,0.458,4.3,0.728,0.5,1.97,0.36,2.5,0.0,-12.76,-842.2,80,3
435,5105977,Rasheer Fleming,PHO,PF,FREEAGENT,0,ACTIVE,0.11,0,140.0,,0,,1.0,12.3,-18.9,,,-18.9,,-0.45,-0.35,-1.08,-1.56,-3.54,-2.12,-3.27,-0.63,-1.05,-2.35,-2.03,-0.46,4.3,2.3,0.3,0.4,0.4,0.8,0.5,0.405,3.9,0.558,0.6,1.58,0.34,2.36,0.0,-12.8,-768.0,80,2
436,3136777,Jae'Sean Tate,HOU,SF,FREEAGENT,0,ACTIVE,0.09,0,140.0,339,0,54.0,1.0,12.1,-18.91,-18.91,,-20.51,,-0.21,-0.36,-1.08,-1.54,-3.65,-2.08,-3.44,-1.15,-1.58,-2.0,-1.79,-0.01,3.5,2.3,0.8,0.5,0.1,0.3,0.4,0.484,2.9,0.686,0.6,1.41,0.41,0.91,0.0,-12.81,-691.7,80,3
437,4397018,Ochai Agbaji,NYK,SF,FREEAGENT,0,DAY_TO_DAY,0.14,-0.01,140.0,397,0,,1.0,15.7,-18.99,,,-18.99,,0.05,-1.36,-1.08,-1.55,-3.3,-1.97,-3.12,-0.83,-1.32,-2.39,-1.8,-0.33,5.1,2.3,0.8,0.4,0.3,0.5,0.5,0.436,4.5,0.837,0.7,1.97,0.58,2.06,0.0,-12.89,-773.4,80,3
438,4432813,Jeremiah Robinson-Earl,DAL,PF,FREEAGENT,0,ACTIVE,0.07,0,140.0,361,0,,1.0,16.5,-18.99,,,-18.99,,0.32,-1.48,-1.08,-0.65,-3.48,-1.85,-3.22,-1.24,-1.41,-2.32,-1.84,-0.76,4.6,4.7,0.7,0.4,0.0,0.5,0.5,0.37,4.5,0.945,0.8,1.68,0.77,1.86,0.0,-12.89,-773.4,80,3
439,4432185,Micah Peavy,MEM,SF,FREEAGENT,0,DAY_TO_DAY,0.02,0,140.0,,0,,1.0,15.0,-18.99,,,-18.99,,-0.07,-1.23,-1.08,-1.68,-3.44,-2.11,-3.28,-1.05,-1.4,-1.29,-1.69,-0.65,4.3,1.9,1.0,0.7,0.1,0.5,0.3,0.386,4.5,0.76,0.5,1.74,0.36,1.77,0.0,-12.89,-773.4,80,3
440,4683935,Blake Wesley,LAC,SG,FREEAGENT,0,ACTIVE,0.02,0,140.0,,0,,1.0,11.7,-19.13,,,-19.13,,-1.14,-0.67,-1.08,-1.93,-3.4,-1.81,-3.18,-1.03,-1.54,-1.95,-1.22,-0.2,4.8,1.3,2.0,0.5,0.2,0.3,1.0,0.452,4.0,0.553,1.5,1.81,0.84,1.16,0.0,-13.03,-781.8,80,3
441,4398390,Jalen Pickett,LAC,PG/SG,FREEAGENT,0,ACTIVE,0.11,0,140.0,342,0,49.0,1.0,11.3,-19.15,-19.15,,-17.3,,-0.01,0.19,-1.08,-1.84,-3.69,-2.24,-3.43,-1.13,-1.17,-3.03,-1.41,-0.3,3.6,1.5,1.6,0.2,0.1,0.7,0.5,0.42,3.2,0.799,0.2,1.35,0.16,1.8,0.0,-13.05,-639.5,80,3
442,5061568,Carter Bryant,SAS,SF,FREEAGENT,0,ACTIVE,1.52,-0.03,139.7,,0,,1.0,11.5,-19.23,,,-19.23,,-0.17,-0.47,-1.08,-1.46,-3.58,-2.07,-3.3,-0.74,-1.14,-2.95,-1.85,-0.42,4.2,2.5,0.7,0.2,0.3,0.7,0.5,0.408,3.7,0.715,0.6,1.52,0.42,2.18,0.0,-13.13,-787.8,80,3
443,4431695,Drew Timme,MIN,C,FREEAGENT,0,ACTIVE,0.02,0,140.0,,0,,1.0,8.7,-19.39,,,-19.39,,-0.25,0.41,-1.08,-1.94,-3.65,-2.22,-3.46,-1.32,-1.45,-2.96,-1.76,0.31,3.4,1.2,0.9,0.2,0.0,0.4,0.5,0.576,2.4,0.556,0.3,1.41,0.18,0.93,0.0,-13.29,-797.4,80,3
444,2578239,Pat Connaughton,CHA,SG,FREEAGENT,0,ACTIVE,0.08,0,140.0,336,0,66.0,1.0,9.4,-19.4,-19.4,,-20.18,,-0.17,0.04,-1.08,-1.73,-3.81,-2.12,-3.5,-1.13,-1.3,-2.68,-1.78,-0.15,3.2,1.8,0.8,0.3,0.1,0.6,0.3,0.448,2.6,0.696,0.5,1.17,0.35,1.5,0.0,-13.3,-877.8,80,3
445,4871141,Ariel Hukporti,PHL,C,FREEAGENT,0,OUT,0.09,-0.01,140.0,,0,,1.0,9.3,-19.45,,,-19.45,,-0.04,-0.05,-1.08,-1.3,-4.02,-2.03,-3.72,-0.45,-1.83,-3.15,-1.91,0.16,2.2,2.9,0.5,0.2,0.5,0.0,0.6,0.562,1.5,0.787,0.6,0.83,0.48,0.07,0.0,-13.35,-801.0,80,4
446,4431752,Kobe Brown,IND,PF,FREEAGENT,0,ACTIVE,0.2,0.01,139.9,338,0,62.0,1.0,10.8,-19.47,-19.47,,-16.43,,-0.06,-0.32,-1.08,-1.62,-3.71,-2.15,-3.46,-1.14,-1.4,-2.67,-1.74,-0.13,3.4,2.1,0.9,0.3,0.1,0.5,0.5,0.456,2.9,0.759,0.4,1.32,0.31,1.4,0.0,-13.37,-828.9,80,3
447,2488653,Mason Plumlee,FA,C,FREEAGENT,0,ACTIVE,0.09,0,140.0,404,0,,1.0,8.6,-19.51,,,-19.51,,-0.34,-0.0,-1.08,-1.41,-4.2,-2.05,-3.85,-1.32,-1.85,-2.0,-1.69,0.3,1.6,2.6,1.0,0.5,0.0,0.0,0.6,0.786,0.7,0.643,0.7,0.55,0.45,0.0,0.0,-13.41,-804.6,,
448,4066268,Duop Reath,PHO,C,FREEAGENT,0,ACTIVE,0.02,0,140.0,,0,,1.0,8.0,-19.56,,,-19.56,,0.01,0.53,-1.08,-1.96,-3.89,-2.24,-3.56,-0.87,-1.15,-3.19,-2.02,-0.13,2.9,1.2,0.3,0.2,0.2,0.7,0.2,0.446,2.3,0.83,0.2,1.03,0.16,1.72,0.0,-13.46,-807.6,80,2
449,5105553,Julian Phillips,HOU,SF,FREEAGENT,0,ACTIVE,0.09,0,140.0,343,0,52.0,1.0,10.1,-19.62,-19.62,,-20.09,,-0.06,-0.58,-1.08,-1.91,-3.82,-2.05,-3.5,-0.97,-1.4,-2.0,-2.02,-0.22,3.2,1.3,0.3,0.5,0.2,0.5,0.3,0.429,2.7,0.775,0.6,1.15,0.46,1.5,0.0,-13.52,-703.0,80,3
450,5289900,Mohamed Diawara,NYK,PF,FREEAGENT,0,ACTIVE,0.24,-0.01,139.9,337,0,69.0,1.0,9.2,-19.77,-19.77,,-19.66,,-0.04,-0.13,-1.08,-1.88,-3.68,-2.19,-3.42,-1.14,-1.19,-3.03,-1.79,-0.21,3.6,1.4,0.8,0.2,0.1,0.7,0.4,0.439,3.1,0.763,0.3,1.36,0.23,1.9,0.0,-13.67,-943.2,80,3
451,2968436,Joe Ingles,FA,SF,FREEAGENT,0,ACTIVE,0.09,0,140.0,375,0,,1.0,5.6,-19.86,,,-19.86,,0.04,0.25,-0.9,-2.14,-4.17,-2.29,-3.86,-1.18,-1.6,-2.58,-1.57,0.15,1.5,0.7,1.3,0.3,0.1,0.3,0.5,0.593,1.0,1.0,0.1,0.59,0.07,0.59,0.037,-13.76,-825.6,,
452,2489663,Kelly Olynyk,FA,C,FREEAGENT,0,ACTIVE,0.15,-0.01,140.0,408,0,,1.0,8.8,-19.93,,,-19.93,,-0.27,-0.82,-1.08,-1.71,-3.82,-1.92,-3.5,-1.19,-1.57,-2.47,-1.6,0.01,3.2,1.9,1.2,0.4,0.1,0.3,0.6,0.49,2.3,0.711,0.9,1.15,0.66,1.15,0.0,-13.83,-829.8,,
453,4431893,Jamison Battle,TOR,SF,FREEAGENT,0,DAY_TO_DAY,0.03,0,140.0,,0,,1.0,8.5,-19.97,,,-19.97,,-0.11,0.38,-1.08,-1.86,-3.78,-2.25,-3.52,-1.23,-1.29,-3.33,-1.98,0.08,3.1,1.5,0.4,0.1,0.0,0.6,0.3,0.51,2.4,0.643,0.2,1.21,0.15,1.39,0.0,-13.87,-832.2,80,3
454,4411057,Kevin McCullar Jr.,NYK,SF,FREEAGENT,0,DAY_TO_DAY,0.03,0,140.0,,0,,1.0,7.4,-20.39,,,-20.39,,-0.29,-0.26,-1.08,-1.9,-3.94,-2.28,-3.68,-1.32,-1.48,-2.25,-1.71,-0.2,2.4,1.3,1.0,0.4,0.0,0.4,0.6,0.425,2.2,0.399,0.2,0.95,0.1,1.14,0.0,-14.29,-857.4,80,3
455,2960236,Maxi Kleber,FA,PF,FREEAGENT,0,ACTIVE,0.05,0,140.0,376,0,,1.0,10.7,-20.52,,,-20.52,,-0.48,-0.53,-1.08,-1.67,-4.06,-2.13,-3.76,-0.86,-1.72,-2.28,-1.87,-0.09,2.0,2.0,0.6,0.4,0.3,0.1,0.4,0.452,1.7,0.539,0.6,0.77,0.33,0.6,0.0,-14.42,-865.2,,
456,4277957,Isaiah Livers,FA,PF,FREEAGENT,0,ACTIVE,0.01,0,140.0,,0,,1.0,9.7,-20.72,,,-20.72,,-0.06,-0.49,-1.08,-1.77,-4.16,-2.18,-3.8,-0.92,-1.53,-2.48,-1.89,-0.36,1.8,1.7,0.6,0.4,0.2,0.3,0.3,0.344,1.8,0.751,0.3,0.61,0.25,1.11,0.0,-14.62,-877.2,,
457,4702745,Amari Williams,BOS,C,FREEAGENT,0,ACTIVE,0.05,0,140.0,,0,,1.0,6.6,-20.73,,,-20.73,,-0.18,-0.0,-1.08,-1.72,-4.26,-2.05,-3.89,-0.5,-1.85,-3.26,-1.95,0.02,1.4,1.8,0.5,0.1,0.5,0.0,0.5,0.501,0.9,0.715,0.6,0.46,0.46,0.0,0.0,-14.63,-877.8,80,2
458,4684208,Brooks Barnhizer,OKC,SF,FREEAGENT,0,ACTIVE,0.04,0,140.0,,0,,1.0,8.7,-21.03,,,-21.03,,-0.08,-0.29,-1.08,-1.67,-4.12,-2.23,-3.82,-1.09,-1.68,-2.78,-1.9,-0.27,1.7,1.9,0.6,0.3,0.1,0.2,0.2,0.38,1.8,0.7,0.2,0.68,0.17,0.6,0.0,-14.93,-895.8,80,3
459,4845363,Cam Christie,LAC,SG,FREEAGENT,0,ACTIVE,0.02,0,140.0,,0,,1.0,8.7,-21.07,,,-21.07,,-0.13,-0.7,-1.08,-1.87,-3.94,-1.9,-3.58,-1.22,-1.64,-2.73,-1.9,-0.38,2.8,1.4,0.6,0.3,0.1,0.2,0.4,0.381,2.5,0.76,0.9,0.96,0.69,0.89,0.0,-14.97,-898.2,80,3
460,5060631,Adou Thiero,LAL,SF,FREEAGENT,0,ACTIVE,0.09,0,140.0,,0,,1.0,6.0,-21.13,,,-21.13,,-0.45,-0.03,-1.08,-1.98,-4.14,-1.98,-3.79,-1.17,-1.81,-2.76,-1.97,0.05,1.9,1.1,0.4,0.3,0.1,0.0,0.4,0.516,1.2,0.636,0.9,0.64,0.56,0.12,0.0,-15.03,-901.8,80,3
461,4576085,JD Davison,ORL,PG,FREEAGENT,0,ACTIVE,0.02,0,140.0,,0,,1.0,7.8,-21.29,,,-21.29,,-0.25,-0.86,-1.08,-1.95,-4.0,-2.05,-3.66,-0.93,-1.57,-2.99,-1.57,-0.37,2.5,1.2,1.2,0.2,0.2,0.3,0.2,0.375,2.3,0.683,0.7,0.86,0.46,1.14,0.0,-15.19,-911.4,80,3
462,4432190,Andre Jackson Jr.,FA,SG,FREEAGENT,0,ACTIVE,0.05,-0.01,140.0,355,0,,1.0,8.5,-21.41,,,-21.41,,-0.36,-0.95,-1.08,-1.84,-4.03,-2.08,-3.69,-1.17,-1.55,-2.36,-1.74,-0.57,2.4,1.5,0.9,0.4,0.1,0.3,0.6,0.328,2.5,0.625,0.7,0.81,0.42,1.25,0.0,-15.31,-918.6,,
463,3102533,Thanasis Antetokounmpo,FA,SF,FREEAGENT,0,ACTIVE,0.32,0,139.8,,0,,1.0,4.3,-21.48,,,-21.48,,-0.63,-0.28,-1.08,-2.07,-4.27,-2.02,-3.89,-1.0,-1.85,-2.41,-1.96,-0.02,1.4,0.9,0.4,0.4,0.2,0.0,0.3,0.469,0.9,0.567,0.9,0.44,0.5,0.12,0.0,-15.38,-922.8,,
464,4066317,Lindy Waters III,FA,SG,FREEAGENT,0,ACTIVE,0.02,0,140.0,,0,,1.0,7.2,-21.57,,,-21.57,,-0.03,-0.34,-1.08,-2.13,-4.02,-2.31,-3.68,-1.27,-1.19,-3.21,-1.94,-0.35,2.4,0.7,0.5,0.1,0.0,0.7,0.2,0.375,2.2,0.667,0.1,0.82,0.05,1.98,0.0,-15.47,-928.2,,
465,4702656,Alijah Martin,TOR,SG,FREEAGENT,0,ACTIVE,0.02,0,140.0,,0,,1.0,6.3,-21.62,,,-21.62,,-0.05,-1.03,-1.08,-2.06,-4.11,-1.93,-3.71,-1.0,-1.68,-2.53,-1.92,-0.52,2.2,0.9,0.5,0.3,0.2,0.2,0.3,0.32,2.2,0.789,0.8,0.7,0.65,0.91,0.0,-15.52,-931.2,80,3
466,5170947,AJ Johnson,NOP,SG,FREEAGENT,0,ACTIVE,0.06,0,140.0,,0,,1.0,9.5,-21.63,,,-21.63,,0.1,-1.19,-1.08,-1.97,-3.79,-1.89,-3.48,-1.21,-1.61,-2.94,-1.7,-0.86,3.3,1.1,1.0,0.2,0.1,0.2,0.6,0.324,3.7,0.85,0.8,1.19,0.71,1.19,0.0,-15.53,-931.8,80,3
467,4706557,Chris Youngblood,POR,SG,FREEAGENT,0,ACTIVE,0.15,0,139.9,,0,,1.0,5.5,-21.7,,,-21.7,,0.08,-0.36,-1.08,-2.09,-4.14,-2.17,-3.74,-1.16,-1.34,-3.32,-2.0,-0.37,2.1,0.8,0.4,0.1,0.1,0.5,0.1,0.349,1.9,0.901,0.3,0.65,0.27,1.59,0.0,-15.6,-936.0,80,2
468,4277964,Xavier Tillman,FA,PF,FREEAGENT,0,ACTIVE,0.05,0,140.0,365,0,,1.0,6.2,-21.79,,,-21.79,,-0.22,-0.77,-1.08,-1.87,-4.13,-2.32,-3.87,-1.02,-1.75,-2.69,-1.96,-0.11,1.5,1.4,0.4,0.3,0.2,0.1,0.3,0.435,1.5,0.248,0.1,0.67,0.03,0.6,0.0,-15.69,-941.4,,
469,6427,Bismack Biyombo,FA,C,FREEAGENT,0,ACTIVE,0.04,0,140.0,,0,,1.0,5.8,-21.87,,,-21.87,,-0.08,-0.0,-1.08,-2.01,-4.32,-2.21,-3.99,-1.17,-1.85,-3.18,-2.07,0.1,0.9,1.0,0.2,0.2,0.1,0.0,0.3,0.6,0.6,0.714,0.3,0.36,0.2,0.0,0.0,-15.77,-946.2,,
470,4433569,Johni Broome,MIL,PF,FREEAGENT,0,ACTIVE,0.11,0,140.0,347,0,33.0,1.0,8.3,-22.0,-22.0,,,,-0.91,-1.84,-1.08,-1.51,-3.78,-2.07,-3.58,-0.77,-1.85,-1.95,-1.88,-0.78,2.8,2.4,0.6,0.5,0.3,0.0,0.5,0.336,3.6,0.466,0.9,1.21,0.42,0.79,0.0,-15.9,-524.7,80,3
471,5211983,Pacome Dadiet,NYK,SF,FREEAGENT,0,ACTIVE,0.18,-0.01,140.0,344,0,58.0,1.0,9.0,-22.17,-22.17,,-22.94,,-0.01,-1.84,-1.08,-1.76,-3.89,-1.98,-3.53,-1.13,-1.41,-3.02,-1.83,-0.68,3.1,1.7,0.7,0.2,0.1,0.4,0.2,0.333,3.1,0.805,0.7,1.03,0.57,2.0,0.0,-16.07,-932.1,80,3
472,4700852,Chaz Lanier,DET,SG,FREEAGENT,0,ACTIVE,0.04,0,140.0,,0,,1.0,7.8,-22.46,,,-22.46,,0.01,-1.07,-1.08,-2.15,-4.03,-2.25,-3.69,-1.32,-1.31,-3.02,-1.93,-0.65,2.4,0.7,0.5,0.2,0.0,0.6,0.1,0.315,2.6,0.835,0.2,0.82,0.15,1.97,0.0,-16.36,-981.6,80,3
473,3209,Jeff Green,FA,PF,FREEAGENT,0,ACTIVE,0.04,0,140.0,379,0,,1.0,5.9,-22.53,,,-22.53,,0.09,-0.9,-1.08,-2.09,-4.02,-2.23,-3.71,-1.2,-1.46,-3.5,-2.04,-0.39,2.2,0.8,0.3,0.1,0.1,0.4,0.1,0.367,2.3,1.0,0.2,0.83,0.17,1.47,0.0,-16.43,-985.8,,
474,3059409,Nigel Hayes-Davis,FA,SF,FREEAGENT,0,ACTIVE,0.07,0,140.0,385,0,,1.0,7.2,-22.59,,,-22.59,,-0.13,-0.92,-1.08,-1.94,-4.2,-2.29,-3.92,-1.18,-1.78,-2.71,-2.04,-0.39,1.3,1.2,0.3,0.3,0.1,0.1,0.3,0.326,1.7,0.5,0.1,0.56,0.07,0.59,0.0,-16.49,-989.4,,
475,4023,Garrett Temple,TOR,SG,FREEAGENT,0,ACTIVE,0.06,0,140.0,386,0,,1.0,3.3,-22.7,,,-22.7,,-0.17,-0.41,-1.08,-2.25,-4.43,-2.17,-4.02,-1.15,-1.72,-3.1,-1.97,-0.21,0.8,0.4,0.4,0.2,0.1,0.1,0.3,0.267,0.7,0.667,0.4,0.18,0.27,0.55,0.0,-16.6,-996.0,80,3
476,4395620,Hunter Tyson,FA,SF,FREEAGENT,0,ACTIVE,0.03,0,140.0,387,0,,1.0,7.7,-22.91,,,-22.91,,0.07,-1.56,-1.08,-1.76,-4.13,-2.01,-3.72,-1.23,-1.53,-3.4,-1.78,-0.77,2.2,1.7,0.8,0.1,0.0,0.3,0.2,0.269,2.5,0.847,0.6,0.67,0.52,1.57,0.0,-16.81,-1008.6,,
477,5242496,Noa Essengue,CHI,PF,FREEAGENT,0,ACTIVE,0.26,0,140.0,335,0,64.0,1.0,7.9,-23.55,-23.55,,,,0.0,-6.06,-1.08,-2.4,-3.42,-2.34,-3.43,-1.32,-1.85,0.75,-2.16,-0.24,3.6,0.0,0.0,1.3,0.0,0.0,0.0,0.445,4.0,,0.0,1.78,0.0,2.59,0.0,-17.45,-1116.8,80,3
